18.4782,16.8504,1.34953,0.927295,0.0164288,-0.00401523,0.00164139,0.666008,844.693,3321.6,-141.134,3430.37,0.0169458,-3.41719,0.000286188,0.0849625,
18.4779,16.8504,1.35252,0.930956,0.152018,-0.0436457,0.0157421,0.666014,167.449,479.86,-16.5473,508.536,0.158826,-2.83079,7.89232,0.794744,
18.4777,16.8504,1.35551,0.932343,0.175161,-0.0521327,0.0184247,0.666021,87.2898,222.734,-6.89149,239.335,0.183682,-2.62922,19.7731,0.918444,
18.4774,16.8504,1.35851,0.93332,0.189353,-0.0578307,0.0201995,0.666028,68.1935,163.13,-4.71757,176.877,0.19912,-2.48831,29.5067,0.995118,
18.4772,16.8504,1.3615,0.934158,0.200537,-0.0625604,0.0216753,0.666037,58.8773,134.795,-3.7706,147.143,0.211388,-2.36789,37.8495,1.05596,
18.4769,16.8504,1.36449,0.934925,0.210039,-0.0667378,0.0229957,0.666048,53.3107,118.429,-3.20425,129.916,0.221889,-2.25794,44.92,1.10797,
18.4767,16.8504,1.36748,0.93564,0.218523,-0.070562,0.0242021,0.666057,49.4683,107.324,-2.83181,118.211,0.23131,-2.1554,51.053,1.15457,
18.4764,16.8504,1.37048,0.93632,0.226321,-0.0741459,0.0253273,0.666065,46.578,99.1361,-2.56624,109.563,0.24,-2.05794,56.4271,1.19753,
18.4762,16.8504,1.37347,0.936991,0.233489,-0.0775075,0.026416,0.666076,44.3464,93.1086,-2.3801,103.158,0.248037,-1.96226,60.7425,1.23719,
18.4759,16.8504,1.37646,0.937657,0.240292,-0.0807303,0.0274795,0.666088,42.4205,88.0337,-2.22807,97.747,0.255693,-1.8677,64.3822,1.27493,
18.4757,16.8504,1.37945,0.938289,0.246797,-0.0838442,0.0284712,0.666096,40.792,83.7625,-2.10423,93.1912,0.263017,-1.77752,67.7122,1.31103,
18.4754,16.8504,1.38245,0.938937,0.252884,-0.0867878,0.0294703,0.666111,39.3683,80.252,-2.00812,89.411,0.269917,-1.68583,69.9362,1.34495,
18.4752,16.8504,1.38544,0.939556,0.258853,-0.0896929,0.0304107,0.666119,38.0711,77.0314,-1.92182,85.9474,0.276675,-1.59785,72.1474,1.3782,
18.4749,16.8504,1.38843,0.940195,0.264467,-0.0924376,0.0313667,0.666136,36.8678,74.2201,-1.8508,82.8933,0.283072,-1.50781,73.2779,1.40958,
18.4747,16.8504,1.39142,0.940802,0.269942,-0.0951385,0.032258,0.666145,35.7853,71.6961,-1.78942,80.1508,0.289306,-1.42175,74.3194,1.44018,
18.4744,16.8504,1.39441,0.941417,0.275292,-0.0977771,0.0331545,0.666158,34.7052,69.2333,-1.7308,77.4642,0.29541,-1.33499,74.9421,1.47011,
18.4741,16.8504,1.39741,0.942034,0.280295,-0.100256,0.0340319,0.666175,33.6814,67.0288,-1.68233,75.0342,0.301148,-1.2485,74.5505,1.49817,
18.4739,16.8504,1.4004,0.942631,0.285297,-0.102748,0.0348734,0.666185,32.7114,64.9213,-1.63663,72.7152,0.306874,-1.16435,74.3069,1.5262,
18.4736,16.8504,1.40339,0.943234,0.290157,-0.105165,0.0357146,0.666199,31.6935,62.7658,-1.59074,70.3318,0.31245,-1.08004,73.6279,1.55346,
18.4734,16.8504,1.40638,0.943842,0.294638,-0.10739,0.0365363,0.66622,30.5937,60.5703,-1.54681,67.8759,0.317619,-0.996388,71.8464,1.57864,
18.4731,16.8504,1.40938,0.944427,0.299148,-0.109648,0.0373211,0.666232,29.5963,58.5603,-1.50784,65.6318,0.322811,-0.914942,70.2772,1.60398,
18.4729,16.8504,1.41237,0.945012,0.303658,-0.111907,0.0381058,0.666244,28.5988,56.5503,-1.46888,63.3877,0.328003,-0.833496,68.7079,1.62931,
18.4726,16.8504,1.41536,0.945601,0.307675,-0.113893,0.0388621,0.666267,27.1715,53.7673,-1.41032,60.2597,0.332651,-0.75514,66.0269,1.65189,
18.4724,16.8504,1.41835,0.946177,0.311522,-0.1158,0.0395856,0.666289,25.6777,50.8969,-1.35187,57.0238,0.337108,-0.678808,62.9542,1.67353,
18.4721,16.8504,1.42135,0.946743,0.31543,-0.117751,0.0402949,0.666305,24.2996,48.2593,-1.30113,54.0477,0.341631,-0.602833,60.0117,1.6955,
18.4719,16.8504,1.42434,0.947309,0.319337,-0.119702,0.0410042,0.666321,22.9214,45.6216,-1.25038,51.0716,0.346154,-0.526858,57.0692,1.71748,
18.4716,16.8504,1.42733,0.947835,0.322741,-0.121382,0.0416547,0.66634,21.3455,42.5628,-1.18099,47.6301,0.3501,-0.458741,53.7951,1.73661,
18.4714,16.8504,1.43032,0.948288,0.325215,-0.122565,0.0421952,0.666366,19.4032,38.7259,-1.0775,43.3286,0.352985,-0.405132,49.8981,1.75051,
18.4711,16.8504,1.43332,0.948762,0.328037,-0.123944,0.0427502,0.666381,17.5687,35.1531,-0.991483,39.3118,0.356267,-0.346473,46.0281,1.76637,
18.4709,16.8504,1.43631,0.949235,0.330859,-0.125324,0.0433053,0.666396,15.7342,31.5804,-0.905462,35.2949,0.359548,-0.287814,42.1582,1.78222,
18.4706,16.8504,1.4393,0.949709,0.33368,-0.126703,0.0438604,0.666411,13.8997,28.0076,-0.819441,31.278,0.36283,-0.229154,38.2882,1.79807,
18.4704,16.8504,1.44229,0.950135,0.336162,-0.127911,0.0443676,0.666427,12.1637,24.6082,-0.734278,27.4602,0.365719,-0.177168,34.6113,1.81202,
18.4701,16.8504,1.44529,0.950327,0.336957,-0.128265,0.0446375,0.666452,10.9168,22.0694,-0.653371,24.6305,0.366654,-0.158307,31.8932,1.8165,
18.4699,16.8504,1.44828,0.950544,0.337985,-0.128741,0.0449276,0.666468,9.56818,19.3503,-0.571725,21.5943,0.367861,-0.135175,28.9386,1.82229,
18.4696,16.8504,1.45127,0.950776,0.339138,-0.129282,0.0452285,0.666479,8.16608,16.5364,-0.489688,18.4494,0.369212,-0.109795,25.8596,1.82877,
18.4694,16.8504,1.45426,0.951008,0.34029,-0.129823,0.0455293,0.66649,6.76397,13.7225,-0.407652,15.3045,0.370562,-0.084415,22.7805,1.83525,
18.4691,16.8504,1.45726,0.95124,0.341442,-0.130364,0.0458301,0.666501,5.36187,10.9086,-0.325616,12.1596,0.371912,-0.0590348,19.7014,1.84174,
18.4689,16.8504,1.46025,0.951472,0.342595,-0.130905,0.0461309,0.666512,3.95977,8.09473,-0.243579,9.01466,0.373262,-0.0336546,16.6224,1.84822,
18.4686,16.8504,1.46324,0.951527,0.342651,-0.130909,0.0462677,0.666543,3.57243,7.28972,-0.217483,8.121,0.373337,-0.0305575,15.6364,1.84858,
18.4683,16.8504,1.46623,0.951575,0.342677,-0.1309,0.0463971,0.666573,3.20497,6.52425,-0.192591,7.27162,0.373375,-0.0281991,14.6766,1.84876,
18.4681,16.8504,1.46922,0.951626,0.34279,-0.130938,0.0465279,0.666592,2.72268,5.53228,-0.16181,6.16823,0.373516,-0.0245418,13.4201,1.84944,
18.4678,16.8504,1.47222,0.951676,0.342903,-0.130976,0.0466588,0.66661,2.24039,4.54031,-0.131029,5.06485,0.373657,-0.0208846,12.1636,1.85011,
18.4676,16.8504,1.47521,0.951727,0.343016,-0.131014,0.0467897,0.666629,1.7581,3.54835,-0.100247,3.96147,0.373798,-0.0172274,10.9072,1.85078,
18.4673,16.8504,1.4782,0.951778,0.34313,-0.131052,0.0469206,0.666648,1.27581,2.55638,-0.0694662,2.85809,0.373938,-0.0135701,9.65069,1.85146,
18.4671,16.8504,1.48119,0.951829,0.343243,-0.13109,0.0470514,0.666667,0.793523,1.56442,-0.038685,1.75471,0.374079,-0.0099129,8.39422,1.85213,
18.4668,16.8504,1.48419,0.95187,0.34327,-0.131085,0.0471718,0.666693,0.548109,1.05841,-0.0233014,1.19217,0.374118,-0.00775385,7.90086,1.85232,
18.4666,16.8504,1.48718,0.9519,0.34321,-0.131035,0.0472817,0.666726,0.539093,1.03737,-0.0232843,1.16939,0.374056,-0.00708996,8.16906,1.85203,
18.4663,16.8504,1.49017,0.951925,0.343156,-0.130991,0.0473861,0.666754,0.51643,0.988283,-0.0223792,1.11542,0.374,-0.0065959,8.37557,1.85177,
18.4661,16.8504,1.49316,0.951943,0.343106,-0.130952,0.0474847,0.666777,0.479144,0.909134,-0.0205226,1.02804,0.37395,-0.00628381,8.51598,1.85154,
18.4658,16.8504,1.49616,0.951961,0.343057,-0.130913,0.0475834,0.6668,0.441858,0.829984,-0.018666,0.940665,0.3739,-0.00597172,8.65638,1.8513,
18.4656,16.8504,1.49915,0.951979,0.343008,-0.130874,0.047682,0.666822,0.404572,0.750835,-0.0168094,0.853288,0.37385,-0.00565963,8.79679,1.85107,
18.4653,16.8504,1.50214,0.951997,0.342959,-0.130835,0.0477806,0.666845,0.367286,0.671686,-0.0149528,0.765911,0.3738,-0.00534754,8.93719,1.85083,
18.4651,16.8504,1.50513,0.952016,0.34291,-0.130796,0.0478792,0.666868,0.33,0.592537,-0.0130962,0.678535,0.37375,-0.00503544,9.0776,1.8506,
18.4648,16.8504,1.50813,0.952034,0.34286,-0.130757,0.0479778,0.66689,0.292714,0.513387,-0.0112396,0.591158,0.373699,-0.00472335,9.21801,1.85036,
18.4646,16.8504,1.51112,0.952065,0.342823,-0.13072,0.0480822,0.666918,0.273943,0.471426,-0.0104063,0.545373,0.373663,-0.00387678,9.55894,1.85019,
18.4643,16.8504,1.51411,0.952107,0.342794,-0.130685,0.0481912,0.66695,0.269922,0.459089,-0.0103882,0.53272,0.373638,-0.00260444,10.0596,1.85007,
18.4641,16.8504,1.5171,0.952146,0.342769,-0.130653,0.048298,0.666979,0.267227,0.449609,-0.0104725,0.523205,0.373617,-0.00138826,10.5536,1.84997,
18.4638,16.8504,1.5201,0.952177,0.342754,-0.130629,0.0483991,0.667002,0.268007,0.447614,-0.0108252,0.521911,0.373608,-0.000319244,11.0301,1.84993,
18.4636,16.8504,1.52309,0.952208,0.342739,-0.130606,0.0485002,0.667024,0.268788,0.445619,-0.0111778,0.520618,0.373598,0.00074977,11.5065,1.84988,
18.4633,16.8504,1.52608,0.952239,0.342724,-0.130583,0.0486013,0.667047,0.269569,0.443624,-0.0115304,0.519325,0.373589,0.00181878,11.983,1.84984,
18.4631,16.8504,1.52907,0.952269,0.342709,-0.130559,0.0487024,0.667069,0.270349,0.441629,-0.0118831,0.518032,0.37358,0.0028878,12.4595,1.84979,
18.4628,16.8504,1.53207,0.9523,0.342694,-0.130536,0.0488036,0.667092,0.27113,0.439634,-0.0122357,0.516738,0.37357,0.00395681,12.9359,1.84975,
18.4626,16.8504,1.53506,0.952331,0.342679,-0.130513,0.0489047,0.667115,0.271911,0.437639,-0.0125883,0.515445,0.373561,0.00502582,13.4124,1.8497,
18.4623,16.8504,1.53805,0.952362,0.342664,-0.130489,0.0490058,0.667137,0.272691,0.435644,-0.012941,0.514152,0.373551,0.00609484,13.8889,1.84966,
18.462,16.8504,1.54104,0.952393,0.342649,-0.130466,0.0491069,0.66716,0.273472,0.433649,-0.0132936,0.512859,0.373542,0.00716385,14.3654,1.84961,
18.4618,16.8504,1.54403,0.952433,0.342587,-0.130418,0.0492035,0.66719,0.24811,0.367765,-0.0109479,0.52056,0.373481,0.00763545,14.9311,1.84931,
18.4615,16.8504,1.54703,0.952476,0.342516,-0.130366,0.0492992,0.667221,0.217223,0.288378,-0.00803194,0.530163,0.373408,0.00798079,15.5157,1.84895,
18.4613,16.8504,1.55002,0.952516,0.342451,-0.130318,0.0493938,0.667249,0.187185,0.21113,-0.00524068,0.536474,0.373344,0.00834157,16.0966,1.84863,
18.461,16.8504,1.55301,0.95255,0.342402,-0.130279,0.0494862,0.667272,0.159001,0.138558,-0.00272193,0.535594,0.373296,0.00873608,16.6694,1.84839,
18.4608,16.8504,1.556,0.952585,0.342352,-0.130241,0.0495787,0.667296,0.130817,0.0659859,-0.000203176,0.534714,0.373248,0.0091306,17.2422,1.84816,
18.4605,16.8504,1.559,0.95262,0.342302,-0.130202,0.0496711,0.667319,0.102633,-0.00658626,0.00231557,0.533834,0.373201,0.00952511,17.815,1.84792,
18.4603,16.8504,1.56199,0.952654,0.342252,-0.130164,0.0497635,0.667342,0.0744496,-0.0791585,0.00483432,0.532954,0.373153,0.00991963,18.3878,1.84768,
18.46,16.8504,1.56498,0.952689,0.342202,-0.130126,0.0498559,0.667366,0.0462657,-0.151731,0.00735307,0.532074,0.373105,0.0103141,18.9607,1.84745,
18.4598,16.8504,1.56797,0.952724,0.342152,-0.130087,0.0499483,0.667389,0.0180819,-0.224303,0.00987182,0.531194,0.373058,0.0107087,19.5335,1.84721,
18.4595,16.8504,1.57097,0.952758,0.342102,-0.130049,0.0500407,0.667412,-0.0101019,-0.296875,0.0123906,0.530314,0.37301,0.0111032,20.1063,1.84697,
18.4593,16.8504,1.57396,0.952793,0.342052,-0.130011,0.0501331,0.667436,-0.0382857,-0.369447,0.0149093,0.529434,0.372963,0.0114977,20.6791,1.84674,
18.459,16.8504,1.57695,0.952828,0.342002,-0.129972,0.0502256,0.667459,-0.0664696,-0.442019,0.0174281,0.528554,0.372915,0.0118922,21.2519,1.8465,
18.4588,16.8504,1.57994,0.952862,0.341953,-0.129934,0.050318,0.667482,-0.0946534,-0.514592,0.0199468,0.527674,0.372867,0.0122867,21.8248,1.84626,
18.4585,16.8504,1.58294,0.952892,0.341784,-0.129845,0.0503916,0.667512,-0.135602,-0.608307,0.0232013,0.625374,0.372687,0.0105521,22.4519,1.84538,
18.4583,16.8504,1.58593,0.952921,0.341609,-0.129754,0.0504642,0.667542,-0.177248,-0.703177,0.0264959,0.728454,0.372499,0.00870118,23.0821,1.84446,
18.458,16.8504,1.58892,0.952948,0.341441,-0.129667,0.0505368,0.667571,-0.218732,-0.79788,0.0297694,0.831283,0.372318,0.00689479,23.7101,1.84358,
18.4578,16.8504,1.59191,0.952972,0.341288,-0.129589,0.0506093,0.667595,-0.259846,-0.892202,0.032995,0.933538,0.372155,0.0051898,24.3334,1.84278,
18.4575,16.8504,1.59491,0.952996,0.341134,-0.12951,0.0506818,0.667619,-0.30096,-0.986523,0.0362206,1.03579,0.371992,0.00348482,24.9567,1.84198,
18.4573,16.8504,1.5979,0.95302,0.340981,-0.129432,0.0507543,0.667643,-0.342075,-1.08084,0.0394462,1.13805,0.371829,0.00177983,25.58,1.84119,
18.457,16.8504,1.60089,0.953044,0.340828,-0.129354,0.0508269,0.667667,-0.383189,-1.17517,0.0426717,1.2403,0.371665,7.48432e-05,26.2033,1.84039,
18.4568,16.8504,1.60388,0.953068,0.340674,-0.129275,0.0508994,0.667691,-0.424303,-1.26949,0.0458973,1.34256,0.371502,-0.00163014,26.8266,1.83959,
18.4565,16.8504,1.60688,0.953092,0.340521,-0.129197,0.0509719,0.667715,-0.465418,-1.36381,0.0491229,1.44481,0.371339,-0.00333513,27.4499,1.83879,
18.4562,16.8504,1.60987,0.953116,0.340367,-0.129119,0.0510444,0.66774,-0.506532,-1.45813,0.0523485,1.54707,0.371176,-0.00504012,28.0733,1.83799,
18.456,16.8504,1.61286,0.95314,0.340214,-0.129041,0.0511169,0.667764,-0.547647,-1.55245,0.0555741,1.64932,0.371012,-0.0067451,28.6966,1.8372,
18.4557,16.8504,1.61585,0.953165,0.340061,-0.128962,0.0511894,0.667788,-0.588761,-1.64677,0.0587996,1.75158,0.370849,-0.00845009,29.3199,1.8364,
18.4555,16.8504,1.61884,0.953189,0.339907,-0.128884,0.0512619,0.667812,-0.629875,-1.74109,0.0620252,1.85383,0.370686,-0.0101551,29.9432,1.8356,
18.4552,16.8504,1.62184,0.953212,0.339754,-0.128806,0.0513344,0.667836,-0.67099,-1.83542,0.0652508,1.95609,0.370523,-0.0118601,30.5665,1.8348,
18.455,16.8504,1.62483,0.953237,0.3396,-0.128727,0.0514069,0.66786,-0.712104,-1.92974,0.0684764,2.05834,0.37036,-0.013565,31.1898,1.834,
18.4547,16.8504,1.62782,0.953251,0.339381,-0.128616,0.0514667,0.667887,-0.755651,-2.00756,0.0701675,2.14683,0.370119,-0.016554,31.8014,1.83283,
18.4545,16.8504,1.63081,0.953257,0.339094,-0.128472,0.0515134,0.667916,-0.801687,-2.0685,0.0702883,2.22124,0.3698,-0.020857,32.4012,1.83129,
18.4542,16.8504,1.63381,0.953262,0.338806,-0.128327,0.0515601,0.667945,-0.847723,-2.12944,0.0704091,2.29565,0.36948,-0.02516,33.001,1.82974,
18.454,16.8504,1.6368,0.953265,0.338535,-0.128193,0.0516085,0.66797,-0.893505,-2.19283,0.0708683,2.37214,0.369179,-0.0293336,33.6002,1.82828,
18.4537,16.8504,1.63979,0.953267,0.338263,-0.128059,0.0516569,0.667994,-0.939275,-2.25633,0.0713416,2.44872,0.368879,-0.0335019,34.1994,1.82682,
18.4535,16.8504,1.64278,0.95327,0.337992,-0.127925,0.0517054,0.668018,-0.985046,-2.31983,0.071815,2.5253,0.368579,-0.0376701,34.7986,1.82537,
18.4532,16.8504,1.64578,0.953272,0.337721,-0.127791,0.0517538,0.668043,-1.03082,-2.38333,0.0722883,2.60187,0.368279,-0.0418383,35.3978,1.82391,
18.453,16.8504,1.64877,0.953274,0.33745,-0.127657,0.0518023,0.668067,-1.07659,-2.44683,0.0727616,2.67845,0.367978,-0.0460066,35.997,1.82246,
18.4527,16.8504,1.65176,0.953277,0.337179,-0.127523,0.0518507,0.668092,-1.12236,-2.51033,0.073235,2.75503,0.367678,-0.0501748,36.5962,1.821,
18.4525,16.8504,1.65475,0.953279,0.336908,-0.127389,0.0518991,0.668116,-1.16813,-2.57383,0.0737083,2.83161,0.367378,-0.054343,37.1954,1.81954,
18.4522,16.8504,1.65775,0.953282,0.336636,-0.127255,0.0519476,0.668141,-1.2139,-2.63733,0.0741816,2.90818,0.367078,-0.0585113,37.7946,1.81809,
18.452,16.8504,1.66074,0.953284,0.336365,-0.127121,0.051996,0.668165,-1.25967,-2.70083,0.0746549,2.98476,0.366778,-0.0626795,38.3938,1.81663,
18.4517,16.8504,1.66373,0.953287,0.336094,-0.126987,0.0520445,0.668189,-1.30544,-2.76433,0.0751283,3.06134,0.366478,-0.0668477,38.993,1.81518,
18.4515,16.8504,1.66672,0.953289,0.335823,-0.126853,0.0520929,0.668214,-1.35121,-2.82782,0.0756016,3.13791,0.366177,-0.071016,39.5922,1.81372,
18.4512,16.8504,1.66972,0.953291,0.335552,-0.126719,0.0521413,0.668238,-1.39698,-2.89132,0.0760749,3.21449,0.365877,-0.0751842,40.1914,1.81227,
18.451,16.8504,1.67271,0.953294,0.335281,-0.126585,0.0521898,0.668263,-1.44275,-2.95482,0.0765483,3.29107,0.365577,-0.0793524,40.7906,1.81081,
18.4507,16.8504,1.6757,0.953296,0.335009,-0.126451,0.0522382,0.668287,-1.48852,-3.01832,0.0770216,3.36764,0.365277,-0.0835207,41.3898,1.80936,
18.4504,16.8504,1.67869,0.953299,0.334738,-0.126317,0.0522867,0.668312,-1.5343,-3.08182,0.0774949,3.44422,0.364977,-0.0876889,41.989,1.8079,
18.4502,16.8504,1.68169,0.953301,0.334467,-0.126183,0.0523351,0.668336,-1.58007,-3.14532,0.0779682,3.5208,0.364677,-0.0918571,42.5882,1.80644,
18.4499,16.8504,1.68468,0.953279,0.334127,-0.125973,0.0523621,0.668363,-1.62432,-3.1426,0.0725581,3.54313,0.364278,-0.0975781,43.0578,1.80452,
18.4497,16.8504,1.68767,0.953255,0.333783,-0.125759,0.0523881,0.66839,-1.6685,-3.13651,0.0668686,3.56269,0.363874,-0.10338,43.5208,1.80258,
18.4494,16.8504,1.69066,0.953229,0.333447,-0.125554,0.0524162,0.668414,-1.71267,-3.13355,0.061722,3.58453,0.363481,-0.109134,43.9884,1.80069,
18.4492,16.8504,1.69365,0.953203,0.333111,-0.125349,0.0524443,0.668438,-1.75685,-3.1306,0.0565753,3.60636,0.363087,-0.114888,44.4561,1.7988,
18.4489,16.8504,1.69665,0.953177,0.332774,-0.125143,0.0524724,0.668463,-1.80103,-3.12765,0.0514287,3.6282,0.362694,-0.120642,44.9238,1.7969,
18.4487,16.8504,1.69964,0.953151,0.332438,-0.124938,0.0525005,0.668487,-1.8452,-3.12469,0.046282,3.65003,0.362301,-0.126396,45.3914,1.79501,
18.4484,16.8504,1.70263,0.953125,0.332102,-0.124732,0.0525286,0.668511,-1.88938,-3.12174,0.0411354,3.67187,0.361907,-0.13215,45.8591,1.79312,
18.4482,16.8504,1.70562,0.9531,0.331766,-0.124527,0.0525567,0.668535,-1.93356,-3.11878,0.0359887,3.6937,0.361514,-0.137904,46.3267,1.79123,
18.4479,16.8504,1.70862,0.953074,0.331429,-0.124322,0.0525847,0.668559,-1.97773,-3.11583,0.0308421,3.71554,0.36112,-0.143659,46.7944,1.78933,
18.4477,16.8504,1.71161,0.953048,0.331093,-0.124116,0.0526128,0.668583,-2.02191,-3.11288,0.0256954,3.73737,0.360727,-0.149413,47.2621,1.78744,
18.4474,16.8504,1.7146,0.953022,0.330757,-0.123911,0.0526409,0.668607,-2.06609,-3.10992,0.0205488,3.75921,0.360334,-0.155167,47.7297,1.78555,
18.4472,16.8504,1.71759,0.952996,0.330421,-0.123705,0.052669,0.668631,-2.11026,-3.10697,0.0154022,3.78104,0.35994,-0.160921,48.1974,1.78365,
18.4469,16.8504,1.72059,0.95297,0.330084,-0.1235,0.0526971,0.668655,-2.15444,-3.10401,0.0102555,3.80288,0.359547,-0.166675,48.665,1.78176,
18.4467,16.8504,1.72358,0.952945,0.329748,-0.123295,0.0527252,0.668679,-2.19862,-3.10106,0.00510887,3.82472,0.359154,-0.172429,49.1327,1.77987,
18.4464,16.8504,1.72657,0.952919,0.329412,-0.123089,0.0527533,0.668703,-2.24279,-3.09811,-3.77772e-05,3.84655,0.35876,-0.178183,49.6004,1.77797,
18.4462,16.8504,1.72956,0.952893,0.329076,-0.122884,0.0527814,0.668727,-2.28697,-3.09515,-0.00518442,3.86839,0.358367,-0.183937,50.068,1.77608,
18.4459,16.8504,1.73256,0.952867,0.328739,-0.122678,0.0528095,0.668751,-2.33115,-3.0922,-0.0103311,3.89022,0.357973,-0.189691,50.5357,1.77419,
18.4457,16.8504,1.73555,0.952841,0.328403,-0.122473,0.0528376,0.668775,-2.37533,-3.08925,-0.0154777,3.91206,0.35758,-0.195445,51.0033,1.7723,
18.4454,16.8504,1.73854,0.952815,0.328067,-0.122268,0.0528657,0.668799,-2.4195,-3.08629,-0.0206244,3.93389,0.357187,-0.201199,51.471,1.7704,
18.4452,16.8504,1.74153,0.95279,0.327731,-0.122062,0.0528938,0.668823,-2.46368,-3.08334,-0.025771,3.95573,0.356793,-0.206954,51.9387,1.76851,
18.4449,16.8504,1.74453,0.952764,0.327394,-0.121857,0.0529218,0.668847,-2.50786,-3.08038,-0.0309176,3.97756,0.3564,-0.212708,52.4063,1.76662,
18.4446,16.8504,1.74752,0.952738,0.327058,-0.121651,0.0529502,0.668871,-2.55204,-3.07743,-0.0360685,3.9994,0.356007,-0.218463,52.874,1.76472,
18.4444,16.8504,1.75051,0.952709,0.326767,-0.121393,0.0529756,0.668895,-2.58176,-3.03986,-0.0433136,3.99566,0.355638,-0.223688,53.1811,1.76295,
18.4441,16.8504,1.7535,0.95268,0.326497,-0.12111,0.0529991,0.668918,-2.60487,-2.98645,-0.0515343,3.98025,0.355281,-0.228667,53.4145,1.76124,
18.4439,16.8504,1.7565,0.952651,0.326227,-0.120827,0.0530226,0.668941,-2.62799,-2.93303,-0.0597551,3.96485,0.354923,-0.233646,53.6478,1.75952,
18.4436,16.8504,1.75949,0.952621,0.325957,-0.120544,0.0530461,0.668965,-2.65111,-2.87962,-0.0679758,3.94945,0.354566,-0.238625,53.8812,1.75781,
18.4434,16.8504,1.76248,0.952592,0.325686,-0.120261,0.0530695,0.668988,-2.67422,-2.8262,-0.0761965,3.93405,0.354209,-0.243604,54.1146,1.75609,
18.4431,16.8504,1.76547,0.952563,0.325416,-0.119978,0.053093,0.669011,-2.69734,-2.77279,-0.0844173,3.91864,0.353851,-0.248583,54.3479,1.75438,
18.4429,16.8504,1.76846,0.952533,0.325146,-0.119694,0.0531165,0.669034,-2.72045,-2.71937,-0.092638,3.90324,0.353494,-0.253562,54.5813,1.75266,
18.4426,16.8504,1.77146,0.952504,0.324875,-0.119411,0.05314,0.669058,-2.74357,-2.66596,-0.100859,3.88784,0.353136,-0.258541,54.8147,1.75095,
18.4424,16.8504,1.77445,0.952475,0.324605,-0.119128,0.0531635,0.669081,-2.76668,-2.61254,-0.109079,3.87243,0.352779,-0.263519,55.048,1.74923,
18.4421,16.8504,1.77744,0.952445,0.324335,-0.118845,0.053187,0.669104,-2.7898,-2.55913,-0.1173,3.85703,0.352421,-0.268498,55.2814,1.74751,
18.4419,16.8504,1.78043,0.952416,0.324065,-0.118562,0.0532105,0.669128,-2.81291,-2.50571,-0.125521,3.84163,0.352064,-0.273477,55.5148,1.7458,
18.4416,16.8504,1.78343,0.952386,0.323794,-0.118279,0.053234,0.669151,-2.83603,-2.4523,-0.133742,3.82623,0.351707,-0.278456,55.7481,1.74408,
18.4414,16.8504,1.78642,0.952357,0.323524,-0.117996,0.0532575,0.669174,-2.85915,-2.39888,-0.141962,3.81082,0.351349,-0.283435,55.9815,1.74237,
18.4411,16.8504,1.78941,0.952328,0.323254,-0.117713,0.053281,0.669197,-2.88226,-2.34547,-0.150183,3.79542,0.350992,-0.288414,56.2149,1.74065,
18.4409,16.8504,1.7924,0.952298,0.322984,-0.11743,0.0533045,0.669221,-2.90538,-2.29205,-0.158404,3.78002,0.350634,-0.293393,56.4482,1.73894,
18.4406,16.8504,1.7954,0.952269,0.322713,-0.117147,0.053328,0.669244,-2.92849,-2.23864,-0.166625,3.76461,0.350277,-0.298372,56.6816,1.73722,
18.4404,16.8504,1.79839,0.95224,0.322443,-0.116864,0.0533515,0.669267,-2.95161,-2.18522,-0.174845,3.74921,0.34992,-0.303351,56.915,1.73551,
18.4401,16.8504,1.80138,0.95221,0.322173,-0.116581,0.053375,0.669291,-2.97472,-2.13181,-0.183066,3.73381,0.349562,-0.30833,57.1483,1.73379,
18.4399,16.8504,1.80437,0.952181,0.321903,-0.116298,0.0533985,0.669314,-2.99784,-2.07839,-0.191287,3.71841,0.349205,-0.313309,57.3817,1.73208,
18.4396,16.8504,1.80737,0.952152,0.321632,-0.116015,0.053422,0.669337,-3.02096,-2.02498,-0.199508,3.703,0.348847,-0.318288,57.6151,1.73036,
18.4394,16.8504,1.81036,0.952122,0.321362,-0.115732,0.0534454,0.669361,-3.04407,-1.97156,-0.207728,3.6876,0.34849,-0.323267,57.8484,1.72865,
18.4391,16.8504,1.81335,0.952093,0.321092,-0.115449,0.0534689,0.669384,-3.06719,-1.91815,-0.215949,3.6722,0.348132,-0.328246,58.0818,1.72693,
18.4389,16.8504,1.81634,0.952064,0.320822,-0.115166,0.0534924,0.669407,-3.0903,-1.86473,-0.22417,3.65679,0.347775,-0.333225,58.3152,1.72522,
18.4386,16.8504,1.81934,0.952034,0.320551,-0.114883,0.0535159,0.66943,-3.11342,-1.81132,-0.23239,3.64139,0.347418,-0.338204,58.5485,1.7235,
18.4383,16.8504,1.82233,0.952005,0.320281,-0.114599,0.0535394,0.669454,-3.13653,-1.7579,-0.240611,3.62599,0.34706,-0.343183,58.7819,1.72178,
18.4381,16.8504,1.82532,0.951976,0.320011,-0.114316,0.0535629,0.669477,-3.15965,-1.70449,-0.248832,3.61058,0.346703,-0.348162,59.0153,1.72007,
18.4378,16.8504,1.82831,0.951946,0.319741,-0.114033,0.0535864,0.6695,-3.18277,-1.65107,-0.257053,3.59518,0.346345,-0.35314,59.2486,1.71835,
18.4376,16.8504,1.83131,0.951938,0.319616,-0.113735,0.0536203,0.66952,-3.17567,-1.56596,-0.264524,3.57161,0.346131,-0.355731,59.2079,1.71732,
18.4373,16.8504,1.8343,0.951935,0.319502,-0.11343,0.0536553,0.669541,-3.16604,-1.47817,-0.272373,3.5499,0.345924,-0.358085,59.1491,1.71632,
18.4371,16.8504,1.83729,0.951935,0.319391,-0.113122,0.0536909,0.669564,-3.15529,-1.38921,-0.280432,3.52925,0.345719,-0.360334,59.083,1.71534,
18.4368,16.8504,1.84028,0.951935,0.31928,-0.112814,0.0537265,0.669587,-3.14455,-1.30026,-0.288491,3.50861,0.345515,-0.362583,59.017,1.71435,
18.4366,16.8504,1.84327,0.951934,0.319169,-0.112507,0.0537621,0.66961,-3.1338,-1.2113,-0.296549,3.48796,0.345311,-0.364832,58.9509,1.71337,
18.4363,16.8504,1.84627,0.951934,0.319058,-0.112199,0.0537977,0.669633,-3.12306,-1.12235,-0.304608,3.46732,0.345106,-0.367081,58.8848,1.71238,
18.4361,16.8504,1.84926,0.951934,0.318947,-0.111891,0.0538333,0.669656,-3.11232,-1.03339,-0.312667,3.44667,0.344902,-0.36933,58.8188,1.7114,
18.4358,16.8504,1.85225,0.951933,0.318836,-0.111584,0.0538688,0.669678,-3.10157,-0.944435,-0.320725,3.42602,0.344697,-0.371578,58.7527,1.71041,
18.4356,16.8504,1.85524,0.951933,0.318726,-0.111276,0.0539044,0.669701,-3.09083,-0.85548,-0.328784,3.40538,0.344493,-0.373827,58.6866,1.70943,
18.4353,16.8504,1.85824,0.951933,0.318615,-0.110968,0.05394,0.669724,-3.08008,-0.766525,-0.336843,3.38473,0.344289,-0.376076,58.6206,1.70844,
18.4351,16.8504,1.86123,0.951932,0.318504,-0.11066,0.0539756,0.669747,-3.06934,-0.677569,-0.344901,3.36409,0.344084,-0.378325,58.5545,1.70746,
18.4348,16.8504,1.86422,0.951932,0.318393,-0.110353,0.0540112,0.66977,-3.0586,-0.588614,-0.35296,3.34344,0.34388,-0.380574,58.4884,1.70647,
18.4346,16.8504,1.86721,0.951932,0.318282,-0.110045,0.0540468,0.669793,-3.04785,-0.499658,-0.361019,3.3228,0.343676,-0.382823,58.4224,1.70549,
18.4343,16.8504,1.87021,0.951931,0.318171,-0.109737,0.0540824,0.669816,-3.03711,-0.410703,-0.369078,3.30215,0.343471,-0.385072,58.3563,1.7045,
18.4341,16.8504,1.8732,0.951931,0.31806,-0.109429,0.054118,0.669839,-3.02636,-0.321747,-0.377136,3.2815,0.343267,-0.387321,58.2902,1.70352,
18.4338,16.8504,1.87619,0.951931,0.317949,-0.109122,0.0541536,0.669862,-3.01562,-0.232792,-0.385195,3.26086,0.343062,-0.38957,58.2242,1.70253,
18.4336,16.8504,1.87918,0.951931,0.317839,-0.108814,0.0541891,0.669885,-3.00488,-0.143836,-0.393254,3.24021,0.342858,-0.391819,58.1581,1.70155,
18.4333,16.8504,1.88218,0.95193,0.317728,-0.108506,0.0542247,0.669907,-2.99413,-0.0548808,-0.401312,3.21957,0.342654,-0.394068,58.092,1.70057,
18.4331,16.8504,1.88517,0.95193,0.317617,-0.108199,0.0542603,0.66993,-2.98339,0.0340746,-0.409371,3.19892,0.342449,-0.396316,58.026,1.69958,
18.4328,16.8504,1.88816,0.95193,0.317506,-0.107891,0.0542959,0.669953,-2.97264,0.12303,-0.41743,3.17828,0.342245,-0.398565,57.9599,1.6986,
18.4325,16.8504,1.89115,0.951929,0.317395,-0.107583,0.0543315,0.669976,-2.9619,0.211986,-0.425488,3.15763,0.342041,-0.400814,57.8938,1.69761,
18.4323,16.8504,1.89415,0.951929,0.317284,-0.107275,0.0543671,0.669999,-2.95116,0.300941,-0.433547,3.13698,0.341836,-0.403063,57.8278,1.69663,
18.432,16.8504,1.89714,0.951929,0.317173,-0.106968,0.0544027,0.670022,-2.94041,0.389897,-0.441606,3.11634,0.341632,-0.405312,57.7617,1.69564,
18.4318,16.8504,1.90013,0.951928,0.317062,-0.10666,0.0544383,0.670045,-2.92967,0.478852,-0.449664,3.09569,0.341427,-0.407561,57.6956,1.69466,
18.4315,16.8504,1.90312,0.951928,0.316952,-0.106352,0.0544739,0.670068,-2.91892,0.567807,-0.457723,3.07505,0.341223,-0.40981,57.6296,1.69367,
18.4313,16.8504,1.90612,0.951928,0.316841,-0.106045,0.0545094,0.670091,-2.90818,0.656763,-0.465782,3.0544,0.341019,-0.412059,57.5635,1.69269,
18.431,16.8504,1.90911,0.951927,0.31673,-0.105737,0.054545,0.670113,-2.89744,0.745718,-0.473841,3.03376,0.340814,-0.414308,57.4974,1.6917,
18.4308,16.8504,1.9121,0.951959,0.316793,-0.105488,0.0546038,0.670133,-2.856,0.829538,-0.477385,3.03547,0.340807,-0.41335,57.2622,1.69167,
18.4305,16.8504,1.91509,0.951994,0.316875,-0.105245,0.0546651,0.670153,-2.81125,0.91279,-0.480444,3.04989,0.340823,-0.412033,57.0085,1.69173,
18.4303,16.8504,1.91808,0.95203,0.31696,-0.105002,0.0547273,0.670173,-2.7657,0.995588,-0.483429,3.06441,0.340841,-0.410615,56.7488,1.69182,
18.43,16.8504,1.92108,0.952073,0.317058,-0.10476,0.0547925,0.670197,-2.71734,1.07678,-0.486147,3.07925,0.340872,-0.408839,56.4679,1.69196,
18.4298,16.8504,1.92407,0.952116,0.317155,-0.104517,0.0548577,0.67022,-2.66898,1.15797,-0.488866,3.0941,0.340903,-0.407064,56.1869,1.69211,
18.4295,16.8504,1.92706,0.95216,0.317252,-0.104275,0.0549229,0.670243,-2.62062,1.23917,-0.491585,3.10894,0.340934,-0.405288,55.906,1.69225,
18.4293,16.8504,1.93005,0.952203,0.317349,-0.104033,0.0549881,0.670266,-2.57226,1.32036,-0.494303,3.12378,0.340964,-0.403512,55.6251,1.69239,
18.429,16.8504,1.93305,0.952246,0.317446,-0.10379,0.0550532,0.670289,-2.5239,1.40155,-0.497022,3.13862,0.340995,-0.401736,55.3441,1.69254,
18.4288,16.8504,1.93604,0.952289,0.317543,-0.103548,0.0551184,0.670312,-2.47553,1.48275,-0.49974,3.15347,0.341026,-0.399961,55.0632,1.69268,
18.4285,16.8504,1.93903,0.952332,0.317641,-0.103306,0.0551836,0.670335,-2.42717,1.56394,-0.502459,3.16831,0.341057,-0.398185,54.7822,1.69282,
18.4283,16.8504,1.94202,0.952376,0.317738,-0.103063,0.0552488,0.670358,-2.37881,1.64513,-0.505177,3.18315,0.341087,-0.396409,54.5013,1.69297,
18.428,16.8504,1.94502,0.952419,0.317835,-0.102821,0.055314,0.670381,-2.33045,1.72633,-0.507896,3.198,0.341118,-0.394634,54.2204,1.69311,
18.4278,16.8504,1.94801,0.952462,0.317932,-0.102579,0.0553792,0.670405,-2.28209,1.80752,-0.510614,3.21284,0.341149,-0.392858,53.9394,1.69325,
18.4275,16.8504,1.951,0.952505,0.318029,-0.102336,0.0554444,0.670428,-2.23372,1.88871,-0.513333,3.22768,0.34118,-0.391082,53.6585,1.6934,
18.4273,16.8504,1.95399,0.952548,0.318126,-0.102094,0.0555096,0.670451,-2.18536,1.96991,-0.516052,3.24253,0.34121,-0.389307,53.3775,1.69354,
18.427,16.8504,1.95699,0.952591,0.318224,-0.101852,0.0555748,0.670474,-2.137,2.0511,-0.51877,3.25737,0.341241,-0.387531,53.0966,1.69369,
18.4267,16.8504,1.95998,0.952635,0.318321,-0.101609,0.05564,0.670497,-2.08864,2.13229,-0.521489,3.27221,0.341272,-0.385755,52.8156,1.69383,
18.4265,16.8504,1.96297,0.952678,0.318418,-0.101367,0.0557052,0.67052,-2.04028,2.21349,-0.524207,3.28706,0.341303,-0.38398,52.5347,1.69397,
18.4262,16.8504,1.96596,0.952721,0.318515,-0.101125,0.0557704,0.670543,-1.99192,2.29468,-0.526926,3.3019,0.341333,-0.382204,52.2538,1.69412,
18.426,16.8504,1.96896,0.952764,0.318612,-0.100882,0.0558356,0.670566,-1.94355,2.37587,-0.529644,3.31674,0.341364,-0.380428,51.9728,1.69426,
18.4257,16.8504,1.97195,0.952807,0.318709,-0.10064,0.0559007,0.67059,-1.89519,2.45707,-0.532363,3.33158,0.341395,-0.378653,51.6919,1.6944,
18.4255,16.8504,1.97494,0.952851,0.318806,-0.100398,0.0559659,0.670613,-1.84683,2.53826,-0.535082,3.34643,0.341426,-0.376877,51.4109,1.69455,
18.4252,16.8504,1.97793,0.952894,0.318904,-0.100155,0.0560311,0.670636,-1.79847,2.61946,-0.5378,3.36127,0.341456,-0.375101,51.13,1.69469,
18.425,16.8504,1.98093,0.952937,0.319001,-0.0999128,0.0560963,0.670659,-1.75011,2.70065,-0.540519,3.37611,0.341487,-0.373326,50.8491,1.69483,
18.4247,16.8504,1.98392,0.95298,0.319098,-0.0996705,0.0561615,0.670682,-1.70175,2.78184,-0.543237,3.39096,0.341518,-0.37155,50.5681,1.69498,
18.4245,16.8504,1.98691,0.953023,0.319195,-0.0994282,0.0562267,0.670705,-1.65338,2.86303,-0.545956,3.4058,0.341549,-0.369774,50.2872,1.69512,
18.4242,16.8504,1.9899,0.953066,0.319292,-0.0991858,0.0562919,0.670728,-1.60502,2.94423,-0.548674,3.42064,0.341579,-0.367998,50.0062,1.69526,
18.424,16.8504,1.99289,0.953119,0.319436,-0.0989912,0.0563674,0.670751,-1.55333,3.0055,-0.548637,3.43417,0.341673,-0.36513,49.6711,1.69571,
18.4237,16.8504,1.99589,0.95319,0.319664,-0.098883,0.0564617,0.670775,-1.49561,3.03064,-0.543603,3.44533,0.341882,-0.360279,49.2377,1.69671,
18.4235,16.8504,1.99888,0.953261,0.319892,-0.0987747,0.056556,0.670798,-1.43788,3.05578,-0.538569,3.45648,0.34209,-0.355427,48.8043,1.69771,
18.4232,16.8504,2.00187,0.953332,0.32012,-0.0986665,0.0566502,0.670821,-1.38015,3.08092,-0.533534,3.46763,0.342299,-0.350576,48.3709,1.69871,
18.423,16.8504,2.00486,0.953403,0.320347,-0.0985583,0.0567445,0.670844,-1.32243,3.10606,-0.5285,3.47879,0.342507,-0.345725,47.9375,1.69971,
18.4227,16.8504,2.00786,0.953473,0.320575,-0.0984501,0.0568387,0.670868,-1.2647,3.1312,-0.523466,3.48994,0.342716,-0.340874,47.5041,1.70071,
18.4225,16.8504,2.01085,0.953544,0.320803,-0.0983419,0.056933,0.670891,-1.20698,3.15635,-0.518432,3.5011,0.342924,-0.336023,47.0707,1.70171,
18.4222,16.8504,2.01384,0.953615,0.321031,-0.0982336,0.0570273,0.670914,-1.14925,3.18149,-0.513397,3.51225,0.343133,-0.331172,46.6373,1.70272,
18.422,16.8504,2.01683,0.953686,0.321259,-0.0981254,0.0571215,0.670937,-1.09152,3.20663,-0.508363,3.5234,0.343341,-0.326321,46.2039,1.70372,
18.4217,16.8504,2.01983,0.953757,0.321487,-0.0980172,0.0572158,0.670961,-1.0338,3.23177,-0.503329,3.53456,0.34355,-0.32147,45.7705,1.70472,
18.4215,16.8504,2.02282,0.953828,0.321715,-0.097909,0.0573101,0.670984,-0.976073,3.25691,-0.498295,3.54571,0.343759,-0.316619,45.3371,1.70572,
18.4212,16.8504,2.02581,0.953898,0.321943,-0.0978008,0.0574043,0.671007,-0.918347,3.28205,-0.49326,3.55686,0.343967,-0.311767,44.9037,1.70672,
18.4209,16.8504,2.0288,0.953969,0.322171,-0.0976925,0.0574986,0.67103,-0.860621,3.30719,-0.488226,3.56802,0.344176,-0.306916,44.4703,1.70772,
18.4207,16.8504,2.0318,0.95404,0.322399,-0.0975843,0.0575929,0.671054,-0.802896,3.33233,-0.483192,3.57917,0.344384,-0.302065,44.0369,1.70872,
18.4204,16.8504,2.03479,0.954111,0.322626,-0.0974761,0.0576871,0.671077,-0.74517,3.35748,-0.478158,3.59032,0.344593,-0.297214,43.6035,1.70972,
18.4202,16.8504,2.03778,0.954182,0.322854,-0.0973679,0.0577814,0.6711,-0.687444,3.38262,-0.473123,3.60148,0.344801,-0.292363,43.1701,1.71072,
18.4199,16.8504,2.04077,0.954252,0.323082,-0.0972597,0.0578757,0.671123,-0.629718,3.40776,-0.468089,3.61263,0.34501,-0.287512,42.7367,1.71172,
18.4197,16.8504,2.04377,0.954323,0.32331,-0.0971514,0.0579699,0.671147,-0.571992,3.4329,-0.463055,3.62378,0.345218,-0.282661,42.3033,1.71272,
18.4194,16.8504,2.04676,0.954394,0.323538,-0.0970432,0.0580642,0.67117,-0.514266,3.45804,-0.458021,3.63494,0.345427,-0.27781,41.8699,1.71372,
18.4192,16.8504,2.04975,0.954465,0.323766,-0.096935,0.0581584,0.671193,-0.456541,3.48318,-0.452986,3.64609,0.345635,-0.272959,41.4364,1.71472,
18.4189,16.8504,2.05274,0.954536,0.323994,-0.0968268,0.0582527,0.671216,-0.398815,3.50832,-0.447952,3.65724,0.345844,-0.268108,41.003,1.71572,
18.4187,16.8504,2.05574,0.954606,0.324222,-0.0967186,0.058347,0.67124,-0.341089,3.53346,-0.442918,3.6684,0.346052,-0.263256,40.5696,1.71672,
18.4184,16.8504,2.05873,0.954677,0.32445,-0.0966103,0.0584412,0.671263,-0.283363,3.55861,-0.437883,3.67955,0.346261,-0.258405,40.1362,1.71772,
18.4182,16.8504,2.06172,0.954746,0.324676,-0.0964993,0.0585338,0.671285,-0.225795,3.58677,-0.433325,3.69245,0.346467,-0.253684,39.7104,1.71871,
18.4179,16.8504,2.06471,0.95481,0.324901,-0.0963833,0.0586236,0.671305,-0.168501,3.6202,-0.429596,3.7084,0.346669,-0.249187,39.2975,1.71968,
18.4177,16.8504,2.0677,0.954875,0.325126,-0.0962674,0.0587133,0.671325,-0.111207,3.65363,-0.425866,3.72434,0.346871,-0.244691,38.8847,1.72065,
18.4174,16.8504,2.0707,0.954939,0.325351,-0.0961514,0.058803,0.671344,-0.0539133,3.68706,-0.422137,3.74028,0.347072,-0.240195,38.4719,1.72162,
18.4172,16.8504,2.07369,0.955004,0.325575,-0.0960355,0.0588928,0.671364,0.00338055,3.72049,-0.418407,3.75623,0.347274,-0.235698,38.059,1.72259,
18.4169,16.8504,2.07668,0.955068,0.325799,-0.0959559,0.0589852,0.671384,0.0528353,3.73318,-0.413386,3.75811,0.347486,-0.231006,37.6323,1.72361,
18.4167,16.8504,2.07967,0.955132,0.326018,-0.0959562,0.0590838,0.671404,0.0850884,3.70038,-0.405532,3.72913,0.347719,-0.225883,37.1749,1.72473,
18.4164,16.8504,2.08267,0.955196,0.326238,-0.0959566,0.0591823,0.671424,0.117341,3.66757,-0.397678,3.70015,0.347951,-0.22076,36.7176,1.72586,
18.4162,16.8504,2.08566,0.95526,0.326458,-0.0959569,0.0592809,0.671444,0.149594,3.63477,-0.389824,3.67116,0.348184,-0.215637,36.2602,1.72698,
18.4159,16.8504,2.08865,0.955323,0.326678,-0.0959572,0.0593794,0.671464,0.181848,3.60196,-0.381969,3.64218,0.348417,-0.210514,35.8028,1.7281,
18.4157,16.8504,2.09164,0.955387,0.326897,-0.0959575,0.059478,0.671484,0.214101,3.56915,-0.374115,3.6132,0.34865,-0.20539,35.3455,1.72923,
18.4154,16.8504,2.09464,0.955451,0.327106,-0.0959603,0.0595769,0.671506,0.243941,3.53201,-0.365585,3.58034,0.348873,-0.200311,34.8867,1.7303,
18.4151,16.8504,2.09763,0.955516,0.327309,-0.0959642,0.059676,0.671528,0.272709,3.49293,-0.356753,3.54576,0.349091,-0.195252,34.4273,1.73135,
18.4149,16.8504,2.10062,0.955581,0.327512,-0.095968,0.059775,0.671551,0.301476,3.45385,-0.347922,3.51117,0.349309,-0.190193,33.9679,1.7324,
18.4146,16.8504,2.10361,0.955646,0.327715,-0.0959719,0.0598741,0.671574,0.330244,3.41477,-0.33909,3.47659,0.349527,-0.185133,33.5085,1.73346,
18.4144,16.8504,2.10661,0.95571,0.327918,-0.0959758,0.0599732,0.671596,0.359011,3.37569,-0.330258,3.442,0.349745,-0.180074,33.0491,1.73451,
18.4141,16.8504,2.1096,0.955775,0.328122,-0.0959797,0.0600723,0.671619,0.387778,3.33661,-0.321427,3.40742,0.349963,-0.175014,32.5896,1.73556,
18.4139,16.8504,2.11259,0.95584,0.328325,-0.0959835,0.0601713,0.671641,0.416546,3.29754,-0.312595,3.37284,0.350182,-0.169955,32.1302,1.73661,
18.4136,16.8504,2.11558,0.955905,0.328528,-0.0959874,0.0602704,0.671664,0.445313,3.25846,-0.303764,3.33825,0.3504,-0.164896,31.6708,1.73766,
18.4134,16.8504,2.11858,0.955969,0.328731,-0.0959913,0.0603695,0.671686,0.47408,3.21938,-0.294932,3.30367,0.350618,-0.159836,31.2114,1.73872,
18.4131,16.8504,2.12157,0.956034,0.328934,-0.0959951,0.0604686,0.671709,0.502848,3.1803,-0.286101,3.26908,0.350836,-0.154777,30.752,1.73977,
18.4129,16.8504,2.12456,0.956099,0.329137,-0.095999,0.0605677,0.671731,0.531615,3.14122,-0.277269,3.2345,0.351054,-0.149717,30.2926,1.74082,
18.4126,16.8504,2.12755,0.956164,0.329341,-0.0960029,0.0606667,0.671754,0.560383,3.10214,-0.268438,3.19991,0.351273,-0.144658,29.8332,1.74187,
18.4124,16.8504,2.13055,0.956228,0.329544,-0.0960068,0.0607658,0.671777,0.58915,3.06307,-0.259606,3.16533,0.351491,-0.139598,29.3738,1.74293,
18.4121,16.8504,2.13354,0.956293,0.329747,-0.0960106,0.0608649,0.671799,0.617917,3.02399,-0.250775,3.13075,0.351709,-0.134539,28.9144,1.74398,
18.4119,16.8504,2.13653,0.956358,0.32995,-0.0960145,0.060964,0.671822,0.646685,2.98491,-0.241943,3.09616,0.351927,-0.12948,28.4549,1.74503,
18.4116,16.8504,2.13952,0.956423,0.330153,-0.0960184,0.0610631,0.671844,0.675452,2.94583,-0.233112,3.06158,0.352145,-0.12442,27.9955,1.74608,
18.4114,16.8504,2.14251,0.956487,0.330356,-0.0960222,0.0611621,0.671867,0.70422,2.90675,-0.22428,3.02699,0.352363,-0.119361,27.5361,1.74713,
18.4111,16.8504,2.14551,0.956552,0.33056,-0.0960261,0.0612612,0.671889,0.732987,2.86767,-0.215449,2.99241,0.352582,-0.114301,27.0767,1.74819,
18.4109,16.8504,2.1485,0.956617,0.330763,-0.09603,0.0613603,0.671912,0.761754,2.82859,-0.206617,2.95782,0.3528,-0.109242,26.6173,1.74924,
18.4106,16.8504,2.15149,0.956682,0.330966,-0.0960339,0.0614594,0.671934,0.790522,2.78952,-0.197786,2.92324,0.353018,-0.104182,26.1579,1.75029,
18.4104,16.8504,2.15448,0.956746,0.331169,-0.0960377,0.0615584,0.671957,0.819289,2.75044,-0.188954,2.88865,0.353236,-0.0991231,25.6985,1.75134,
18.4101,16.8504,2.15748,0.956811,0.331372,-0.0960416,0.0616575,0.67198,0.848056,2.71136,-0.180122,2.85407,0.353454,-0.0940636,25.2391,1.75239,
18.4099,16.8504,2.16047,0.956876,0.331576,-0.0960455,0.0617566,0.672002,0.876824,2.67228,-0.171291,2.81949,0.353673,-0.0890042,24.7797,1.75345,
18.4096,16.8504,2.16346,0.956923,0.331672,-0.0960626,0.0618387,0.672025,0.872701,2.60828,-0.162902,2.75692,0.353787,-0.0857285,24.2653,1.754,
18.4094,16.8504,2.16645,0.956964,0.331731,-0.0960845,0.0619148,0.672048,0.856949,2.53546,-0.154669,2.68447,0.353864,-0.0830835,23.7315,1.75438,
18.4091,16.8504,2.16945,0.957005,0.33179,-0.0961063,0.061991,0.672072,0.841198,2.46265,-0.146437,2.61201,0.353941,-0.0804384,23.1977,1.75475,
18.4088,16.8504,2.17244,0.957046,0.331849,-0.0961282,0.0620671,0.672095,0.825446,2.38984,-0.138204,2.53955,0.354019,-0.0777933,22.6639,1.75513,
18.4086,16.8504,2.17543,0.957087,0.331907,-0.09615,0.0621432,0.672118,0.809694,2.31702,-0.129971,2.4671,0.354096,-0.0751483,22.1301,1.7555,
18.4083,16.8504,2.17842,0.957128,0.331966,-0.0961719,0.0622193,0.672141,0.793943,2.24421,-0.121739,2.39464,0.354174,-0.0725032,21.5963,1.75588,
18.4081,16.8504,2.18142,0.957169,0.332025,-0.0961937,0.0622955,0.672164,0.778191,2.17139,-0.113506,2.32218,0.354251,-0.0698581,21.0625,1.75626,
18.4078,16.8504,2.18441,0.95721,0.332084,-0.0962156,0.0623716,0.672188,0.76244,2.09858,-0.105273,2.24972,0.354328,-0.0672131,20.5287,1.75663,
18.4076,16.8504,2.1874,0.957251,0.332143,-0.0962374,0.0624477,0.672211,0.746688,2.02577,-0.0970408,2.17727,0.354406,-0.064568,19.9949,1.75701,
18.4073,16.8504,2.19039,0.957292,0.332202,-0.0962593,0.0625238,0.672234,0.730937,1.95295,-0.0888081,2.10481,0.354483,-0.0619229,19.4611,1.75739,
18.4071,16.8504,2.19339,0.957333,0.33226,-0.0962811,0.0625999,0.672257,0.715185,1.88014,-0.0805755,2.03235,0.354561,-0.0592779,18.9273,1.75776,
18.4068,16.8504,2.19638,0.957374,0.332319,-0.096303,0.0626761,0.672281,0.699434,1.80732,-0.0723428,1.9599,0.354638,-0.0566328,18.3935,1.75814,
18.4066,16.8504,2.19937,0.957415,0.332378,-0.0963249,0.0627522,0.672304,0.683682,1.73451,-0.0641102,1.88744,0.354715,-0.0539877,17.8597,1.75852,
18.4063,16.8504,2.20236,0.957456,0.332437,-0.0963467,0.0628283,0.672327,0.66793,1.6617,-0.0558776,1.81498,0.354793,-0.0513427,17.3259,1.75889,
18.4061,16.8504,2.20536,0.957497,0.332496,-0.0963686,0.0629044,0.67235,0.652179,1.58888,-0.0476449,1.74253,0.35487,-0.0486976,16.7921,1.75927,
18.4058,16.8504,2.20835,0.957538,0.332555,-0.0963904,0.0629806,0.672374,0.636427,1.51607,-0.0394123,1.67007,0.354947,-0.0460525,16.2583,1.75964,
18.4056,16.8504,2.21134,0.957579,0.332613,-0.0964123,0.0630567,0.672397,0.620676,1.44325,-0.0311796,1.59761,0.355025,-0.0434075,15.7245,1.76002,
18.4053,16.8504,2.21433,0.95762,0.332672,-0.0964341,0.0631328,0.67242,0.604924,1.37044,-0.022947,1.52516,0.355102,-0.0407624,15.1907,1.7604,
18.4051,16.8504,2.21732,0.957661,0.332731,-0.096456,0.0632089,0.672443,0.589173,1.29763,-0.0147144,1.4527,0.35518,-0.0381174,14.6569,1.76077,
18.4048,16.8504,2.22032,0.957702,0.33279,-0.0964778,0.0632851,0.672467,0.573421,1.22481,-0.00648173,1.38024,0.355257,-0.0354723,14.1231,1.76115,
18.4046,16.8504,2.22331,0.957743,0.332849,-0.0964997,0.0633612,0.67249,0.55767,1.152,0.00175091,1.30779,0.355334,-0.0328272,13.5893,1.76153,
18.4043,16.8504,2.2263,0.957784,0.332908,-0.0965215,0.0634373,0.672513,0.541918,1.07918,0.00998355,1.23533,0.355412,-0.0301822,13.0555,1.7619,
18.4041,16.8504,2.22929,0.957825,0.332966,-0.0965434,0.0635134,0.672536,0.526167,1.00637,0.0182162,1.16287,0.355489,-0.0275371,12.5217,1.76228,
18.4038,16.8504,2.23229,0.957866,0.333025,-0.0965652,0.0635896,0.672559,0.510415,0.933556,0.0264488,1.09042,0.355567,-0.024892,11.9879,1.76266,
18.4036,16.8504,2.23528,0.957906,0.333101,-0.0965916,0.0636671,0.67258,0.497933,0.86051,0.0334109,1.01867,0.355662,-0.0220932,11.4556,1.76312,
18.4033,16.8504,2.23827,0.957946,0.333183,-0.0966195,0.0637451,0.672599,0.48654,0.787386,0.0399497,0.947154,0.355763,-0.0192432,10.9239,1.76361,
18.403,16.8504,2.24126,0.957986,0.333264,-0.0966474,0.0638231,0.672619,0.475147,0.714263,0.0464885,0.87564,0.355864,-0.0163932,10.3921,1.7641,
18.4028,16.8504,2.24426,0.958026,0.333346,-0.0966753,0.0639011,0.672639,0.463754,0.641139,0.0530272,0.804126,0.355966,-0.0135432,9.86034,1.76459,
18.4025,16.8504,2.24725,0.958066,0.333428,-0.0967032,0.0639791,0.672658,0.452361,0.568015,0.059566,0.732612,0.356067,-0.0106932,9.32857,1.76508,
18.4023,16.8504,2.25024,0.958095,0.333442,-0.0967042,0.0640417,0.672678,0.444452,0.531018,0.0626924,0.695964,0.356092,-0.00918732,9.03253,1.76521,
18.402,16.8504,2.25323,0.958117,0.33341,-0.0966865,0.0640936,0.672697,0.438972,0.519201,0.0634403,0.683618,0.356065,-0.00861833,8.90079,1.76508,
18.4018,16.8504,2.25623,0.958139,0.333377,-0.0966689,0.0641456,0.672717,0.433491,0.507384,0.0641882,0.671272,0.356037,-0.00804934,8.76906,1.76494,
18.4015,16.8504,2.25922,0.95816,0.333345,-0.0966512,0.0641975,0.672736,0.428011,0.495567,0.064936,0.658926,0.35601,-0.00748035,8.63732,1.76481,
18.4013,16.8504,2.26221,0.958182,0.333312,-0.0966335,0.0642494,0.672756,0.422531,0.48375,0.065684,0.64658,0.355982,-0.00691137,8.50558,1.76468,
18.401,16.8504,2.2652,0.958203,0.33328,-0.0966159,0.0643014,0.672775,0.41705,0.471932,0.0664319,0.634234,0.355954,-0.00634238,8.37385,1.76455,
18.4008,16.8504,2.2682,0.958225,0.333247,-0.0965982,0.0643533,0.672795,0.41157,0.460115,0.0671797,0.621887,0.355927,-0.00577339,8.24211,1.76442,
18.4005,16.8504,2.27119,0.958246,0.333214,-0.0965805,0.0644052,0.672814,0.40609,0.448298,0.0679276,0.609541,0.355899,-0.0052044,8.11037,1.76429,
18.4003,16.8504,2.27418,0.958268,0.333182,-0.0965628,0.0644571,0.672834,0.400609,0.436481,0.0686755,0.597195,0.355871,-0.00463541,7.97863,1.76416,
18.4,16.8504,2.27717,0.958289,0.333149,-0.0965452,0.0645091,0.672853,0.395129,0.424664,0.0694234,0.584849,0.355844,-0.00406642,7.8469,1.76403,
18.3998,16.8504,2.28017,0.958311,0.333117,-0.0965275,0.064561,0.672873,0.389649,0.412847,0.0701713,0.572503,0.355816,-0.00349744,7.71516,1.7639,
18.3995,16.8504,2.28316,0.958332,0.333084,-0.0965098,0.0646129,0.672892,0.384168,0.40103,0.0709192,0.560027,0.355788,-0.00293082,7.58345,1.76376,
18.3993,16.8504,2.28615,0.958354,0.333051,-0.0964917,0.0646646,0.672912,0.379845,0.391221,0.0709064,0.550033,0.35576,-0.002367,7.45685,1.76363,
18.399,16.8504,2.28914,0.958377,0.333015,-0.0964722,0.0647151,0.672932,0.375026,0.380886,0.070741,0.539621,0.355728,-0.00181072,7.32393,1.76348,
18.3988,16.8504,2.29213,0.958398,0.332963,-0.0964437,0.0647589,0.672954,0.371721,0.374678,0.0700374,0.533083,0.355677,-0.00153554,7.22964,1.76323,
18.3985,16.8504,2.29513,0.95842,0.332911,-0.096415,0.0648025,0.672975,0.368528,0.368705,0.0693058,0.526774,0.355626,-0.00127117,7.13736,1.76299,
18.3983,16.8504,2.29812,0.958441,0.332863,-0.0963882,0.0648488,0.672996,0.365096,0.361381,0.0681345,0.519258,0.35558,-0.00095667,7.03664,1.76277,
18.398,16.8504,2.30111,0.958462,0.332815,-0.0963618,0.0648956,0.673017,0.361622,0.353816,0.0668844,0.511526,0.355534,-0.000633198,6.93441,1.76255,
18.3978,16.8504,2.3041,0.958484,0.332767,-0.0963353,0.0649423,0.673038,0.358149,0.34625,0.0656344,0.503794,0.355489,-0.000309725,6.83218,1.76233,
18.3975,16.8504,2.3071,0.958505,0.332719,-0.0963089,0.0649891,0.673059,0.354675,0.338685,0.0643843,0.496063,0.355443,1.37471e-05,6.72995,1.76211,
18.3972,16.8504,2.31009,0.958526,0.332671,-0.0962824,0.0650359,0.673079,0.351201,0.331119,0.0631343,0.488331,0.355397,0.00033722,6.62772,1.76189,
18.397,16.8504,2.31308,0.958548,0.332624,-0.096256,0.0650826,0.6731,0.347727,0.323554,0.0618842,0.480599,0.355352,0.000660692,6.52549,1.76167,
18.3967,16.8504,2.31607,0.958569,0.332576,-0.0962295,0.0651294,0.673121,0.344253,0.315988,0.0606342,0.472867,0.355306,0.000984165,6.42326,1.76145,
18.3965,16.8504,2.31907,0.95859,0.332528,-0.0962031,0.0651761,0.673142,0.340779,0.308423,0.0593841,0.465135,0.35526,0.00130764,6.32103,1.76124,
18.3962,16.8504,2.32206,0.958611,0.33248,-0.0961766,0.0652229,0.673163,0.337305,0.300857,0.0581341,0.457404,0.355215,0.00163111,6.2188,1.76102,
18.396,16.8504,2.32505,0.958633,0.332432,-0.0961501,0.0652697,0.673184,0.333831,0.293292,0.0568841,0.449672,0.355169,0.00195458,6.11657,1.7608,
18.3957,16.8504,2.32804,0.958654,0.332384,-0.0961237,0.0653164,0.673204,0.330357,0.285726,0.055634,0.44194,0.355123,0.00227805,6.01434,1.76058,
18.3955,16.8504,2.33104,0.958675,0.332336,-0.0960972,0.0653632,0.673225,0.326884,0.278161,0.054384,0.434208,0.355078,0.00260153,5.91211,1.76036,
18.3952,16.8504,2.33403,0.958697,0.332289,-0.0960708,0.06541,0.673246,0.32341,0.270595,0.0531339,0.426476,0.355032,0.002925,5.80988,1.76014,
18.395,16.8504,2.33702,0.958718,0.332241,-0.0960443,0.0654567,0.673267,0.319936,0.26303,0.0518839,0.418994,0.354987,0.00324877,5.70764,1.75992,
18.3947,16.8504,2.34001,0.958739,0.332193,-0.0960179,0.0655035,0.673288,0.316462,0.255464,0.0506338,0.411569,0.354941,0.00357261,5.6054,1.75971,
18.3945,16.8504,2.34301,0.958761,0.332145,-0.0959914,0.0655503,0.673308,0.312988,0.247899,0.0493838,0.404144,0.354896,0.00389645,5.50316,1.75949,
18.3942,16.8504,2.346,0.958782,0.332097,-0.095965,0.065597,0.673329,0.309514,0.240333,0.0481337,0.396718,0.35485,0.0042203,5.40093,1.75927,
18.394,16.8504,2.34899,0.958803,0.332049,-0.0959385,0.0656438,0.67335,0.30604,0.232768,0.0468837,0.389293,0.354805,0.00454414,5.29869,1.75905,
18.3937,16.8504,2.35198,0.958825,0.332002,-0.0959121,0.0656905,0.673371,0.302566,0.225202,0.0456336,0.381868,0.354759,0.00486798,5.19645,1.75884,
18.3935,16.8504,2.35498,0.958846,0.331954,-0.0958856,0.0657373,0.673392,0.299093,0.217637,0.0443836,0.374443,0.354714,0.00519182,5.09421,1.75862,
18.3932,16.8504,2.35797,0.958867,0.331906,-0.0958592,0.0657841,0.673412,0.295619,0.210071,0.0431336,0.367018,0.354669,0.00551566,4.99197,1.7584,
18.393,16.8504,2.36096,0.958888,0.331858,-0.0958327,0.0658308,0.673433,0.292145,0.202506,0.0418835,0.359593,0.354623,0.0058395,4.88973,1.75818,
18.3927,16.8504,2.36395,0.95891,0.33181,-0.0958063,0.0658776,0.673454,0.288671,0.19494,0.0406335,0.352167,0.354578,0.00616334,4.7875,1.75797,
18.3925,16.8504,2.36694,0.958931,0.331762,-0.0957798,0.0659244,0.673475,0.285197,0.187375,0.0393834,0.344742,0.354532,0.00648718,4.68526,1.75775,
18.3922,16.8504,2.36994,0.958952,0.331714,-0.0957533,0.0659711,0.673496,0.281723,0.179809,0.0381334,0.337317,0.354487,0.00681103,4.58302,1.75753,
18.392,16.8504,2.37293,0.958974,0.331662,-0.0957244,0.0660137,0.673517,0.278535,0.174337,0.0373774,0.33166,0.354435,0.00709371,4.49369,1.75728,
18.3917,16.8504,2.37592,0.958996,0.331608,-0.0956942,0.0660541,0.67354,0.275493,0.169936,0.0368742,0.326907,0.354381,0.00735534,4.41097,1.75702,
18.3914,16.8504,2.37891,0.959018,0.331553,-0.0956641,0.0660945,0.673562,0.27245,0.165535,0.0363711,0.322153,0.354327,0.00761697,4.32825,1.75677,
18.3912,16.8504,2.38191,0.95904,0.331499,-0.0956339,0.0661349,0.673585,0.269408,0.161134,0.035868,0.3174,0.354273,0.0078786,4.24553,1.75651,
18.3909,16.8504,2.3849,0.959062,0.331445,-0.0956037,0.0661753,0.673607,0.266366,0.156733,0.0353648,0.312647,0.354218,0.00814023,4.16282,1.75625,
18.3907,16.8504,2.38789,0.959083,0.33139,-0.0955735,0.0662156,0.67363,0.263324,0.152332,0.0348617,0.307894,0.354164,0.00840186,4.0801,1.75599,
18.3904,16.8504,2.39088,0.959105,0.331336,-0.0955433,0.066256,0.673652,0.260282,0.147931,0.0343586,0.303141,0.35411,0.00866349,3.99738,1.75573,
18.3902,16.8504,2.39388,0.959127,0.331281,-0.0955132,0.0662964,0.673675,0.257239,0.14353,0.0338554,0.298388,0.354056,0.00892512,3.91466,1.75547,
18.3899,16.8504,2.39687,0.959149,0.331227,-0.095483,0.0663368,0.673697,0.254197,0.139129,0.0333523,0.293635,0.354001,0.00918675,3.83194,1.75521,
18.3897,16.8504,2.39986,0.959171,0.331173,-0.0954528,0.0663772,0.67372,0.251155,0.134728,0.0328491,0.288882,0.353947,0.00944837,3.74922,1.75495,
18.3894,16.8504,2.40285,0.959193,0.331118,-0.0954226,0.0664176,0.673742,0.248113,0.130327,0.032346,0.284129,0.353893,0.00971,3.6665,1.75469,
18.3892,16.8504,2.40585,0.959215,0.331064,-0.0953924,0.066458,0.673765,0.245071,0.125926,0.0318429,0.279376,0.353839,0.00997163,3.58378,1.75443,
18.3889,16.8504,2.40884,0.959237,0.331009,-0.0953622,0.0664984,0.673787,0.242029,0.121525,0.0313397,0.274623,0.353784,0.0102333,3.50106,1.75417,
18.3887,16.8504,2.41183,0.959259,0.330955,-0.0953321,0.0665388,0.67381,0.238986,0.117124,0.0308366,0.26987,0.35373,0.0104949,3.41834,1.75391,
18.3884,16.8504,2.41482,0.959281,0.330901,-0.0953019,0.0665792,0.673832,0.235944,0.112723,0.0303334,0.265117,0.353676,0.0107565,3.33562,1.75365,
18.3882,16.8504,2.41782,0.959303,0.330846,-0.0952717,0.0666196,0.673855,0.232902,0.108322,0.0298303,0.260364,0.353622,0.0110181,3.2529,1.75339,
18.3879,16.8504,2.42081,0.959324,0.330792,-0.0952415,0.06666,0.673877,0.22986,0.103921,0.0293272,0.255611,0.353567,0.0112798,3.17018,1.75313,
18.3877,16.8504,2.4238,0.959346,0.330737,-0.0952113,0.0667004,0.6739,0.226818,0.0995199,0.028824,0.250858,0.353513,0.0115414,3.08746,1.75287,
18.3874,16.8504,2.42679,0.959368,0.330683,-0.0951811,0.0667408,0.673922,0.223776,0.0951189,0.0283209,0.246105,0.353459,0.011803,3.00474,1.75261,
18.3872,16.8504,2.42979,0.95939,0.33063,-0.095152,0.0667826,0.673944,0.220912,0.0906768,0.0277927,0.241505,0.353407,0.0120798,2.91967,1.75236,
18.3869,16.8504,2.43278,0.959411,0.330579,-0.095124,0.0668265,0.673966,0.218334,0.0863687,0.0271608,0.237165,0.353357,0.012384,2.83298,1.75212,
18.3867,16.8504,2.43577,0.959433,0.330528,-0.0950961,0.0668712,0.673988,0.215936,0.0824218,0.0263751,0.233009,0.353308,0.0127098,2.74821,1.75189,
18.3864,16.8504,2.43876,0.959449,0.330474,-0.095066,0.0669094,0.674005,0.210932,0.076722,0.025818,0.227745,0.353253,0.0126701,2.69192,1.75162,
18.3862,16.8504,2.44175,0.959464,0.330418,-0.0950347,0.0669462,0.674021,0.205876,0.0712056,0.025336,0.222787,0.353197,0.0125985,2.64035,1.75135,
18.3859,16.8504,2.44475,0.959483,0.330357,-0.0949971,0.0669781,0.674041,0.201906,0.0676725,0.0251639,0.220184,0.353133,0.0125375,2.60073,1.75104,
18.3857,16.8504,2.44774,0.959501,0.330295,-0.0949596,0.0670099,0.674061,0.197937,0.0641393,0.0249918,0.21758,0.353069,0.0124765,2.56112,1.75073,
18.3854,16.8504,2.45073,0.95952,0.330234,-0.0949221,0.0670418,0.67408,0.193967,0.0606062,0.0248197,0.214976,0.353005,0.0124155,2.52151,1.75043,
18.3851,16.8504,2.45372,0.959539,0.330172,-0.0948846,0.0670737,0.6741,0.189998,0.057073,0.0246476,0.212373,0.352941,0.0123545,2.48189,1.75012,
18.3849,16.8504,2.45672,0.959557,0.330111,-0.094847,0.0671056,0.67412,0.186028,0.0535399,0.0244754,0.209769,0.352877,0.0122935,2.44228,1.74981,
18.3846,16.8504,2.45971,0.959576,0.33005,-0.0948095,0.0671375,0.674139,0.182058,0.0500068,0.0243033,0.207165,0.352813,0.0122325,2.40267,1.7495,
18.3844,16.8504,2.4627,0.959594,0.329988,-0.094772,0.0671694,0.674159,0.178089,0.0464736,0.0241312,0.204562,0.352749,0.0121715,2.36306,1.74919,
18.3841,16.8504,2.46569,0.959613,0.329927,-0.0947345,0.0672012,0.674179,0.174119,0.0429405,0.0239591,0.201958,0.352685,0.0121105,2.32344,1.74888,
18.3839,16.8504,2.46869,0.959632,0.329865,-0.0946969,0.0672331,0.674198,0.17015,0.0394074,0.0237869,0.199354,0.352621,0.0120495,2.28383,1.74857,
18.3836,16.8504,2.47168,0.95965,0.329804,-0.0946594,0.067265,0.674218,0.16618,0.0358742,0.0236148,0.19675,0.352556,0.0119885,2.24422,1.74826,
18.3834,16.8504,2.47467,0.959669,0.329743,-0.0946219,0.0672969,0.674238,0.162211,0.0323411,0.0234427,0.194147,0.352492,0.0119275,2.2046,1.74795,
18.3831,16.8504,2.47766,0.959688,0.329681,-0.0945843,0.0673288,0.674257,0.158241,0.0288079,0.0232706,0.191543,0.352428,0.0118665,2.16499,1.74764,
18.3829,16.8504,2.48066,0.959706,0.32962,-0.0945468,0.0673606,0.674277,0.154271,0.0252748,0.0230985,0.188939,0.352364,0.0118055,2.12538,1.74733,
18.3826,16.8504,2.48365,0.959725,0.329558,-0.0945093,0.0673925,0.674297,0.150302,0.0217417,0.0229263,0.186336,0.3523,0.0117445,2.08577,1.74702,
18.3824,16.8504,2.48664,0.959743,0.329497,-0.0944718,0.0674244,0.674316,0.146332,0.0182085,0.0227542,0.183732,0.352236,0.0116835,2.04615,1.74671,
18.3821,16.8504,2.48963,0.959762,0.329436,-0.0944342,0.0674563,0.674336,0.142363,0.0146754,0.0225821,0.181128,0.352172,0.0116225,2.00654,1.7464,
18.3819,16.8504,2.49263,0.959781,0.329374,-0.0943967,0.0674882,0.674356,0.138393,0.0111422,0.02241,0.178525,0.352108,0.0115615,1.96693,1.7461,
18.3816,16.8504,2.49562,0.959799,0.329313,-0.0943592,0.0675201,0.674375,0.134424,0.00760911,0.0222379,0.175921,0.352044,0.0115005,1.92731,1.74579,
18.3814,16.8504,2.49861,0.959818,0.329251,-0.0943217,0.0675519,0.674395,0.130454,0.00407597,0.0220657,0.173317,0.35198,0.0114395,1.8877,1.74548,
18.3811,16.8504,2.5016,0.959836,0.32919,-0.0942841,0.0675838,0.674415,0.126485,0.000542833,0.0218936,0.170714,0.351916,0.0113785,1.84809,1.74517,
18.3809,16.8504,2.5046,0.959855,0.329129,-0.0942467,0.0676158,0.674434,0.122505,-0.00300343,0.0217251,0.168091,0.351852,0.0113175,1.80834,1.74486,
18.3806,16.8504,2.50759,0.959873,0.329068,-0.0942095,0.0676484,0.674454,0.118482,-0.00660973,0.0215729,0.165379,0.351788,0.0112567,1.76795,1.74455,
18.3804,16.8504,2.51058,0.959892,0.329007,-0.0941724,0.0676811,0.674473,0.114459,-0.010216,0.0214207,0.162668,0.351725,0.0111959,1.72756,1.74425,
18.3801,16.8504,2.51357,0.95991,0.328945,-0.0941353,0.0677137,0.674493,0.110436,-0.0138223,0.0212686,0.159957,0.351661,0.011135,1.68717,1.74394,
18.3799,16.8504,2.51656,0.959929,0.328884,-0.0940982,0.0677463,0.674512,0.106413,-0.0174286,0.0211164,0.157246,0.351598,0.0110742,1.64679,1.74363,
18.3796,16.8504,2.51956,0.959947,0.328823,-0.094061,0.0677789,0.674531,0.102389,-0.0210349,0.0209642,0.154535,0.351534,0.0110133,1.6064,1.74333,
18.3793,16.8504,2.52255,0.959966,0.328762,-0.0940239,0.0678115,0.674551,0.0983661,-0.0246412,0.0208121,0.151823,0.351471,0.0109525,1.56601,1.74302,
18.3791,16.8504,2.52554,0.959984,0.328701,-0.0939868,0.0678441,0.67457,0.0943429,-0.0282475,0.0206599,0.149112,0.351407,0.0108916,1.52562,1.74271,
18.3788,16.8504,2.52853,0.960002,0.32864,-0.0939496,0.0678767,0.67459,0.0903196,-0.0318538,0.0205077,0.146401,0.351344,0.0108308,1.48523,1.74241,
18.3786,16.8504,2.53153,0.960021,0.328579,-0.0939125,0.0679093,0.674609,0.0862964,-0.0354601,0.0203555,0.14369,0.35128,0.0107699,1.44484,1.7421,
18.3783,16.8504,2.53452,0.960039,0.328518,-0.0938754,0.0679419,0.674629,0.0822732,-0.0390664,0.0202034,0.140979,0.351217,0.0107091,1.40446,1.74179,
18.3781,16.8504,2.53751,0.960058,0.328457,-0.0938383,0.0679745,0.674648,0.07825,-0.0426727,0.0200512,0.138267,0.351153,0.0106483,1.36407,1.74149,
18.3778,16.8504,2.5405,0.960076,0.328396,-0.0938011,0.0680071,0.674668,0.0742268,-0.046279,0.019899,0.135556,0.35109,0.0105874,1.32368,1.74118,
18.3776,16.8504,2.5435,0.960094,0.328335,-0.093764,0.0680397,0.674687,0.0702036,-0.0498853,0.0197469,0.132845,0.351026,0.0105266,1.28329,1.74087,
18.3773,16.8504,2.54649,0.960113,0.328274,-0.0937269,0.0680723,0.674707,0.0661804,-0.0534916,0.0195947,0.130134,0.350963,0.0104657,1.2429,1.74057,
18.3771,16.8504,2.54948,0.960131,0.328212,-0.0936897,0.068105,0.674726,0.0621571,-0.0570979,0.0194425,0.127423,0.350899,0.0104049,1.20252,1.74026,
18.3768,16.8504,2.55247,0.96015,0.328151,-0.0936526,0.0681376,0.674746,0.0581339,-0.0607042,0.0192903,0.124711,0.350836,0.010344,1.16213,1.73995,
18.3766,16.8504,2.55547,0.960168,0.32809,-0.0936155,0.0681702,0.674765,0.0541107,-0.0643104,0.0191382,0.122,0.350772,0.0102832,1.12174,1.73965,
18.3763,16.8504,2.55846,0.960187,0.328029,-0.0935784,0.0682028,0.674784,0.0500875,-0.0679167,0.018986,0.119289,0.350709,0.0102223,1.08135,1.73934,
18.3761,16.8504,2.56145,0.960205,0.327968,-0.0935412,0.0682354,0.674804,0.0460643,-0.071523,0.0188338,0.116578,0.350645,0.0101615,1.04096,1.73904,
18.3758,16.8504,2.56444,0.960223,0.327907,-0.0935041,0.068268,0.674823,0.0420411,-0.0751293,0.0186817,0.113867,0.350582,0.0101007,1.00058,1.73873,
18.3756,16.8504,2.56744,0.960242,0.327846,-0.093467,0.0683006,0.674843,0.0380179,-0.0787356,0.0185295,0.111155,0.350518,0.0100398,0.960188,1.73842,
18.3753,16.8504,2.57043,0.96026,0.327785,-0.0934298,0.0683332,0.674862,0.0339946,-0.0823419,0.0183773,0.108444,0.350455,0.00997896,0.9198,1.73812,
18.3751,16.8504,2.57342,0.960279,0.327724,-0.0933927,0.0683658,0.674882,0.0299714,-0.0859482,0.0182251,0.105733,0.350391,0.00991812,0.879412,1.73781,
18.3748,16.8504,2.57641,0.960297,0.327663,-0.0933556,0.0683984,0.674901,0.0259482,-0.0895545,0.018073,0.103022,0.350328,0.00985727,0.839024,1.7375,
18.3746,16.8504,2.57941,0.960317,0.327598,-0.0933145,0.068429,0.674922,0.0224424,-0.0922587,0.0177726,0.100988,0.350259,0.0097754,0.805697,1.73717,
18.3743,16.8504,2.5824,0.960337,0.327532,-0.0932712,0.0684584,0.674943,0.0192214,-0.0944662,0.0173907,0.099326,0.350189,0.00968196,0.776256,1.73683,
18.3741,16.8504,2.58539,0.960358,0.327465,-0.0932246,0.0684856,0.674964,0.0174607,-0.0950113,0.0170417,0.0983083,0.350117,0.00956352,0.759843,1.73649,
18.3738,16.8504,2.58838,0.960379,0.327399,-0.0931756,0.0685112,0.674985,0.0167675,-0.0943412,0.0167168,0.0977614,0.350045,0.00942681,0.752953,1.73613,
18.3735,16.8504,2.59137,0.9604,0.327333,-0.0931268,0.0685368,0.675006,0.0160235,-0.093696,0.0164024,0.0972362,0.349972,0.00929459,0.745763,1.73578,
18.3733,16.8504,2.59437,0.960421,0.327266,-0.093079,0.0685628,0.675027,0.0149408,-0.0932178,0.0161589,0.0968563,0.3499,0.00919234,0.736565,1.73543,
18.373,16.8504,2.59736,0.960442,0.3272,-0.0930313,0.0685889,0.675049,0.013858,-0.0927396,0.0159153,0.0964765,0.349828,0.00909009,0.727367,1.73508,
18.3728,16.8504,2.60035,0.960463,0.327134,-0.0929835,0.0686149,0.67507,0.0127752,-0.0922614,0.0156717,0.0960966,0.349756,0.00898784,0.718169,1.73473,
18.3725,16.8504,2.60334,0.960485,0.327068,-0.0929357,0.0686409,0.675091,0.0116925,-0.0917832,0.0154281,0.0957168,0.349683,0.0088856,0.708971,1.73438,
18.3723,16.8504,2.60634,0.960506,0.327001,-0.092888,0.0686669,0.675113,0.0106097,-0.0913051,0.0151845,0.0953369,0.349611,0.00878335,0.699773,1.73403,
18.372,16.8504,2.60933,0.960527,0.326935,-0.0928402,0.0686929,0.675134,0.00952696,-0.0908269,0.014941,0.094957,0.349539,0.0086811,0.690575,1.73368,
18.3718,16.8504,2.61232,0.960548,0.326869,-0.0927925,0.068719,0.675155,0.0084442,-0.0903487,0.0146974,0.0945772,0.349467,0.00857885,0.681377,1.73333,
18.3715,16.8504,2.61531,0.960569,0.326803,-0.0927447,0.068745,0.675177,0.00736144,-0.0898705,0.0144538,0.0941973,0.349395,0.00847661,0.672179,1.73298,
18.3713,16.8504,2.61831,0.960591,0.326736,-0.092697,0.068771,0.675198,0.00627868,-0.0893923,0.0142102,0.0938175,0.349322,0.00837436,0.662981,1.73263,
18.371,16.8504,2.6213,0.960612,0.32667,-0.0926492,0.068797,0.675219,0.00519591,-0.0889141,0.0139666,0.0934376,0.34925,0.00827211,0.653784,1.73228,
18.3708,16.8504,2.62429,0.960633,0.326604,-0.0926014,0.0688231,0.675241,0.00411315,-0.0884359,0.013723,0.0930577,0.349178,0.00816986,0.644586,1.73193,
18.3705,16.8504,2.62728,0.960654,0.326538,-0.0925537,0.0688491,0.675262,0.00303039,-0.0879578,0.0134795,0.0926779,0.349106,0.00806762,0.635388,1.73158,
18.3703,16.8504,2.63028,0.960675,0.326471,-0.0925059,0.0688751,0.675283,0.00194763,-0.0874796,0.0132359,0.092298,0.349034,0.00796537,0.62619,1.73123,
18.37,16.8504,2.63327,0.960697,0.326405,-0.0924582,0.0689011,0.675305,0.000864866,-0.0870014,0.0129923,0.0919182,0.348961,0.00786312,0.616992,1.73088,
18.3698,16.8504,2.63626,0.960718,0.326339,-0.0924104,0.0689272,0.675326,-0.000217896,-0.0865232,0.0127487,0.0915383,0.348889,0.00776087,0.607794,1.73053,
18.3695,16.8504,2.63925,0.960739,0.326273,-0.0923627,0.0689532,0.675347,-0.00130066,-0.086045,0.0125051,0.0911584,0.348817,0.00765863,0.598596,1.73018,
18.3693,16.8504,2.64225,0.96076,0.326206,-0.0923149,0.0689792,0.675369,-0.00238342,-0.0855668,0.0122616,0.0907786,0.348745,0.00755638,0.589398,1.72983,
18.369,16.8504,2.64524,0.960782,0.32614,-0.0922671,0.0690052,0.67539,-0.00346618,-0.0850887,0.012018,0.0903987,0.348673,0.00745413,0.5802,1.72948,
18.3688,16.8504,2.64823,0.960803,0.326074,-0.0922194,0.0690313,0.675411,-0.00454894,-0.0846105,0.0117744,0.0900189,0.3486,0.00735188,0.571002,1.72913,
18.3685,16.8504,2.65122,0.960824,0.326008,-0.0921716,0.0690573,0.675433,-0.00563171,-0.0841323,0.0115308,0.089639,0.348528,0.00724964,0.561804,1.72878,
18.3683,16.8504,2.65422,0.960845,0.325941,-0.0921239,0.0690833,0.675454,-0.00671447,-0.0836541,0.0112872,0.0892591,0.348456,0.00714739,0.552606,1.72843,
18.368,16.8504,2.65721,0.960866,0.325875,-0.0920761,0.0691093,0.675475,-0.00779723,-0.0831759,0.0110437,0.0888793,0.348384,0.00704514,0.543408,1.72808,
18.3677,16.8504,2.6602,0.960888,0.325809,-0.0920283,0.0691354,0.675497,-0.00887999,-0.0826977,0.0108001,0.0884994,0.348312,0.00694289,0.53421,1.72773,
18.3675,16.8504,2.66319,0.960909,0.325743,-0.0919806,0.0691614,0.675518,-0.00996276,-0.0822195,0.0105565,0.0881196,0.348239,0.00684064,0.525012,1.72738,
18.3672,16.8504,2.66618,0.96093,0.325676,-0.0919328,0.0691874,0.675539,-0.0110455,-0.0817414,0.0103129,0.0877397,0.348167,0.0067384,0.515815,1.72703,
18.367,16.8504,2.66918,0.960951,0.32561,-0.0918851,0.0692134,0.675561,-0.0121283,-0.0812632,0.0100693,0.0873599,0.348095,0.00663615,0.506617,1.72668,
18.3667,16.8504,2.67217,0.960973,0.325544,-0.0918373,0.0692395,0.675582,-0.013211,-0.080785,0.00982575,0.08698,0.348023,0.0065339,0.497419,1.72633,
18.3665,16.8504,2.67516,0.960994,0.325478,-0.0917896,0.0692655,0.675603,-0.0142938,-0.0803068,0.00958217,0.0866001,0.347951,0.00643165,0.488221,1.72598,
18.3662,16.8504,2.67815,0.961015,0.325411,-0.0917418,0.0692915,0.675625,-0.0153766,-0.0798286,0.00933858,0.0862203,0.347878,0.00632941,0.479023,1.72563,
18.366,16.8504,2.68115,0.961036,0.325345,-0.091694,0.0693175,0.675646,-0.0164593,-0.0793504,0.009095,0.0858404,0.347806,0.00622716,0.469825,1.72528,
18.3657,16.8504,2.68414,0.961057,0.325279,-0.0916463,0.0693435,0.675667,-0.0175421,-0.0788722,0.00885142,0.0854606,0.347734,0.00612491,0.460627,1.72493,
18.3655,16.8504,2.68713,0.961079,0.325213,-0.0915985,0.0693696,0.675689,-0.0186249,-0.0783941,0.00860784,0.0850807,0.347662,0.00602266,0.451429,1.72458,
18.3652,16.8504,2.69012,0.9611,0.325146,-0.0915508,0.0693956,0.67571,-0.0197076,-0.0779159,0.00836426,0.0847008,0.34759,0.00592042,0.442231,1.72423,
18.365,16.8504,2.69312,0.961121,0.32508,-0.091503,0.0694216,0.675731,-0.0207904,-0.0774377,0.00812068,0.084321,0.347517,0.00581817,0.433033,1.72388,
18.3647,16.8504,2.69611,0.961142,0.325014,-0.0914553,0.0694476,0.675753,-0.0218731,-0.0769595,0.0078771,0.0839411,0.347445,0.00571592,0.423835,1.72353,
18.3645,16.8504,2.6991,0.961163,0.324948,-0.0914075,0.0694737,0.675774,-0.0229559,-0.0764813,0.00763352,0.0835613,0.347373,0.00561367,0.414637,1.72319,
18.3642,16.8504,2.70209,0.961185,0.324881,-0.0913597,0.0694997,0.675795,-0.0240387,-0.0760031,0.00738993,0.0831814,0.347301,0.00551143,0.405439,1.72284,
18.364,16.8504,2.70509,0.961206,0.324815,-0.091312,0.0695257,0.675817,-0.0251214,-0.075525,0.00714635,0.0828016,0.347229,0.00540918,0.396241,1.72249,
18.3637,16.8504,2.70808,0.961227,0.324749,-0.0912642,0.0695517,0.675838,-0.0262042,-0.0750468,0.00690277,0.0824217,0.347156,0.00530693,0.387043,1.72214,
18.3635,16.8504,2.71107,0.961248,0.324683,-0.0912165,0.0695778,0.675859,-0.0272869,-0.0745686,0.00665919,0.0820418,0.347084,0.00520468,0.377845,1.72179,
18.3632,16.8504,2.71406,0.96127,0.324616,-0.0911687,0.0696038,0.675881,-0.0283697,-0.0740904,0.00641561,0.081662,0.347012,0.00510244,0.368648,1.72144,
18.363,16.8504,2.71706,0.961291,0.32455,-0.091121,0.0696298,0.675902,-0.0294525,-0.0736122,0.00617203,0.0812821,0.34694,0.00500019,0.35945,1.72109,
18.3627,16.8504,2.72005,0.961312,0.324484,-0.0910732,0.0696558,0.675923,-0.0305352,-0.073134,0.00592845,0.0809022,0.346868,0.00489794,0.350252,1.72074,
18.3625,16.8504,2.72304,0.961333,0.324417,-0.0910254,0.0696819,0.675945,-0.031618,-0.0726558,0.00568486,0.0805224,0.346795,0.00479569,0.341054,1.72039,
18.3622,16.8504,2.72603,0.961354,0.324351,-0.0909777,0.0697079,0.675966,-0.0327008,-0.0721777,0.00544128,0.0801425,0.346723,0.00469344,0.331856,1.72004,
18.3619,16.8504,2.72903,0.961376,0.324285,-0.0909299,0.0697339,0.675987,-0.0337835,-0.0716995,0.0051977,0.0797627,0.346651,0.0045912,0.322658,1.71969,
18.3617,16.8504,2.73202,0.961396,0.324221,-0.0908828,0.0697597,0.676008,-0.0349407,-0.0714949,0.00497669,0.0798139,0.346581,0.00450255,0.315216,1.71935,
18.3614,16.8504,2.73501,0.961416,0.324164,-0.0908377,0.0697849,0.676027,-0.0363337,-0.0721563,0.0048271,0.0812297,0.346519,0.00445693,0.313334,1.71905,
18.3612,16.8504,2.738,0.961435,0.324108,-0.0907926,0.06981,0.676046,-0.0377266,-0.0728177,0.00467752,0.0826455,0.346458,0.00441132,0.311451,1.71875,
18.3609,16.8504,2.74099,0.961455,0.324051,-0.0907474,0.0698351,0.676065,-0.0391195,-0.0734791,0.00452793,0.0840613,0.346396,0.00436571,0.309568,1.71845,
18.3607,16.8504,2.74399,0.961474,0.323994,-0.0907023,0.0698603,0.676084,-0.0405124,-0.0741405,0.00437835,0.0854771,0.346334,0.00432009,0.307686,1.71815,
18.3604,16.8504,2.74698,0.961494,0.323937,-0.0906572,0.0698854,0.676103,-0.0419054,-0.0748019,0.00422876,0.0868929,0.346272,0.00427448,0.305803,1.71785,
18.3602,16.8504,2.74997,0.961513,0.323881,-0.0906121,0.0699105,0.676122,-0.0432983,-0.0754633,0.00407918,0.0883087,0.346211,0.00422887,0.30392,1.71755,
18.3599,16.8504,2.75296,0.961532,0.323824,-0.0905673,0.0699353,0.676141,-0.044579,-0.0761561,0.00392564,0.0896618,0.346149,0.00418512,0.301892,1.71725,
18.3597,16.8504,2.75596,0.961552,0.323768,-0.0905234,0.0699591,0.676159,-0.0455282,-0.0769414,0.00376045,0.09083,0.346088,0.0041469,0.299432,1.71696,
18.3594,16.8504,2.75895,0.961571,0.323713,-0.0904795,0.0699829,0.676178,-0.0464774,-0.0777267,0.00359525,0.0919981,0.346027,0.00410869,0.296972,1.71666,
18.3592,16.8504,2.76194,0.96159,0.323657,-0.0904356,0.0700067,0.676197,-0.0474266,-0.078512,0.00343005,0.0931662,0.345966,0.00407047,0.294512,1.71636,
18.3589,16.8504,2.76493,0.961609,0.323602,-0.0903917,0.0700305,0.676216,-0.0483758,-0.0792972,0.00326485,0.0943343,0.345905,0.00403225,0.292052,1.71607,
18.3587,16.8504,2.76793,0.961628,0.323546,-0.0903478,0.0700543,0.676234,-0.049325,-0.0800825,0.00309966,0.0955025,0.345845,0.00399403,0.289592,1.71577,
18.3584,16.8504,2.77092,0.961647,0.32349,-0.0903039,0.0700781,0.676253,-0.0502742,-0.0808678,0.00293446,0.0966706,0.345784,0.00395581,0.287132,1.71548,
18.3582,16.8504,2.77391,0.961667,0.323435,-0.09026,0.0701019,0.676272,-0.0512234,-0.0816531,0.00276926,0.0978387,0.345723,0.00391759,0.284673,1.71518,
18.3579,16.8504,2.7769,0.961686,0.323379,-0.0902161,0.0701257,0.67629,-0.0521726,-0.0824384,0.00260406,0.0990068,0.345662,0.00387937,0.282213,1.71489,
18.3577,16.8504,2.7799,0.961705,0.323323,-0.0901722,0.0701495,0.676309,-0.0531218,-0.0832237,0.00243886,0.100175,0.345601,0.00384115,0.279753,1.71459,
18.3574,16.8504,2.78289,0.961724,0.323268,-0.0901283,0.0701733,0.676328,-0.054071,-0.084009,0.00227367,0.101343,0.34554,0.00380294,0.277293,1.7143,
18.3572,16.8504,2.78588,0.961743,0.323212,-0.0900844,0.0701971,0.676347,-0.0550202,-0.0847943,0.00210847,0.102511,0.345479,0.00376472,0.274833,1.714,
18.3569,16.8504,2.78887,0.961762,0.323157,-0.0900405,0.0702209,0.676365,-0.0559694,-0.0855796,0.00194327,0.103679,0.345418,0.0037265,0.272373,1.7137,
18.3567,16.8504,2.79187,0.961782,0.323101,-0.0899966,0.0702446,0.676384,-0.0569186,-0.0863649,0.00177807,0.104847,0.345357,0.00368828,0.269913,1.71341,
18.3564,16.8504,2.79486,0.961801,0.323045,-0.0899527,0.0702684,0.676403,-0.0578678,-0.0871502,0.00161288,0.106016,0.345297,0.00365006,0.267454,1.71311,
18.3562,16.8504,2.79785,0.96182,0.32299,-0.0899088,0.0702922,0.676422,-0.058817,-0.0879355,0.00144768,0.107184,0.345236,0.00361184,0.264994,1.71282,
18.3559,16.8504,2.80084,0.961839,0.322934,-0.089865,0.070316,0.67644,-0.0597662,-0.0887208,0.00128248,0.108352,0.345175,0.00357362,0.262534,1.71252,
18.3556,16.8504,2.80384,0.961858,0.322878,-0.0898211,0.0703398,0.676459,-0.0607154,-0.0895061,0.00111728,0.10952,0.345114,0.00353541,0.260074,1.71223,
18.3554,16.8504,2.80683,0.961878,0.322823,-0.0897772,0.0703636,0.676478,-0.0616646,-0.0902913,0.000952084,0.110688,0.345053,0.00349719,0.257614,1.71193,
18.3551,16.8504,2.80982,0.961897,0.322767,-0.0897333,0.0703874,0.676496,-0.0626138,-0.0910766,0.000786887,0.111856,0.344992,0.00345897,0.255154,1.71164,
18.3549,16.8504,2.81281,0.961916,0.322712,-0.0896894,0.0704112,0.676515,-0.063563,-0.0918619,0.000621689,0.113024,0.344931,0.00342075,0.252694,1.71134,
18.3546,16.8504,2.8158,0.961935,0.322656,-0.0896455,0.070435,0.676534,-0.0645122,-0.0926472,0.000456491,0.114192,0.34487,0.00338253,0.250235,1.71105,
18.3544,16.8504,2.8188,0.961954,0.3226,-0.0896016,0.0704588,0.676553,-0.0654614,-0.0934325,0.000291293,0.115361,0.34481,0.00334431,0.247775,1.71075,
18.3541,16.8504,2.82179,0.961973,0.322545,-0.0895577,0.0704826,0.676571,-0.0664106,-0.0942178,0.000126095,0.116529,0.344749,0.00330609,0.245315,1.71045,
18.3539,16.8504,2.82478,0.961993,0.322489,-0.0895138,0.0705064,0.67659,-0.0673598,-0.0950031,-3.91023e-05,0.117697,0.344688,0.00326787,0.242855,1.71016,
18.3536,16.8504,2.82777,0.962012,0.322433,-0.0894699,0.0705302,0.676609,-0.068309,-0.0957884,-0.0002043,0.118865,0.344627,0.00322966,0.240395,1.70986,
18.3534,16.8504,2.83077,0.962031,0.322378,-0.089426,0.070554,0.676627,-0.0692582,-0.0965737,-0.000369498,0.120033,0.344566,0.00319144,0.237935,1.70957,
18.3531,16.8504,2.83376,0.96205,0.322322,-0.0893821,0.0705777,0.676646,-0.0702074,-0.097359,-0.000534696,0.121201,0.344505,0.00315322,0.235475,1.70927,
18.3529,16.8504,2.83675,0.962069,0.322267,-0.0893382,0.0706015,0.676665,-0.0711566,-0.0981443,-0.000699893,0.122369,0.344444,0.003115,0.233016,1.70898,
18.3526,16.8504,2.83974,0.962088,0.322211,-0.0892943,0.0706253,0.676684,-0.0721058,-0.0989296,-0.000865091,0.123537,0.344383,0.00307678,0.230556,1.70868,
18.3524,16.8504,2.84274,0.962108,0.322155,-0.0892504,0.0706491,0.676702,-0.073055,-0.0997149,-0.00103029,0.124706,0.344322,0.00303856,0.228096,1.70839,
18.3521,16.8504,2.84573,0.962127,0.3221,-0.0892065,0.0706729,0.676721,-0.0740042,-0.1005,-0.00119549,0.125874,0.344262,0.00300034,0.225636,1.70809,
18.3519,16.8504,2.84872,0.962146,0.322044,-0.0891626,0.0706967,0.67674,-0.0749534,-0.101285,-0.00136068,0.127042,0.344201,0.00296213,0.223176,1.7078,
18.3516,16.8504,2.85171,0.962165,0.321988,-0.0891188,0.0707205,0.676759,-0.0759026,-0.102071,-0.00152588,0.12821,0.34414,0.00292391,0.220716,1.7075,
18.3514,16.8504,2.85471,0.962184,0.321933,-0.0890749,0.0707443,0.676777,-0.0768518,-0.102856,-0.00169108,0.129378,0.344079,0.00288569,0.218256,1.7072,
18.3511,16.8504,2.8577,0.962204,0.321877,-0.089031,0.0707681,0.676796,-0.077801,-0.103641,-0.00185628,0.130546,0.344018,0.00284747,0.215797,1.70691,
18.3509,16.8504,2.86069,0.962223,0.321822,-0.0889871,0.0707919,0.676815,-0.0787502,-0.104427,-0.00202148,0.131714,0.343957,0.00280925,0.213337,1.70661,
18.3506,16.8504,2.86368,0.962242,0.321766,-0.0889432,0.0708157,0.676833,-0.0796994,-0.105212,-0.00218667,0.132883,0.343896,0.00277103,0.210877,1.70632,
18.3504,16.8504,2.86668,0.962261,0.32171,-0.0888993,0.0708395,0.676852,-0.0806486,-0.105997,-0.00235187,0.134051,0.343835,0.00273281,0.208417,1.70602,
18.3501,16.8504,2.86967,0.96228,0.321655,-0.0888554,0.0708633,0.676871,-0.0815978,-0.106782,-0.00251707,0.135219,0.343774,0.0026946,0.205957,1.70573,
18.3498,16.8504,2.87266,0.962299,0.321599,-0.0888115,0.070887,0.67689,-0.082547,-0.107568,-0.00268227,0.136387,0.343714,0.00265638,0.203497,1.70543,
18.3496,16.8504,2.87565,0.962319,0.321543,-0.0887676,0.0709108,0.676908,-0.0834962,-0.108353,-0.00284746,0.137555,0.343653,0.00261816,0.201037,1.70514,
18.3493,16.8504,2.87865,0.962338,0.321488,-0.0887237,0.0709346,0.676927,-0.0844454,-0.109138,-0.00301266,0.138723,0.343592,0.00257994,0.198578,1.70484,
18.3491,16.8504,2.88164,0.962353,0.321423,-0.0886691,0.0709536,0.676942,-0.0842884,-0.109228,-0.00267698,0.138677,0.343519,0.00212341,0.19818,1.70449,
18.3488,16.8504,2.88463,0.962367,0.321357,-0.0886134,0.070972,0.676956,-0.0840118,-0.109242,-0.00228718,0.138499,0.343445,0.00162168,0.198006,1.70412,
18.3486,16.8504,2.88762,0.962382,0.321291,-0.0885577,0.0709905,0.67697,-0.0837352,-0.109256,-0.00189737,0.138321,0.343371,0.00111995,0.197831,1.70376,
18.3483,16.8504,2.89061,0.962397,0.321225,-0.088502,0.0710089,0.676984,-0.0834587,-0.109271,-0.00150757,0.138144,0.343297,0.000618215,0.197657,1.7034,
18.3481,16.8504,2.89361,0.962411,0.321159,-0.0884463,0.0710274,0.676999,-0.0831821,-0.109285,-0.00111776,0.137966,0.343223,0.000116484,0.197483,1.70304,
18.3478,16.8504,2.8966,0.962426,0.321093,-0.0883906,0.0710458,0.677013,-0.0829055,-0.109299,-0.00072796,0.137789,0.343149,-0.000385248,0.197308,1.70267,
18.3476,16.8504,2.89959,0.96244,0.321027,-0.0883348,0.0710643,0.677027,-0.082629,-0.109314,-0.000338156,0.137611,0.343075,-0.000886979,0.197134,1.70231,
18.3473,16.8504,2.90258,0.962455,0.320961,-0.0882791,0.0710827,0.677041,-0.0823524,-0.109328,5.16484e-05,0.137433,0.343001,-0.00138871,0.19696,1.70195,
18.3471,16.8504,2.90558,0.96247,0.320896,-0.0882234,0.0711012,0.677056,-0.0820758,-0.109342,0.000441452,0.137256,0.342927,-0.00189044,0.196785,1.70159,
18.3468,16.8504,2.90857,0.962484,0.32083,-0.0881677,0.0711196,0.67707,-0.0817992,-0.109356,0.000831257,0.137078,0.342853,-0.00239217,0.196611,1.70122,
18.3466,16.8504,2.91156,0.962499,0.320764,-0.088112,0.0711381,0.677084,-0.0815227,-0.109371,0.00122106,0.1369,0.342779,-0.0028939,0.196436,1.70086,
18.3463,16.8504,2.91455,0.962516,0.320697,-0.0880579,0.0711588,0.677101,-0.0813008,-0.109138,0.00125694,0.136605,0.342705,-0.00325336,0.196155,1.7005,
18.3461,16.8504,2.91755,0.962538,0.320629,-0.0880064,0.0711832,0.677122,-0.08117,-0.108496,0.000704814,0.136114,0.342631,-0.00337644,0.195695,1.70014,
18.3458,16.8504,2.92054,0.962559,0.320562,-0.087955,0.0712077,0.677143,-0.0810391,-0.107854,0.000152687,0.135623,0.342557,-0.00349951,0.195236,1.69978,
18.3456,16.8504,2.92353,0.962581,0.320494,-0.0879036,0.0712322,0.677164,-0.0809082,-0.107211,-0.00039944,0.135131,0.342483,-0.00362259,0.194776,1.69942,
18.3453,16.8504,2.92652,0.962603,0.320426,-0.0878522,0.0712566,0.677186,-0.0807773,-0.106569,-0.000951567,0.13464,0.342408,-0.00374567,0.194317,1.69906,
18.3451,16.8504,2.92952,0.962624,0.320358,-0.0878008,0.0712811,0.677207,-0.0806465,-0.105927,-0.00150369,0.134149,0.342334,-0.00386875,0.193857,1.6987,
18.3448,16.8504,2.93251,0.962646,0.32029,-0.0877494,0.0713055,0.677228,-0.0805156,-0.105284,-0.00205582,0.133658,0.34226,-0.00399182,0.193398,1.69834,
18.3446,16.8504,2.9355,0.962668,0.320223,-0.087698,0.07133,0.677249,-0.0803847,-0.104642,-0.00260795,0.133167,0.342186,-0.0041149,0.192938,1.69798,
18.3443,16.8504,2.93849,0.96269,0.320155,-0.0876465,0.0713544,0.67727,-0.0802539,-0.104,-0.00316007,0.132676,0.342112,-0.00423798,0.192479,1.69762,
18.344,16.8504,2.94149,0.962711,0.320087,-0.0875951,0.0713789,0.677292,-0.080123,-0.103357,-0.0037122,0.132185,0.342038,-0.00436106,0.192019,1.69726,
18.3438,16.8504,2.94448,0.962733,0.320019,-0.0875437,0.0714033,0.677313,-0.0799921,-0.102715,-0.00426433,0.131693,0.341964,-0.00448413,0.191559,1.6969,
18.3435,16.8504,2.94747,0.962755,0.319952,-0.0874923,0.0714278,0.677334,-0.0798612,-0.102073,-0.00481646,0.131202,0.34189,-0.00460721,0.1911,1.69654,
18.3433,16.8504,2.95046,0.962776,0.319884,-0.0874409,0.0714523,0.677355,-0.0797304,-0.101431,-0.00536858,0.130711,0.341816,-0.00473029,0.19064,1.69618,
18.343,16.8504,2.95346,0.962798,0.319816,-0.0873895,0.0714767,0.677376,-0.0795995,-0.100788,-0.00592071,0.13022,0.341742,-0.00485337,0.190181,1.69582,
18.3428,16.8504,2.95645,0.96282,0.319748,-0.0873381,0.0715012,0.677397,-0.0794686,-0.100146,-0.00647284,0.129729,0.341667,-0.00497645,0.189721,1.69546,
18.3425,16.8504,2.95944,0.962841,0.31968,-0.0872866,0.0715256,0.677419,-0.0793377,-0.0995037,-0.00702496,0.129238,0.341593,-0.00509952,0.189262,1.6951,
18.3423,16.8504,2.96243,0.962863,0.319613,-0.0872352,0.0715501,0.67744,-0.0792069,-0.0988614,-0.00757709,0.128747,0.341519,-0.0052226,0.188802,1.69474,
18.342,16.8504,2.96542,0.962885,0.319545,-0.0871838,0.0715745,0.677461,-0.079076,-0.0982191,-0.00812922,0.128255,0.341445,-0.00534568,0.188343,1.69438,
18.3418,16.8504,2.96842,0.962906,0.319477,-0.0871324,0.071599,0.677482,-0.0789451,-0.0975768,-0.00868134,0.127764,0.341371,-0.00546876,0.187883,1.69402,
18.3415,16.8504,2.97141,0.962928,0.319409,-0.087081,0.0716235,0.677503,-0.0788142,-0.0969344,-0.00923347,0.127273,0.341297,-0.00559183,0.187424,1.69366,
18.3413,16.8504,2.9744,0.96295,0.319342,-0.0870296,0.0716479,0.677525,-0.0786834,-0.0962921,-0.0097856,0.126782,0.341223,-0.00571491,0.186964,1.6933,
18.341,16.8504,2.97739,0.962971,0.319274,-0.0869781,0.0716724,0.677546,-0.0785525,-0.0956498,-0.0103377,0.126291,0.341149,-0.00583799,0.186505,1.69294,
18.3408,16.8504,2.98039,0.962993,0.319206,-0.0869267,0.0716968,0.677567,-0.0784216,-0.0950075,-0.0108899,0.1258,0.341075,-0.00596107,0.186045,1.69257,
18.3405,16.8504,2.98338,0.963015,0.319138,-0.0868753,0.0717213,0.677588,-0.0782907,-0.0943652,-0.011442,0.125309,0.341001,-0.00608414,0.185586,1.69221,
18.3403,16.8504,2.98637,0.963036,0.31907,-0.0868239,0.0717457,0.677609,-0.0781599,-0.0937229,-0.0119941,0.124817,0.340927,-0.00620722,0.185126,1.69185,
18.34,16.8504,2.98936,0.963058,0.319003,-0.0867725,0.0717702,0.67763,-0.078029,-0.0930806,-0.0125462,0.124326,0.340852,-0.0063303,0.184666,1.69149,
18.3398,16.8504,2.99236,0.96308,0.318935,-0.0867211,0.0717947,0.677652,-0.0778981,-0.0924383,-0.0130984,0.123835,0.340778,-0.00645338,0.184207,1.69113,
18.3395,16.8504,2.99535,0.963101,0.318867,-0.0866697,0.0718191,0.677673,-0.0777672,-0.091796,-0.0136505,0.123344,0.340704,-0.00657646,0.183747,1.69077,
18.3393,16.8504,2.99834,0.963123,0.318799,-0.0866182,0.0718436,0.677694,-0.0776364,-0.0911537,-0.0142026,0.122853,0.34063,-0.00669953,0.183288,1.69041,
18.339,16.8504,3.00133,0.963145,0.318732,-0.0865668,0.071868,0.677715,-0.0775055,-0.0905114,-0.0147547,0.122362,0.340556,-0.00682261,0.182828,1.69005,
18.3388,16.8504,3.00433,0.963166,0.318664,-0.0865154,0.0718925,0.677736,-0.0773746,-0.0898691,-0.0153069,0.121871,0.340482,-0.00694569,0.182369,1.68969,
18.3385,16.8504,3.00732,0.963188,0.318596,-0.086464,0.0719169,0.677758,-0.0772437,-0.0892268,-0.015859,0.121379,0.340408,-0.00706877,0.181909,1.68933,
18.3382,16.8504,3.01031,0.96321,0.318528,-0.0864126,0.0719414,0.677779,-0.0771129,-0.0885845,-0.0164111,0.120888,0.340334,-0.00719184,0.18145,1.68897,
18.338,16.8504,3.0133,0.963231,0.31846,-0.0863612,0.0719658,0.6778,-0.076982,-0.0879422,-0.0169632,0.120397,0.34026,-0.00731492,0.18099,1.68861,
18.3377,16.8504,3.0163,0.963253,0.318393,-0.0863098,0.0719903,0.677821,-0.0768511,-0.0872999,-0.0175154,0.119906,0.340186,-0.007438,0.180531,1.68825,
18.3375,16.8504,3.01929,0.963275,0.318325,-0.0862583,0.0720148,0.677842,-0.0767202,-0.0866576,-0.0180675,0.119415,0.340111,-0.00756108,0.180071,1.68789,
18.3372,16.8504,3.02228,0.963296,0.318257,-0.0862069,0.0720392,0.677863,-0.0765894,-0.0860153,-0.0186196,0.118924,0.340037,-0.00768415,0.179612,1.68753,
18.337,16.8504,3.02527,0.963318,0.318189,-0.0861555,0.0720637,0.677885,-0.0764585,-0.085373,-0.0191718,0.118433,0.339963,-0.00780723,0.179152,1.68717,
18.3367,16.8504,3.02827,0.963331,0.318137,-0.0861108,0.0720876,0.677898,-0.0753919,-0.0837989,-0.0186979,0.117488,0.339906,-0.00808291,0.179067,1.68689,
18.3365,16.8504,3.03126,0.963338,0.318097,-0.0860714,0.0721112,0.677904,-0.0736045,-0.0815071,-0.0174337,0.116193,0.339863,-0.00847614,0.179272,1.68668,
18.3362,16.8504,3.03425,0.963344,0.318057,-0.0860319,0.0721347,0.67791,-0.0718172,-0.0792152,-0.0161695,0.114899,0.339819,-0.00886938,0.179476,1.68646,
18.336,16.8504,3.03724,0.963351,0.318016,-0.0859924,0.0721583,0.677917,-0.0700298,-0.0769234,-0.0149053,0.113604,0.339776,-0.00926261,0.17968,1.68625,
18.3357,16.8504,3.04023,0.963358,0.317976,-0.085953,0.0721818,0.677923,-0.0682424,-0.0746316,-0.0136411,0.11231,0.339732,-0.00965584,0.179884,1.68604,
18.3355,16.8504,3.04323,0.963364,0.317936,-0.0859135,0.0722054,0.67793,-0.066455,-0.0723397,-0.0123769,0.111015,0.339688,-0.0100491,0.180089,1.68582,
18.3352,16.8504,3.04622,0.963371,0.317896,-0.0858741,0.0722289,0.677936,-0.0646677,-0.0700479,-0.0111126,0.10972,0.339645,-0.0104423,0.180293,1.68561,
18.335,16.8504,3.04921,0.963377,0.317856,-0.0858346,0.0722525,0.677942,-0.0628803,-0.0677561,-0.00984844,0.108426,0.339601,-0.0108355,0.180497,1.68539,
18.3347,16.8504,3.0522,0.963384,0.317815,-0.0857951,0.072276,0.677949,-0.0610929,-0.0654643,-0.00858424,0.107131,0.339557,-0.0112288,0.180701,1.68518,
18.3345,16.8504,3.0552,0.96339,0.317775,-0.0857557,0.0722996,0.677955,-0.0593056,-0.0631724,-0.00732003,0.105837,0.339514,-0.011622,0.180905,1.68496,
18.3342,16.8504,3.05819,0.963397,0.317735,-0.0857162,0.0723231,0.677962,-0.0575182,-0.0608806,-0.00605582,0.104542,0.33947,-0.0120152,0.18111,1.68475,
18.334,16.8504,3.06118,0.963404,0.317695,-0.0856767,0.0723467,0.677968,-0.0557308,-0.0585888,-0.00479162,0.103248,0.339427,-0.0124085,0.181314,1.68454,
18.3337,16.8504,3.06417,0.96341,0.317655,-0.0856373,0.0723702,0.677974,-0.0539435,-0.0562969,-0.00352741,0.101953,0.339383,-0.0128017,0.181518,1.68432,
18.3335,16.8504,3.06717,0.963417,0.317614,-0.0855978,0.0723938,0.677981,-0.0521561,-0.0540051,-0.00226321,0.100659,0.339339,-0.0131949,0.181722,1.68411,
18.3332,16.8504,3.07016,0.963423,0.317574,-0.0855583,0.0724173,0.677987,-0.0503687,-0.0517133,-0.000999001,0.0993643,0.339296,-0.0135882,0.181926,1.68389,
18.333,16.8504,3.07315,0.96343,0.317534,-0.0855189,0.0724409,0.677994,-0.0485814,-0.0494214,0.000265205,0.0980697,0.339252,-0.0139814,0.182131,1.68368,
18.3327,16.8504,3.07614,0.963437,0.317494,-0.0854794,0.0724644,0.678,-0.046794,-0.0471296,0.00152941,0.0967752,0.339209,-0.0143746,0.182335,1.68346,
18.3325,16.8504,3.07914,0.963443,0.317454,-0.0854399,0.072488,0.678006,-0.0450066,-0.0448378,0.00279362,0.0954807,0.339165,-0.0147678,0.182539,1.68325,
18.3322,16.8504,3.08213,0.96345,0.317413,-0.0854005,0.0725115,0.678013,-0.0432192,-0.0425459,0.00405782,0.0941861,0.339121,-0.0151611,0.182743,1.68303,
18.3319,16.8504,3.08512,0.963456,0.317373,-0.085361,0.0725351,0.678019,-0.0414319,-0.0402541,0.00532203,0.0928916,0.339078,-0.0155543,0.182947,1.68282,
18.3317,16.8504,3.08811,0.963463,0.317333,-0.0853215,0.0725586,0.678026,-0.0396445,-0.0379623,0.00658623,0.0915971,0.339034,-0.0159475,0.183152,1.68261,
18.3314,16.8504,3.09111,0.963469,0.317293,-0.0852821,0.0725822,0.678032,-0.0378571,-0.0356704,0.00785044,0.0903026,0.338991,-0.0163408,0.183356,1.68239,
18.3312,16.8504,3.0941,0.963476,0.317252,-0.0852426,0.0726058,0.678038,-0.0360698,-0.0333786,0.00911465,0.089008,0.338947,-0.016734,0.18356,1.68218,
18.3309,16.8504,3.09709,0.963499,0.317204,-0.085207,0.0726224,0.678061,-0.0337701,-0.0307565,0.00897936,0.0877252,0.338894,-0.0163962,0.183737,1.68192,
18.3307,16.8504,3.10008,0.963524,0.317155,-0.0851716,0.0726385,0.678085,-0.0314366,-0.0281126,0.00875202,0.0864431,0.33884,-0.0160103,0.183913,1.68167,
18.3304,16.8504,3.10308,0.963548,0.317106,-0.0851362,0.0726547,0.678109,-0.0291032,-0.0254688,0.00852469,0.085161,0.338787,-0.0156245,0.184088,1.68141,
18.3302,16.8504,3.10607,0.963572,0.317057,-0.0851008,0.0726708,0.678133,-0.0267698,-0.0228249,0.00829735,0.0838789,0.338733,-0.0152386,0.184264,1.68115,
18.3299,16.8504,3.10906,0.963597,0.317008,-0.0850655,0.072687,0.678157,-0.0244364,-0.0201811,0.00807001,0.0825969,0.33868,-0.0148527,0.184439,1.68089,
18.3297,16.8504,3.11205,0.963621,0.316959,-0.0850301,0.0727032,0.678181,-0.022103,-0.0175372,0.00784267,0.0813148,0.338626,-0.0144668,0.184615,1.68064,
18.3294,16.8504,3.11504,0.963646,0.31691,-0.0849947,0.0727193,0.678205,-0.0197696,-0.0148934,0.00761533,0.0800327,0.338572,-0.0140809,0.18479,1.68038,
18.3292,16.8504,3.11804,0.96367,0.316861,-0.0849593,0.0727355,0.678229,-0.0174362,-0.0122495,0.00738799,0.0787506,0.338519,-0.0136951,0.184965,1.68012,
18.3289,16.8504,3.12103,0.963694,0.316812,-0.084924,0.0727516,0.678253,-0.0151028,-0.00960568,0.00716065,0.0774686,0.338465,-0.0133092,0.185141,1.67986,
18.3287,16.8504,3.12402,0.963719,0.316763,-0.0848886,0.0727678,0.678277,-0.0127693,-0.00696183,0.00693331,0.0761865,0.338412,-0.0129233,0.185316,1.67961,
18.3284,16.8504,3.12701,0.963743,0.316714,-0.0848532,0.072784,0.678301,-0.0104359,-0.00431798,0.00670597,0.0749044,0.338358,-0.0125374,0.185492,1.67935,
18.3282,16.8504,3.13001,0.963767,0.316665,-0.0848178,0.0728001,0.678325,-0.00810252,-0.00167413,0.00647863,0.0736223,0.338305,-0.0121515,0.185667,1.67909,
18.3279,16.8504,3.133,0.963792,0.316616,-0.0847825,0.0728163,0.678349,-0.00576911,0.000969718,0.00625129,0.0723402,0.338251,-0.0117657,0.185843,1.67883,
18.3277,16.8504,3.13599,0.963816,0.316566,-0.0847471,0.0728324,0.678373,-0.0034357,0.00361357,0.00602395,0.0710581,0.338197,-0.0113798,0.186018,1.67858,
18.3274,16.8504,3.13898,0.96384,0.316517,-0.0847117,0.0728486,0.678397,-0.00110228,0.00625742,0.00579662,0.0697761,0.338144,-0.0109939,0.186193,1.67832,
18.3272,16.8504,3.14198,0.963865,0.316468,-0.0846763,0.0728647,0.678421,0.00123113,0.00890127,0.00556928,0.068494,0.33809,-0.010608,0.186369,1.67806,
18.3269,16.8504,3.14497,0.963889,0.316419,-0.0846409,0.0728809,0.678445,0.00356454,0.0115451,0.00534194,0.0672119,0.338037,-0.0102222,0.186544,1.6778,
18.3267,16.8504,3.14796,0.963914,0.31637,-0.0846056,0.0728971,0.678469,0.00589795,0.014189,0.0051146,0.0659298,0.337983,-0.00983628,0.18672,1.67755,
18.3264,16.8504,3.15095,0.963938,0.316321,-0.0845702,0.0729132,0.678493,0.00823137,0.0168328,0.00488726,0.0646477,0.337929,-0.0094504,0.186895,1.67729,
18.3261,16.8504,3.15395,0.963962,0.316272,-0.0845348,0.0729294,0.678517,0.0105648,0.0194767,0.00465992,0.0633657,0.337876,-0.00906452,0.187071,1.67703,
18.3259,16.8504,3.15694,0.963987,0.316223,-0.0844994,0.0729455,0.678541,0.0128982,0.0221205,0.00443258,0.0620836,0.337822,-0.00867864,0.187246,1.67677,
18.3256,16.8504,3.15993,0.964011,0.316174,-0.0844641,0.0729617,0.678565,0.0152316,0.0247644,0.00420524,0.0608015,0.337769,-0.00829276,0.187422,1.67652,
18.3254,16.8504,3.16292,0.964035,0.316125,-0.0844287,0.0729779,0.678589,0.017565,0.0274082,0.0039779,0.0595194,0.337715,-0.00790688,0.187597,1.67626,
18.3251,16.8504,3.16592,0.96406,0.316076,-0.0843933,0.072994,0.678613,0.0198984,0.0300521,0.00375056,0.0582374,0.337662,-0.007521,0.187772,1.676,
18.3249,16.8504,3.16891,0.964084,0.316027,-0.0843579,0.0730102,0.678637,0.0222318,0.0326959,0.00352322,0.0569553,0.337608,-0.00713512,0.187948,1.67575,
18.3246,16.8504,3.1719,0.964109,0.315978,-0.0843226,0.0730263,0.678661,0.0245652,0.0353398,0.00329588,0.0556732,0.337554,-0.00674925,0.188123,1.67549,
18.3244,16.8504,3.17489,0.964133,0.315929,-0.0842872,0.0730425,0.678685,0.0268987,0.0379836,0.00306855,0.0543911,0.337501,-0.00636337,0.188299,1.67523,
18.3241,16.8504,3.17789,0.964157,0.31588,-0.0842518,0.0730586,0.678709,0.0292321,0.0406275,0.00284121,0.053109,0.337447,-0.00597749,0.188474,1.67497,
18.3239,16.8504,3.18088,0.964179,0.315831,-0.0842155,0.0730745,0.678731,0.0305888,0.0421383,0.00268815,0.052183,0.337394,-0.00573961,0.188645,1.67471,
18.3236,16.8504,3.18387,0.964196,0.315782,-0.0841776,0.0730898,0.678747,0.0303875,0.0418419,0.00265358,0.0518247,0.33734,-0.0057378,0.188809,1.67445,
18.3234,16.8504,3.18686,0.964213,0.315733,-0.0841397,0.0731051,0.678764,0.0301863,0.0415455,0.002619,0.0514665,0.337286,-0.00573598,0.188972,1.67419,
18.3231,16.8504,3.18985,0.96423,0.315684,-0.0841018,0.0731203,0.678781,0.0299851,0.041249,0.00258443,0.0511083,0.337233,-0.00573417,0.189136,1.67393,
18.3229,16.8504,3.19285,0.964247,0.315635,-0.0840639,0.0731356,0.678798,0.0297839,0.0409526,0.00254986,0.0507501,0.337179,-0.00573236,0.189299,1.67367,
18.3226,16.8504,3.19584,0.964264,0.315586,-0.084026,0.0731509,0.678815,0.0295826,0.0406562,0.00251528,0.0503919,0.337126,-0.00573054,0.189463,1.67341,
18.3224,16.8504,3.19883,0.964281,0.315537,-0.0839881,0.0731662,0.678831,0.0293814,0.0403598,0.00248071,0.0500337,0.337072,-0.00572873,0.189627,1.67315,
18.3221,16.8504,3.20182,0.964298,0.315488,-0.0839502,0.0731815,0.678848,0.0291802,0.0400634,0.00244614,0.0496755,0.337018,-0.00572692,0.18979,1.67289,
18.3219,16.8504,3.20482,0.964315,0.31544,-0.0839123,0.0731968,0.678865,0.0289789,0.0397669,0.00241156,0.0493172,0.336965,-0.00572511,0.189954,1.67263,
18.3216,16.8504,3.20781,0.964332,0.315391,-0.0838744,0.0732121,0.678882,0.0287777,0.0394705,0.00237699,0.048959,0.336911,-0.00572329,0.190117,1.67237,
18.3214,16.8504,3.2108,0.964349,0.315342,-0.0838365,0.0732274,0.678899,0.0285765,0.0391741,0.00234242,0.0486008,0.336857,-0.00572148,0.190281,1.67211,
18.3211,16.8504,3.21379,0.964366,0.315293,-0.0837986,0.0732427,0.678915,0.0283752,0.0388777,0.00230784,0.0482426,0.336804,-0.00571967,0.190444,1.67185,
18.3209,16.8504,3.21679,0.964383,0.315244,-0.0837607,0.073258,0.678932,0.028174,0.0385813,0.00227327,0.0478844,0.33675,-0.00571785,0.190608,1.67159,
18.3206,16.8504,3.21978,0.9644,0.315195,-0.0837228,0.0732733,0.678949,0.0279728,0.0382848,0.0022387,0.0475262,0.336697,-0.00571604,0.190771,1.67133,
18.3203,16.8504,3.22277,0.964417,0.315146,-0.0836849,0.0732886,0.678966,0.0277716,0.0379884,0.00220412,0.047168,0.336643,-0.00571423,0.190935,1.67107,
18.3201,16.8504,3.22576,0.964433,0.315097,-0.083647,0.0733038,0.678983,0.0275703,0.037692,0.00216955,0.0468097,0.336589,-0.00571242,0.191099,1.67081,
18.3198,16.8504,3.22876,0.96445,0.315048,-0.0836091,0.0733191,0.678999,0.0273691,0.0373956,0.00213498,0.0464515,0.336536,-0.0057106,0.191262,1.67055,
18.3196,16.8504,3.23175,0.964467,0.314999,-0.0835712,0.0733344,0.679016,0.0271679,0.0370992,0.00210041,0.0460933,0.336482,-0.00570879,0.191426,1.67029,
18.3193,16.8504,3.23474,0.964484,0.31495,-0.0835333,0.0733497,0.679033,0.0269666,0.0368027,0.00206583,0.0457351,0.336429,-0.00570698,0.191589,1.67003,
18.3191,16.8504,3.23773,0.964501,0.314901,-0.0834954,0.073365,0.67905,0.0267654,0.0365063,0.00203126,0.0453769,0.336375,-0.00570516,0.191753,1.66977,
18.3188,16.8504,3.24073,0.964518,0.314852,-0.0834575,0.0733803,0.679067,0.0265642,0.0362099,0.00199669,0.0450187,0.336321,-0.00570335,0.191916,1.66951,
18.3186,16.8504,3.24372,0.964535,0.314804,-0.0834197,0.0733956,0.679083,0.026363,0.0359135,0.00196211,0.0446604,0.336268,-0.00570154,0.19208,1.66925,
18.3183,16.8504,3.24671,0.964552,0.314755,-0.0833818,0.0734109,0.6791,0.0261617,0.0356171,0.00192754,0.0443022,0.336214,-0.00569973,0.192244,1.66899,
18.3181,16.8504,3.2497,0.964569,0.314706,-0.0833439,0.0734262,0.679117,0.0259605,0.0353206,0.00189297,0.043944,0.33616,-0.00569791,0.192407,1.66873,
18.3178,16.8504,3.2527,0.964586,0.314657,-0.083306,0.0734415,0.679134,0.0257593,0.0350242,0.00185839,0.0435858,0.336107,-0.0056961,0.192571,1.66847,
18.3176,16.8504,3.25569,0.964603,0.314608,-0.0832681,0.0734568,0.679151,0.025558,0.0347278,0.00182382,0.0432276,0.336053,-0.00569429,0.192734,1.66821,
18.3173,16.8504,3.25868,0.96462,0.314559,-0.0832302,0.0734721,0.679167,0.0253568,0.0344314,0.00178925,0.0428694,0.336,-0.00569248,0.192898,1.66795,
18.3171,16.8504,3.26167,0.964637,0.31451,-0.0831923,0.0734873,0.679184,0.0251556,0.034135,0.00175467,0.0425112,0.335946,-0.00569066,0.193061,1.66769,
18.3168,16.8504,3.26466,0.964654,0.314461,-0.0831544,0.0735026,0.679201,0.0249544,0.0338385,0.0017201,0.0421529,0.335892,-0.00568885,0.193225,1.66743,
18.3166,16.8504,3.26766,0.964671,0.314412,-0.0831165,0.0735179,0.679218,0.0247531,0.0335421,0.00168553,0.0417947,0.335839,-0.00568704,0.193389,1.66717,
18.3163,16.8504,3.27065,0.964688,0.314363,-0.0830786,0.0735332,0.679235,0.0245519,0.0332457,0.00165095,0.0414365,0.335785,-0.00568522,0.193552,1.66691,
18.3161,16.8504,3.27364,0.964705,0.314314,-0.0830407,0.0735485,0.679251,0.0243507,0.0329493,0.00161638,0.0410783,0.335732,-0.00568341,0.193716,1.66665,
18.3158,16.8504,3.27663,0.964722,0.314265,-0.0830028,0.0735638,0.679268,0.0241494,0.0326529,0.00158181,0.0407201,0.335678,-0.0056816,0.193879,1.66639,
18.3156,16.8504,3.27963,0.964739,0.314216,-0.0829649,0.0735791,0.679285,0.0239482,0.0323564,0.00154723,0.0403619,0.335624,-0.00567979,0.194043,1.66613,
18.3153,16.8504,3.28262,0.964756,0.314168,-0.0829276,0.0735956,0.679302,0.0237972,0.0320881,0.00152473,0.0400572,0.335572,-0.00567673,0.194217,1.66587,
18.3151,16.8504,3.28561,0.964772,0.314122,-0.0828915,0.0736144,0.679317,0.0237472,0.0318761,0.00152648,0.0398602,0.335521,-0.00567119,0.194413,1.66563,
18.3148,16.8504,3.2886,0.964788,0.314075,-0.0828554,0.0736333,0.679333,0.0236972,0.0316642,0.00152823,0.0396632,0.335471,-0.00566564,0.194608,1.66538,
18.3145,16.8504,3.2916,0.964804,0.314028,-0.0828193,0.0736521,0.679349,0.0236472,0.0314523,0.00152999,0.0394662,0.33542,-0.0056601,0.194804,1.66514,
18.3143,16.8504,3.29459,0.96482,0.313982,-0.0827833,0.073671,0.679365,0.0235972,0.0312403,0.00153174,0.0392692,0.33537,-0.00565455,0.194999,1.66489,
18.314,16.8504,3.29758,0.964836,0.313935,-0.0827472,0.0736898,0.679381,0.0235471,0.0310284,0.00153349,0.0390722,0.335319,-0.00564901,0.195195,1.66465,
18.3138,16.8504,3.30057,0.964852,0.313888,-0.0827111,0.0737087,0.679396,0.0234971,0.0308165,0.00153525,0.0388752,0.335269,-0.00564346,0.19539,1.6644,
18.3135,16.8504,3.30357,0.964868,0.313841,-0.082675,0.0737275,0.679412,0.0234471,0.0306045,0.001537,0.0386782,0.335219,-0.00563791,0.195586,1.66416,
18.3133,16.8504,3.30656,0.964884,0.313795,-0.0826389,0.0737464,0.679428,0.0233971,0.0303926,0.00153875,0.0384812,0.335168,-0.00563237,0.195782,1.66391,
18.313,16.8504,3.30955,0.9649,0.313748,-0.0826028,0.0737652,0.679444,0.0233471,0.0301806,0.00154051,0.0382842,0.335118,-0.00562682,0.195977,1.66367,
18.3128,16.8504,3.31254,0.964916,0.313701,-0.0825667,0.0737841,0.67946,0.0232971,0.0299687,0.00154226,0.0380872,0.335067,-0.00562128,0.196173,1.66342,
18.3125,16.8504,3.31554,0.964932,0.313655,-0.0825306,0.0738029,0.679475,0.0232471,0.0297568,0.00154401,0.0378902,0.335017,-0.00561573,0.196368,1.66318,
18.3123,16.8504,3.31853,0.964948,0.313608,-0.0824945,0.0738218,0.679491,0.0231971,0.0295448,0.00154577,0.0376932,0.334966,-0.00561019,0.196564,1.66293,
18.312,16.8504,3.32152,0.964964,0.313561,-0.0824585,0.0738406,0.679507,0.0231471,0.0293329,0.00154752,0.0374962,0.334916,-0.00560464,0.19676,1.66269,
18.3118,16.8504,3.32451,0.96498,0.313515,-0.0824224,0.0738595,0.679523,0.023097,0.029121,0.00154927,0.0372992,0.334865,-0.0055991,0.196955,1.66244,
18.3115,16.8504,3.32751,0.964996,0.313468,-0.0823863,0.0738784,0.679539,0.023047,0.028909,0.00155102,0.0371022,0.334815,-0.00559355,0.197151,1.6622,
18.3113,16.8504,3.3305,0.965012,0.313421,-0.0823502,0.0738972,0.679555,0.022997,0.0286971,0.00155278,0.0369052,0.334765,-0.005588,0.197346,1.66195,
18.311,16.8504,3.33349,0.965028,0.313375,-0.0823141,0.0739161,0.67957,0.022947,0.0284851,0.00155453,0.0367082,0.334714,-0.00558246,0.197542,1.66171,
18.3108,16.8504,3.33648,0.965044,0.313328,-0.082278,0.0739349,0.679586,0.022897,0.0282732,0.00155628,0.0365112,0.334664,-0.00557691,0.197737,1.66147,
18.3105,16.8504,3.33947,0.96506,0.313281,-0.0822419,0.0739538,0.679602,0.022847,0.0280613,0.00155804,0.0363142,0.334613,-0.00557137,0.197933,1.66122,
18.3103,16.8504,3.34247,0.965075,0.313235,-0.0822059,0.0739726,0.679618,0.022797,0.0278493,0.00155979,0.0361172,0.334563,-0.00556582,0.198129,1.66098,
18.31,16.8504,3.34546,0.965092,0.313188,-0.0821698,0.0739915,0.679634,0.022747,0.0276374,0.00156154,0.0359202,0.334512,-0.00556028,0.198324,1.66073,
18.3098,16.8504,3.34845,0.965108,0.313141,-0.0821337,0.0740103,0.679649,0.022697,0.0274254,0.0015633,0.0357232,0.334462,-0.00555473,0.19852,1.66049,
18.3095,16.8504,3.35144,0.965123,0.313095,-0.0820976,0.0740292,0.679665,0.0226469,0.0272135,0.00156505,0.0355262,0.334411,-0.00554918,0.198715,1.66024,
18.3093,16.8504,3.35444,0.965139,0.313048,-0.0820615,0.074048,0.679681,0.0225969,0.0270016,0.0015668,0.0353292,0.334361,-0.00554364,0.198911,1.66,
18.309,16.8504,3.35743,0.965155,0.313001,-0.0820254,0.0740669,0.679697,0.0225469,0.0267896,0.00156856,0.0351322,0.334311,-0.00553809,0.199106,1.65975,
18.3088,16.8504,3.36042,0.965171,0.312954,-0.0819893,0.0740857,0.679713,0.0224969,0.0265777,0.00157031,0.0349352,0.33426,-0.00553255,0.199302,1.65951,
18.3085,16.8504,3.36341,0.965187,0.312908,-0.0819532,0.0741046,0.679729,0.0224469,0.0263658,0.00157206,0.0347382,0.33421,-0.005527,0.199498,1.65926,
18.3082,16.8504,3.36641,0.965203,0.312861,-0.0819172,0.0741234,0.679744,0.0223969,0.0261538,0.00157382,0.0345412,0.334159,-0.00552146,0.199693,1.65902,
18.308,16.8504,3.3694,0.965219,0.312814,-0.0818811,0.0741423,0.67976,0.0223469,0.0259419,0.00157557,0.0343442,0.334109,-0.00551591,0.199889,1.65877,
18.3077,16.8504,3.37239,0.965235,0.312768,-0.081845,0.0741611,0.679776,0.0222969,0.0257299,0.00157732,0.0341473,0.334058,-0.00551037,0.200084,1.65853,
18.3075,16.8504,3.37538,0.965251,0.312721,-0.0818089,0.07418,0.679792,0.0222469,0.025518,0.00157908,0.0339503,0.334008,-0.00550482,0.20028,1.65828,
18.3072,16.8504,3.37838,0.965267,0.312674,-0.0817728,0.0741988,0.679808,0.0221968,0.0253061,0.00158083,0.0337533,0.333957,-0.00549927,0.200476,1.65804,
18.307,16.8504,3.38137,0.965283,0.312628,-0.0817367,0.0742177,0.679823,0.0221468,0.0250941,0.00158258,0.0335563,0.333907,-0.00549373,0.200671,1.65779,
18.3067,16.8504,3.38436,0.965299,0.312581,-0.0817006,0.0742365,0.679839,0.0220968,0.0248822,0.00158434,0.0333593,0.333857,-0.00548818,0.200867,1.65755,
18.3065,16.8504,3.38735,0.965315,0.312534,-0.0816645,0.0742554,0.679855,0.0220468,0.0246703,0.00158609,0.0331623,0.333806,-0.00548264,0.201062,1.6573,
18.3062,16.8504,3.39035,0.965331,0.312488,-0.0816284,0.0742742,0.679871,0.0219968,0.0244583,0.00158784,0.0329653,0.333756,-0.00547709,0.201258,1.65706,
18.306,16.8504,3.39334,0.965347,0.312441,-0.0815924,0.0742931,0.679887,0.0219468,0.0242464,0.00158959,0.0327683,0.333705,-0.00547155,0.201453,1.65681,
18.3057,16.8504,3.39633,0.965363,0.312395,-0.0815566,0.0743106,0.679902,0.0218947,0.0240752,0.00158736,0.0326019,0.333655,-0.00545748,0.201607,1.65657,
18.3055,16.8504,3.39932,0.965379,0.312351,-0.0815222,0.0743233,0.679918,0.0218355,0.0240479,0.00157104,0.0325434,0.333607,-0.00541336,0.201612,1.65634,
18.3052,16.8504,3.40232,0.965395,0.312308,-0.0814878,0.074336,0.679934,0.0217762,0.0240205,0.00155472,0.0324849,0.33356,-0.00536925,0.201616,1.65611,
18.305,16.8504,3.40531,0.965411,0.312264,-0.0814534,0.0743487,0.679949,0.0217169,0.0239932,0.00153841,0.0324264,0.333512,-0.00532513,0.201621,1.65587,
18.3047,16.8504,3.4083,0.965427,0.312221,-0.081419,0.0743614,0.679965,0.0216576,0.0239658,0.00152209,0.0323679,0.333464,-0.00528101,0.201626,1.65564,
18.3045,16.8504,3.41129,0.965442,0.312177,-0.0813846,0.0743742,0.679981,0.0215983,0.0239384,0.00150578,0.0323094,0.333416,-0.0052369,0.201631,1.65541,
18.3042,16.8504,3.41428,0.965458,0.312133,-0.0813501,0.0743869,0.679996,0.0215391,0.0239111,0.00148946,0.0322509,0.333368,-0.00519278,0.201636,1.65518,
18.304,16.8504,3.41728,0.965474,0.31209,-0.0813157,0.0743996,0.680012,0.0214798,0.0238837,0.00147315,0.0321924,0.33332,-0.00514866,0.20164,1.65494,
18.3037,16.8504,3.42027,0.96549,0.312046,-0.0812813,0.0744123,0.680028,0.0214205,0.0238564,0.00145683,0.0321339,0.333272,-0.00510455,0.201645,1.65471,
18.3035,16.8504,3.42326,0.965506,0.312003,-0.0812469,0.074425,0.680043,0.0213612,0.023829,0.00144051,0.0320754,0.333224,-0.00506043,0.20165,1.65448,
18.3032,16.8504,3.42625,0.965521,0.311959,-0.0812125,0.0744377,0.680059,0.021302,0.0238016,0.0014242,0.0320169,0.333177,-0.00501632,0.201655,1.65425,
18.3029,16.8504,3.42925,0.965537,0.311916,-0.0811781,0.0744504,0.680074,0.0212427,0.0237743,0.00140788,0.0319583,0.333129,-0.0049722,0.20166,1.65402,
18.3027,16.8504,3.43224,0.965553,0.311872,-0.0811436,0.0744631,0.68009,0.0211834,0.0237469,0.00139157,0.0318999,0.333081,-0.00492808,0.201664,1.65378,
18.3024,16.8504,3.43523,0.965569,0.311828,-0.0811092,0.0744759,0.680106,0.0211241,0.0237196,0.00137525,0.0318413,0.333033,-0.00488397,0.201669,1.65355,
18.3022,16.8504,3.43822,0.965585,0.311785,-0.0810748,0.0744886,0.680121,0.0210648,0.0236922,0.00135893,0.0317828,0.332985,-0.00483985,0.201674,1.65332,
18.3019,16.8504,3.44122,0.9656,0.311741,-0.0810404,0.0745013,0.680137,0.0210056,0.0236649,0.00134262,0.0317243,0.332937,-0.00479573,0.201679,1.65309,
18.3017,16.8504,3.44421,0.965616,0.311698,-0.081006,0.074514,0.680153,0.0209463,0.0236375,0.0013263,0.0316658,0.332889,-0.00475162,0.201684,1.65285,
18.3014,16.8504,3.4472,0.965632,0.311654,-0.0809716,0.0745267,0.680168,0.020887,0.0236101,0.00130999,0.0316073,0.332841,-0.0047075,0.201688,1.65262,
18.3012,16.8504,3.45019,0.965648,0.31161,-0.0809372,0.0745394,0.680184,0.0208277,0.0235828,0.00129367,0.0315488,0.332793,-0.00466338,0.201693,1.65239,
18.3009,16.8504,3.45319,0.965664,0.311567,-0.0809027,0.0745521,0.6802,0.0207685,0.0235554,0.00127736,0.0314903,0.332746,-0.00461927,0.201698,1.65216,
18.3007,16.8504,3.45618,0.965679,0.311523,-0.0808683,0.0745648,0.680215,0.0207092,0.0235281,0.00126104,0.0314318,0.332698,-0.00457515,0.201703,1.65192,
18.3004,16.8504,3.45917,0.965695,0.31148,-0.0808339,0.0745776,0.680231,0.0206499,0.0235007,0.00124472,0.0313733,0.33265,-0.00453104,0.201708,1.65169,
18.3002,16.8504,3.46216,0.965711,0.311436,-0.0807995,0.0745903,0.680246,0.0205906,0.0234734,0.00122841,0.0313148,0.332602,-0.00448692,0.201712,1.65146,
18.2999,16.8504,3.46516,0.965727,0.311393,-0.0807651,0.074603,0.680262,0.0205313,0.023446,0.00121209,0.0312563,0.332554,-0.0044428,0.201717,1.65123,
18.2997,16.8504,3.46815,0.965743,0.311349,-0.0807307,0.0746157,0.680278,0.0204721,0.0234186,0.00119578,0.0311978,0.332506,-0.00439869,0.201722,1.651,
18.2994,16.8504,3.47114,0.965758,0.311305,-0.0806962,0.0746284,0.680293,0.0204128,0.0233913,0.00117946,0.0311393,0.332458,-0.00435457,0.201727,1.65076,
18.2992,16.8504,3.47413,0.965774,0.311262,-0.0806618,0.0746411,0.680309,0.0203535,0.0233639,0.00116314,0.0310808,0.33241,-0.00431045,0.201732,1.65053,
18.2989,16.8504,3.47713,0.96579,0.311218,-0.0806274,0.0746538,0.680325,0.0202942,0.0233366,0.00114683,0.0310223,0.332363,-0.00426634,0.201736,1.6503,
18.2987,16.8504,3.48012,0.965806,0.311175,-0.080593,0.0746665,0.68034,0.020235,0.0233092,0.00113051,0.0309638,0.332315,-0.00422222,0.201741,1.65007,
18.2984,16.8504,3.48311,0.965822,0.311131,-0.0805586,0.0746793,0.680356,0.0201757,0.0232818,0.0011142,0.0309053,0.332267,-0.0041781,0.201746,1.64983,
18.2982,16.8504,3.4861,0.965837,0.311087,-0.0805242,0.074692,0.680372,0.0201164,0.0232545,0.00109788,0.0308468,0.332219,-0.00413399,0.201751,1.6496,
18.2979,16.8504,3.48909,0.965853,0.311044,-0.0804897,0.0747047,0.680387,0.0200571,0.0232271,0.00108157,0.0307883,0.332171,-0.00408987,0.201756,1.64937,
18.2977,16.8504,3.49209,0.965869,0.311,-0.0804553,0.0747174,0.680403,0.0199978,0.0231998,0.00106525,0.0307298,0.332123,-0.00404576,0.20176,1.64914,
18.2974,16.8504,3.49508,0.965885,0.310957,-0.0804209,0.0747301,0.680418,0.0199386,0.0231724,0.00104893,0.0306713,0.332075,-0.00400164,0.201765,1.6489,
18.2972,16.8504,3.49807,0.965901,0.310913,-0.0803865,0.0747428,0.680434,0.0198793,0.0231451,0.00103262,0.0306128,0.332027,-0.00395752,0.20177,1.64867,
18.2969,16.8504,3.50106,0.965916,0.31087,-0.0803521,0.0747555,0.68045,0.01982,0.0231177,0.0010163,0.0305543,0.33198,-0.00391341,0.201775,1.64844,
18.2966,16.8504,3.50406,0.965932,0.310826,-0.0803177,0.0747683,0.680465,0.0197607,0.0230903,0.000999987,0.0304958,0.331932,-0.00386929,0.20178,1.64821,
18.2964,16.8504,3.50705,0.965948,0.310782,-0.0802833,0.074781,0.680481,0.0197015,0.023063,0.000983671,0.0304373,0.331884,-0.00382517,0.201784,1.64798,
18.2961,16.8504,3.51004,0.965964,0.310739,-0.0802488,0.0747937,0.680497,0.0196422,0.0230356,0.000967355,0.0303788,0.331836,-0.00378106,0.201789,1.64774,
18.2959,16.8504,3.51303,0.96598,0.310695,-0.0802144,0.0748064,0.680512,0.0195829,0.0230083,0.000951039,0.0303203,0.331788,-0.00373694,0.201794,1.64751,
18.2956,16.8504,3.51603,0.965995,0.310652,-0.08018,0.0748191,0.680528,0.0195236,0.0229809,0.000934723,0.0302618,0.33174,-0.00369282,0.201799,1.64728,
18.2954,16.8504,3.51902,0.966011,0.310608,-0.0801456,0.0748318,0.680544,0.0194643,0.0229535,0.000918408,0.0302033,0.331692,-0.00364871,0.201804,1.64705,
18.2951,16.8504,3.52201,0.966027,0.310564,-0.0801112,0.0748445,0.680559,0.0194051,0.0229262,0.000902092,0.0301448,0.331644,-0.00360459,0.201808,1.64681,
18.2949,16.8504,3.525,0.966043,0.310521,-0.0800768,0.0748572,0.680575,0.0193458,0.0228988,0.000885776,0.0300863,0.331596,-0.00356047,0.201813,1.64658,
18.2946,16.8504,3.528,0.966059,0.310477,-0.0800423,0.07487,0.68059,0.0192865,0.0228715,0.00086946,0.0300278,0.331549,-0.00351636,0.201818,1.64635,
18.2944,16.8504,3.53099,0.966075,0.310434,-0.0800079,0.0748827,0.680606,0.0192272,0.0228441,0.000853144,0.0299693,0.331501,-0.00347224,0.201823,1.64612,
18.2941,16.8504,3.53398,0.96609,0.31039,-0.0799735,0.0748954,0.680622,0.019168,0.0228168,0.000836828,0.0299108,0.331453,-0.00342813,0.201828,1.64589,
18.2939,16.8504,3.53697,0.966106,0.310347,-0.0799391,0.0749081,0.680637,0.0191087,0.0227894,0.000820513,0.0298523,0.331405,-0.00338401,0.201832,1.64565,
18.2936,16.8504,3.53997,0.966122,0.310303,-0.0799047,0.0749208,0.680653,0.0190494,0.022762,0.000804197,0.0297938,0.331357,-0.00333989,0.201837,1.64542,
18.2934,16.8504,3.54296,0.966138,0.310259,-0.0798703,0.0749335,0.680669,0.0189901,0.0227347,0.000787881,0.0297353,0.331309,-0.00329578,0.201842,1.64519,
18.2931,16.8504,3.54595,0.966154,0.310216,-0.0798358,0.0749462,0.680684,0.0189308,0.0227073,0.000771565,0.0296768,0.331261,-0.00325166,0.201847,1.64496,
18.2929,16.8504,3.54894,0.966169,0.310172,-0.0798014,0.0749589,0.6807,0.0188716,0.02268,0.000755249,0.0296183,0.331213,-0.00320754,0.201852,1.64472,
18.2926,16.8504,3.55194,0.966185,0.310129,-0.079767,0.0749717,0.680716,0.0188123,0.0226526,0.000738934,0.0295598,0.331166,-0.00316343,0.201856,1.64449,
18.2924,16.8504,3.55493,0.966201,0.310085,-0.0797326,0.0749844,0.680731,0.018753,0.0226253,0.000722618,0.0295013,0.331118,-0.00311931,0.201861,1.64426,
18.2921,16.8504,3.55792,0.966217,0.310042,-0.0796982,0.0749971,0.680747,0.0186937,0.0225979,0.000706302,0.0294428,0.33107,-0.00307519,0.201866,1.64403,
18.2919,16.8504,3.56091,0.966232,0.309999,-0.079665,0.0750126,0.680762,0.018657,0.0226016,0.000681553,0.0294209,0.331024,-0.00303747,0.201897,1.6438,
18.2916,16.8504,3.5639,0.966247,0.309957,-0.079632,0.0750286,0.680776,0.0186237,0.02261,0.000655509,0.0294045,0.330979,-0.00300073,0.201931,1.64358,
18.2914,16.8504,3.5669,0.966261,0.309915,-0.079599,0.0750446,0.680791,0.0185903,0.0226184,0.000629465,0.0293882,0.330933,-0.002964,0.201966,1.64336,
18.2911,16.8504,3.56989,0.966276,0.309873,-0.0795661,0.0750607,0.680806,0.018557,0.0226269,0.000603421,0.0293719,0.330888,-0.00292726,0.202,1.64314,
18.2908,16.8504,3.57288,0.966291,0.309832,-0.0795331,0.0750766,0.68082,0.0185237,0.0226353,0.000577377,0.0293556,0.330843,-0.00289052,0.202035,1.64292,
18.2906,16.8504,3.57587,0.966306,0.30979,-0.0795001,0.0750927,0.680835,0.0184904,0.0226437,0.000551333,0.0293393,0.330797,-0.00285378,0.20207,1.6427,
18.2903,16.8504,3.57887,0.966321,0.309748,-0.0794671,0.0751087,0.68085,0.0184571,0.0226522,0.000525289,0.0293229,0.330752,-0.00281704,0.202104,1.64248,
18.2901,16.8504,3.58186,0.966335,0.309706,-0.0794341,0.0751247,0.680864,0.0184238,0.0226606,0.000499245,0.0293066,0.330706,-0.0027803,0.202139,1.64226,
18.2898,16.8504,3.58485,0.96635,0.309664,-0.0794012,0.0751407,0.680879,0.0183905,0.0226691,0.000473201,0.0292903,0.330661,-0.00274356,0.202173,1.64204,
18.2896,16.8504,3.58784,0.966365,0.309622,-0.0793682,0.0751567,0.680894,0.0183572,0.0226775,0.000447156,0.029274,0.330616,-0.00270682,0.202208,1.64182,
18.2893,16.8504,3.59084,0.96638,0.30958,-0.0793352,0.0751727,0.680908,0.0183239,0.0226859,0.000421112,0.0292576,0.33057,-0.00267009,0.202243,1.6416,
18.2891,16.8504,3.59383,0.966395,0.309538,-0.0793022,0.0751887,0.680923,0.0182905,0.0226944,0.000395068,0.0292413,0.330525,-0.00263335,0.202277,1.64138,
18.2888,16.8504,3.59682,0.96641,0.309496,-0.0792692,0.0752047,0.680938,0.0182572,0.0227028,0.000369024,0.029225,0.33048,-0.00259661,0.202312,1.64116,
18.2886,16.8504,3.59981,0.966424,0.309454,-0.0792362,0.0752207,0.680952,0.0182239,0.0227112,0.00034298,0.0292087,0.330434,-0.00255987,0.202346,1.64094,
18.2883,16.8504,3.60281,0.966439,0.309412,-0.0792033,0.0752367,0.680967,0.0181906,0.0227197,0.000316936,0.0291924,0.330389,-0.00252313,0.202381,1.64072,
18.2881,16.8504,3.6058,0.966454,0.30937,-0.0791703,0.0752527,0.680982,0.0181573,0.0227281,0.000290892,0.029176,0.330343,-0.00248639,0.202415,1.6405,
18.2878,16.8504,3.60879,0.966469,0.309328,-0.0791373,0.0752687,0.680996,0.018124,0.0227366,0.000264848,0.0291597,0.330298,-0.00244965,0.20245,1.64028,
18.2876,16.8504,3.61178,0.966484,0.309286,-0.0791043,0.0752847,0.681011,0.0180907,0.022745,0.000238803,0.0291434,0.330253,-0.00241292,0.202485,1.64006,
18.2873,16.8504,3.61478,0.966498,0.309244,-0.0790713,0.0753007,0.681026,0.0180574,0.0227534,0.000212759,0.0291271,0.330207,-0.00237618,0.202519,1.63984,
18.2871,16.8504,3.61777,0.966513,0.309202,-0.0790383,0.0753167,0.68104,0.018024,0.0227619,0.000186715,0.0291108,0.330162,-0.00233944,0.202554,1.63962,
18.2868,16.8504,3.62076,0.966528,0.30916,-0.0790054,0.0753327,0.681055,0.0179907,0.0227703,0.000160671,0.0290944,0.330116,-0.0023027,0.202588,1.6394,
18.2866,16.8504,3.62375,0.966543,0.309118,-0.0789724,0.0753487,0.68107,0.0179574,0.0227787,0.000134627,0.0290781,0.330071,-0.00226596,0.202623,1.63918,
18.2863,16.8504,3.62675,0.966558,0.309076,-0.0789394,0.0753647,0.681084,0.0179241,0.0227872,0.000108583,0.0290618,0.330026,-0.00222922,0.202658,1.63896,
18.2861,16.8504,3.62974,0.966573,0.309034,-0.0789064,0.0753807,0.681099,0.0178908,0.0227956,8.25388e-05,0.0290455,0.32998,-0.00219248,0.202692,1.63874,
18.2858,16.8504,3.63273,0.966587,0.308993,-0.0788734,0.0753967,0.681114,0.0178575,0.0228041,5.64946e-05,0.0290291,0.329935,-0.00215574,0.202727,1.63852,
18.2856,16.8504,3.63572,0.966602,0.308951,-0.0788404,0.0754127,0.681129,0.0178242,0.0228125,3.04505e-05,0.0290128,0.32989,-0.00211901,0.202761,1.6383,
18.2853,16.8504,3.63871,0.966617,0.308909,-0.0788075,0.0754287,0.681143,0.0177909,0.0228209,4.40642e-06,0.0289965,0.329844,-0.00208227,0.202796,1.63808,
18.285,16.8504,3.64171,0.966632,0.308867,-0.0787745,0.0754447,0.681158,0.0177576,0.0228294,-2.16377e-05,0.0289802,0.329799,-0.00204553,0.202831,1.63786,
18.2848,16.8504,3.6447,0.966647,0.308825,-0.0787415,0.0754607,0.681172,0.0177242,0.0228378,-4.76818e-05,0.0289639,0.329753,-0.00200879,0.202865,1.63764,
18.2845,16.8504,3.64769,0.966661,0.308783,-0.0787085,0.0754767,0.681187,0.0176909,0.0228462,-7.37259e-05,0.0289475,0.329708,-0.00197205,0.2029,1.63742,
18.2843,16.8504,3.65068,0.966676,0.308741,-0.0786755,0.0754927,0.681202,0.0176576,0.0228547,-9.977e-05,0.0289312,0.329663,-0.00193531,0.202934,1.6372,
18.284,16.8504,3.65368,0.966691,0.308699,-0.0786425,0.0755087,0.681217,0.0176243,0.0228631,-0.000125814,0.0289149,0.329617,-0.00189857,0.202969,1.63698,
18.2838,16.8504,3.65667,0.966706,0.308657,-0.0786096,0.0755247,0.681231,0.017591,0.0228716,-0.000151858,0.0288986,0.329572,-0.00186183,0.203004,1.63676,
18.2835,16.8504,3.65966,0.966721,0.308615,-0.0785766,0.0755407,0.681246,0.0175577,0.02288,-0.000177902,0.0288823,0.329526,-0.0018251,0.203038,1.63654,
18.2833,16.8504,3.66265,0.966735,0.308573,-0.0785436,0.0755567,0.681261,0.0175244,0.0228884,-0.000203947,0.0288659,0.329481,-0.00178836,0.203073,1.63632,
18.283,16.8504,3.66565,0.96675,0.308531,-0.0785106,0.0755727,0.681275,0.0174911,0.0228969,-0.000229991,0.0288496,0.329436,-0.00175162,0.203107,1.6361,
18.2828,16.8504,3.66864,0.966765,0.308489,-0.0784776,0.0755887,0.68129,0.0174578,0.0229053,-0.000256035,0.0288333,0.32939,-0.00171488,0.203142,1.63587,
18.2825,16.8504,3.67163,0.96678,0.308447,-0.0784446,0.0756047,0.681305,0.0174244,0.0229137,-0.000282079,0.028817,0.329345,-0.00167814,0.203177,1.63565,
18.2823,16.8504,3.67462,0.966795,0.308405,-0.0784117,0.0756207,0.681319,0.0173911,0.0229222,-0.000308123,0.0288006,0.329299,-0.0016414,0.203211,1.63543,
18.282,16.8504,3.67762,0.96681,0.308363,-0.0783787,0.0756367,0.681334,0.0173578,0.0229306,-0.000334167,0.0287843,0.329254,-0.00160466,0.203246,1.63521,
18.2818,16.8504,3.68061,0.966824,0.308321,-0.0783457,0.0756527,0.681349,0.0173245,0.022939,-0.000360211,0.028768,0.329209,-0.00156793,0.20328,1.63499,
18.2815,16.8504,3.6836,0.966839,0.308279,-0.0783127,0.0756687,0.681363,0.0172912,0.0229475,-0.000386255,0.0287517,0.329163,-0.00153119,0.203315,1.63477,
18.2813,16.8504,3.68659,0.966854,0.308237,-0.0782797,0.0756847,0.681378,0.0172579,0.0229559,-0.000412299,0.0287354,0.329118,-0.00149445,0.20335,1.63455,
18.281,16.8504,3.68959,0.966869,0.308196,-0.0782467,0.0757007,0.681393,0.0172246,0.0229644,-0.000438344,0.028719,0.329073,-0.00145771,0.203384,1.63433,
18.2808,16.8504,3.69258,0.966883,0.308154,-0.078214,0.0757136,0.681407,0.0171364,0.022878,-0.000452711,0.0285965,0.329027,-0.00142833,0.20339,1.63411,
18.2805,16.8504,3.69557,0.966898,0.308113,-0.0781813,0.0757239,0.681421,0.0170026,0.0227128,-0.000457357,0.0283856,0.328982,-0.00140507,0.203372,1.63389,
18.2803,16.8504,3.69856,0.966912,0.308072,-0.0781487,0.0757342,0.681436,0.0168688,0.0225476,-0.000462004,0.0281747,0.328937,-0.00138181,0.203354,1.63367,
18.28,16.8504,3.70156,0.966927,0.308031,-0.0781161,0.0757445,0.68145,0.016735,0.0223824,-0.00046665,0.0279638,0.328891,-0.00135856,0.203336,1.63345,
18.2798,16.8504,3.70455,0.966941,0.30799,-0.0780834,0.0757548,0.681464,0.0166012,0.0222171,-0.000471297,0.0277528,0.328846,-0.0013353,0.203318,1.63323,
18.2795,16.8504,3.70754,0.966956,0.307948,-0.0780508,0.075765,0.681479,0.0164674,0.0220519,-0.000475943,0.0275419,0.328801,-0.00131204,0.2033,1.63301,
18.2793,16.8504,3.71053,0.96697,0.307907,-0.0780182,0.0757753,0.681493,0.0163336,0.0218867,-0.00048059,0.027331,0.328756,-0.00128879,0.203282,1.63279,
18.279,16.8504,3.71352,0.966985,0.307866,-0.0779855,0.0757856,0.681507,0.0161998,0.0217215,-0.000485236,0.0271201,0.32871,-0.00126553,0.203264,1.63257,
18.2787,16.8504,3.71652,0.966999,0.307825,-0.0779529,0.0757959,0.681521,0.0160661,0.0215563,-0.000489883,0.0269092,0.328665,-0.00124228,0.203247,1.63235,
18.2785,16.8504,3.71951,0.967014,0.307784,-0.0779203,0.0758062,0.681536,0.0159323,0.0213911,-0.000494529,0.0266982,0.32862,-0.00121902,0.203229,1.63213,
18.2782,16.8504,3.7225,0.967028,0.307743,-0.0778876,0.0758165,0.68155,0.0157985,0.0212258,-0.000499176,0.0264873,0.328575,-0.00119576,0.203211,1.63191,
18.278,16.8504,3.72549,0.967043,0.307702,-0.077855,0.0758268,0.681564,0.0156647,0.0210606,-0.000503822,0.0262764,0.328529,-0.00117251,0.203193,1.63169,
18.2777,16.8504,3.72849,0.967057,0.307661,-0.0778224,0.0758371,0.681578,0.0155309,0.0208954,-0.000508469,0.0260655,0.328484,-0.00114925,0.203175,1.63147,
18.2775,16.8504,3.73148,0.967072,0.30762,-0.0777897,0.0758474,0.681593,0.0153971,0.0207302,-0.000513115,0.0258545,0.328439,-0.00112599,0.203157,1.63125,
18.2772,16.8504,3.73447,0.967086,0.307578,-0.0777571,0.0758577,0.681607,0.0152633,0.020565,-0.000517762,0.0256436,0.328394,-0.00110274,0.203139,1.63103,
18.277,16.8504,3.73746,0.967101,0.307537,-0.0777245,0.075868,0.681621,0.0151295,0.0203997,-0.000522408,0.0254327,0.328348,-0.00107948,0.203121,1.63081,
18.2767,16.8504,3.74046,0.967115,0.307496,-0.0776918,0.0758783,0.681636,0.0149957,0.0202345,-0.000527055,0.0252218,0.328303,-0.00105622,0.203103,1.63059,
18.2765,16.8504,3.74345,0.96713,0.307455,-0.0776592,0.0758886,0.68165,0.0148619,0.0200693,-0.000531701,0.0250109,0.328258,-0.00103297,0.203085,1.63037,
18.2762,16.8504,3.74644,0.967144,0.307414,-0.0776266,0.0758988,0.681664,0.0147281,0.0199041,-0.000536348,0.0247999,0.328213,-0.00100971,0.203067,1.63015,
18.276,16.8504,3.74943,0.967159,0.307373,-0.0775939,0.0759091,0.681678,0.0145943,0.0197389,-0.000540994,0.024589,0.328167,-0.000986453,0.203049,1.62993,
18.2757,16.8504,3.75243,0.967173,0.307332,-0.0775613,0.0759194,0.681693,0.0144605,0.0195736,-0.000545641,0.0243781,0.328122,-0.000963196,0.203031,1.62971,
18.2755,16.8504,3.75542,0.967188,0.307291,-0.0775287,0.0759297,0.681707,0.0143267,0.0194084,-0.000550287,0.0241672,0.328077,-0.00093994,0.203013,1.62949,
18.2752,16.8504,3.75841,0.967202,0.30725,-0.0774961,0.07594,0.681721,0.0141929,0.0192432,-0.000554934,0.0239563,0.328032,-0.000916683,0.202995,1.62927,
18.275,16.8504,3.7614,0.967217,0.307208,-0.0774634,0.0759503,0.681736,0.0140591,0.019078,-0.00055958,0.0237453,0.327986,-0.000893427,0.202977,1.62905,
18.2747,16.8504,3.7644,0.967231,0.307167,-0.0774308,0.0759606,0.68175,0.0139253,0.0189128,-0.000564227,0.0235344,0.327941,-0.00087017,0.202959,1.62883,
18.2745,16.8504,3.76739,0.967246,0.307126,-0.0773982,0.0759709,0.681764,0.0137915,0.0187475,-0.000568873,0.0233235,0.327896,-0.000846913,0.202941,1.62861,
18.2742,16.8504,3.77038,0.96726,0.307085,-0.0773655,0.0759812,0.681778,0.0136577,0.0185823,-0.00057352,0.0231126,0.32785,-0.000823657,0.202924,1.62839,
18.274,16.8504,3.77337,0.967274,0.307044,-0.0773329,0.0759915,0.681793,0.0135239,0.0184171,-0.000578166,0.0229017,0.327805,-0.0008004,0.202906,1.62817,
18.2737,16.8504,3.77637,0.967289,0.307003,-0.0773003,0.0760018,0.681807,0.0133901,0.0182519,-0.000582813,0.0226907,0.32776,-0.000777144,0.202888,1.62795,
18.2735,16.8504,3.77936,0.967303,0.306962,-0.0772676,0.0760121,0.681821,0.0132563,0.0180867,-0.000587459,0.0224798,0.327715,-0.000753887,0.20287,1.62773,
18.2732,16.8504,3.78235,0.967318,0.306921,-0.077235,0.0760223,0.681835,0.0131225,0.0179214,-0.000592106,0.0222689,0.327669,-0.000730631,0.202852,1.62751,
18.2729,16.8504,3.78534,0.967332,0.30688,-0.0772024,0.0760326,0.68185,0.0129887,0.0177562,-0.000596752,0.022058,0.327624,-0.000707374,0.202834,1.62729,
18.2727,16.8504,3.78833,0.967347,0.306838,-0.0771697,0.0760429,0.681864,0.0128549,0.017591,-0.000601399,0.0218471,0.327579,-0.000684117,0.202816,1.62707,
18.2724,16.8504,3.79133,0.967361,0.306797,-0.0771371,0.0760532,0.681878,0.0127211,0.0174258,-0.000606045,0.0216361,0.327534,-0.000660861,0.202798,1.62685,
18.2722,16.8504,3.79432,0.967376,0.306756,-0.0771045,0.0760635,0.681893,0.0125873,0.0172606,-0.000610692,0.0214252,0.327488,-0.000637604,0.20278,1.62663,
18.2719,16.8504,3.79731,0.96739,0.306715,-0.0770718,0.0760738,0.681907,0.0124535,0.0170953,-0.000615338,0.0212143,0.327443,-0.000614348,0.202762,1.62641,
18.2717,16.8504,3.8003,0.967405,0.306674,-0.0770392,0.0760841,0.681921,0.0123197,0.0169301,-0.000619985,0.0210034,0.327398,-0.000591091,0.202744,1.62619,
18.2714,16.8504,3.8033,0.967419,0.306633,-0.0770066,0.0760944,0.681935,0.0121859,0.0167649,-0.000624631,0.0207924,0.327353,-0.000567835,0.202726,1.62597,
18.2712,16.8504,3.80629,0.967434,0.306592,-0.0769739,0.0761047,0.68195,0.0120522,0.0165997,-0.000629278,0.0205815,0.327307,-0.000544578,0.202708,1.62575,
18.2709,16.8504,3.80928,0.967448,0.306551,-0.0769413,0.076115,0.681964,0.0119184,0.0164345,-0.000633924,0.0203706,0.327262,-0.000521321,0.20269,1.62553,
18.2707,16.8504,3.81227,0.967463,0.30651,-0.0769087,0.0761253,0.681978,0.0117846,0.0162692,-0.000638571,0.0201597,0.327217,-0.000498065,0.202672,1.62531,
18.2704,16.8504,3.81527,0.967477,0.306468,-0.076876,0.0761356,0.681993,0.0116508,0.016104,-0.000643217,0.0199488,0.327172,-0.000474808,0.202654,1.62509,
18.2702,16.8504,3.81826,0.967492,0.306427,-0.0768434,0.0761459,0.682007,0.011517,0.0159388,-0.000647864,0.0197378,0.327126,-0.000451552,0.202636,1.62487,
18.2699,16.8504,3.82125,0.967506,0.306386,-0.0768108,0.0761561,0.682021,0.0113832,0.0157736,-0.00065251,0.0195269,0.327081,-0.000428295,0.202619,1.62465,
18.2697,16.8504,3.82424,0.967521,0.306345,-0.0767781,0.0761664,0.682035,0.0112494,0.0156084,-0.000657157,0.019316,0.327036,-0.000405039,0.202601,1.62443,
18.2694,16.8504,3.82724,0.967535,0.306304,-0.0767455,0.0761767,0.68205,0.0111156,0.0154431,-0.000661803,0.0191051,0.326991,-0.000381782,0.202583,1.62421,
18.2692,16.8504,3.83023,0.96755,0.306263,-0.0767129,0.076187,0.682064,0.0109818,0.0152779,-0.00066645,0.0188942,0.326945,-0.000358525,0.202565,1.62399,
18.2689,16.8504,3.83322,0.967564,0.306222,-0.0766803,0.0761973,0.682078,0.010848,0.0151127,-0.000671096,0.0186832,0.3269,-0.000335269,0.202547,1.62378,
18.2687,16.8504,3.83621,0.967579,0.306181,-0.0766476,0.0762076,0.682092,0.0107142,0.0149475,-0.000675743,0.0184723,0.326855,-0.000312012,0.202529,1.62356,
18.2684,16.8504,3.83921,0.967593,0.30614,-0.076615,0.0762179,0.682107,0.0105804,0.0147823,-0.000680389,0.0182614,0.326809,-0.000288756,0.202511,1.62334,
18.2682,16.8504,3.8422,0.967608,0.306098,-0.0765823,0.0762282,0.682121,0.0104466,0.014617,-0.000685036,0.0180505,0.326764,-0.000265499,0.202493,1.62312,
18.2679,16.8504,3.84519,0.967622,0.306057,-0.0765497,0.0762385,0.682135,0.0103128,0.0144518,-0.000689682,0.0178396,0.326719,-0.000242243,0.202475,1.6229,
18.2677,16.8504,3.84818,0.967637,0.306016,-0.0765171,0.0762488,0.68215,0.010179,0.0142866,-0.000694329,0.0176286,0.326674,-0.000218986,0.202457,1.62268,
18.2674,16.8504,3.85118,0.967651,0.305975,-0.0764845,0.0762591,0.682164,0.0100452,0.0141214,-0.000698975,0.0174177,0.326628,-0.000195729,0.202439,1.62246,
18.2671,16.8504,3.85417,0.967665,0.305934,-0.0764518,0.0762694,0.682178,0.0099114,0.0139562,-0.000703622,0.0172068,0.326583,-0.000172473,0.202421,1.62224,
18.2669,16.8504,3.85716,0.96768,0.305893,-0.0764192,0.0762797,0.682192,0.00977761,0.0137909,-0.000708268,0.0169959,0.326538,-0.000149216,0.202403,1.62202,
18.2666,16.8504,3.86015,0.967694,0.305852,-0.0763866,0.07629,0.682207,0.00964381,0.0136257,-0.000712915,0.016785,0.326493,-0.00012596,0.202385,1.6218,
18.2664,16.8504,3.86314,0.967709,0.305811,-0.0763539,0.0763002,0.682221,0.00951001,0.0134605,-0.000717561,0.016574,0.326447,-0.000102703,0.202367,1.62158,
18.2661,16.8504,3.86614,0.967723,0.30577,-0.0763213,0.0763105,0.682235,0.00937622,0.0132953,-0.000722208,0.0163631,0.326402,-7.94465e-05,0.202349,1.62136,
18.2659,16.8504,3.86913,0.967738,0.305728,-0.0762887,0.0763208,0.68225,0.00924242,0.0131301,-0.000726854,0.0161522,0.326357,-5.61899e-05,0.202331,1.62114,
18.2656,16.8504,3.87212,0.967752,0.305687,-0.076256,0.0763311,0.682264,0.00910862,0.0129648,-0.000731501,0.0159413,0.326312,-3.29334e-05,0.202313,1.62092,
18.2654,16.8504,3.87511,0.967767,0.305646,-0.0762234,0.0763414,0.682278,0.00897483,0.0127996,-0.000736147,0.0157303,0.326266,-9.6768e-06,0.202296,1.6207,
18.2651,16.8504,3.87811,0.967781,0.305605,-0.0761908,0.0763517,0.682292,0.00884103,0.0126344,-0.000740794,0.0155194,0.326221,1.35798e-05,0.202278,1.62048,
18.2649,16.8504,3.8811,0.967796,0.305564,-0.0761583,0.0763623,0.682307,0.00870935,0.0124733,-0.000746275,0.015313,0.326176,3.73401e-05,0.20226,1.62026,
18.2646,16.8504,3.88409,0.967809,0.305525,-0.076127,0.0763756,0.68232,0.00859432,0.0123442,-0.000758347,0.0151418,0.326133,6.50747e-05,0.20224,1.62005,
18.2644,16.8504,3.88708,0.967823,0.305485,-0.0760956,0.0763888,0.682334,0.00847929,0.0122152,-0.000770418,0.0149706,0.32609,9.28094e-05,0.202221,1.61984,
18.2641,16.8504,3.89008,0.967837,0.305446,-0.0760643,0.0764021,0.682347,0.00836426,0.0120861,-0.000782489,0.0147994,0.326048,0.000120544,0.202202,1.61963,
18.2639,16.8504,3.89307,0.967851,0.305406,-0.076033,0.0764153,0.682361,0.00824923,0.0119571,-0.00079456,0.0146283,0.326005,0.000148279,0.202182,1.61942,
18.2636,16.8504,3.89606,0.967865,0.305367,-0.0760017,0.0764285,0.682375,0.0081342,0.011828,-0.000806631,0.0144571,0.325962,0.000176013,0.202163,1.61922,
18.2634,16.8504,3.89905,0.967878,0.305327,-0.0759704,0.0764418,0.682388,0.00801917,0.011699,-0.000818702,0.0142859,0.325919,0.000203748,0.202144,1.61901,
18.2631,16.8504,3.90205,0.967892,0.305288,-0.0759391,0.076455,0.682402,0.00790414,0.0115699,-0.000830773,0.0141147,0.325876,0.000231483,0.202124,1.6188,
18.2629,16.8504,3.90504,0.967906,0.305248,-0.0759077,0.0764683,0.682415,0.00778911,0.0114409,-0.000842844,0.0139436,0.325833,0.000259217,0.202105,1.61859,
18.2626,16.8504,3.90803,0.96792,0.305209,-0.0758764,0.0764815,0.682429,0.00767408,0.0113118,-0.000854916,0.0137724,0.325791,0.000286952,0.202086,1.61838,
18.2624,16.8504,3.91102,0.967933,0.305169,-0.0758451,0.0764948,0.682442,0.00755905,0.0111828,-0.000866987,0.0136012,0.325748,0.000314686,0.202066,1.61817,
18.2621,16.8504,3.91402,0.967947,0.30513,-0.0758138,0.076508,0.682456,0.00744402,0.0110537,-0.000879058,0.01343,0.325705,0.000342421,0.202047,1.61797,
18.2619,16.8504,3.91701,0.967961,0.30509,-0.0757825,0.0765212,0.68247,0.00732899,0.0109247,-0.000891129,0.0132588,0.325662,0.000370156,0.202028,1.61776,
18.2616,16.8504,3.92,0.967975,0.305051,-0.0757511,0.0765345,0.682483,0.00721396,0.0107957,-0.0009032,0.0130877,0.325619,0.00039789,0.202009,1.61755,
18.2613,16.8504,3.92299,0.967988,0.305012,-0.0757198,0.0765477,0.682497,0.00709893,0.0106666,-0.000915271,0.0129165,0.325576,0.000425625,0.201989,1.61734,
18.2611,16.8504,3.92599,0.968002,0.304972,-0.0756885,0.076561,0.68251,0.0069839,0.0105376,-0.000927343,0.0127453,0.325533,0.00045336,0.20197,1.61713,
18.2608,16.8504,3.92898,0.968016,0.304933,-0.0756572,0.0765742,0.682524,0.00686887,0.0104085,-0.000939414,0.0125741,0.325491,0.000481094,0.201951,1.61693,
18.2606,16.8504,3.93197,0.96803,0.304893,-0.0756259,0.0765875,0.682537,0.00675384,0.0102795,-0.000951485,0.012403,0.325448,0.000508829,0.201931,1.61672,
18.2603,16.8504,3.93496,0.968043,0.304854,-0.0755946,0.0766007,0.682551,0.00663881,0.0101504,-0.000963556,0.0122318,0.325405,0.000536563,0.201912,1.61651,
18.2601,16.8504,3.93795,0.968057,0.304814,-0.0755632,0.0766139,0.682565,0.00652378,0.0100214,-0.000975627,0.0120606,0.325362,0.000564298,0.201893,1.6163,
18.2598,16.8504,3.94095,0.968071,0.304775,-0.0755319,0.0766272,0.682578,0.00640875,0.00989233,-0.000987698,0.0118894,0.325319,0.000592033,0.201873,1.61609,
18.2596,16.8504,3.94394,0.968085,0.304735,-0.0755006,0.0766404,0.682592,0.00629372,0.00976329,-0.000999769,0.0117182,0.325276,0.000619767,0.201854,1.61588,
18.2593,16.8504,3.94693,0.968098,0.304696,-0.0754693,0.0766537,0.682605,0.00617869,0.00963424,-0.00101184,0.0115471,0.325234,0.000647502,0.201835,1.61568,
18.2591,16.8504,3.94992,0.968112,0.304656,-0.075438,0.0766669,0.682619,0.00606366,0.00950519,-0.00102391,0.0113759,0.325191,0.000675237,0.201816,1.61547,
18.2588,16.8504,3.95292,0.968126,0.304617,-0.0754066,0.0766802,0.682633,0.00594863,0.00937615,-0.00103598,0.0112047,0.325148,0.000702971,0.201796,1.61526,
18.2586,16.8504,3.95591,0.96814,0.304577,-0.0753753,0.0766934,0.682646,0.0058336,0.0092471,-0.00104805,0.0110335,0.325105,0.000730706,0.201777,1.61505,
18.2583,16.8504,3.9589,0.968153,0.304538,-0.075344,0.0767066,0.68266,0.00571857,0.00911805,-0.00106013,0.0108624,0.325062,0.000758441,0.201758,1.61484,
18.2581,16.8504,3.96189,0.968167,0.304498,-0.0753127,0.0767199,0.682673,0.00560354,0.00898901,-0.0010722,0.0106912,0.325019,0.000786175,0.201738,1.61464,
18.2578,16.8504,3.96489,0.968181,0.304459,-0.0752814,0.0767331,0.682687,0.00548852,0.00885996,-0.00108427,0.01052,0.324977,0.00081391,0.201719,1.61443,
18.2576,16.8504,3.96788,0.968195,0.304419,-0.0752501,0.0767464,0.6827,0.00537349,0.00873092,-0.00109634,0.0103488,0.324934,0.000841644,0.2017,1.61422,
18.2573,16.8504,3.97087,0.968208,0.30438,-0.0752187,0.0767596,0.682714,0.00525846,0.00860187,-0.00110841,0.0101776,0.324891,0.000869379,0.20168,1.61401,
18.2571,16.8504,3.97386,0.968222,0.30434,-0.0751874,0.0767729,0.682728,0.00514343,0.00847282,-0.00112048,0.0100065,0.324848,0.000897114,0.201661,1.6138,
18.2568,16.8504,3.97686,0.968236,0.304301,-0.0751561,0.0767861,0.682741,0.0050284,0.00834378,-0.00113255,0.00983528,0.324805,0.000924848,0.201642,1.61359,
18.2566,16.8504,3.97985,0.96825,0.304262,-0.0751248,0.0767993,0.682755,0.00491337,0.00821473,-0.00114462,0.00966411,0.324762,0.000952583,0.201623,1.61339,
18.2563,16.8504,3.98284,0.968264,0.304222,-0.0750935,0.0768126,0.682768,0.00479834,0.00808568,-0.00115669,0.00949293,0.324719,0.000980318,0.201603,1.61318,
18.2561,16.8504,3.98583,0.968277,0.304183,-0.0750621,0.0768258,0.682782,0.00468331,0.00795664,-0.00116877,0.00932175,0.324677,0.00100805,0.201584,1.61297,
18.2558,16.8504,3.98883,0.968291,0.304143,-0.0750307,0.0768343,0.682795,0.00461183,0.00784205,-0.00116307,0.0092704,0.324633,0.00100856,0.201576,1.61276,
18.2556,16.8504,3.99182,0.968304,0.304104,-0.0749993,0.0768421,0.682808,0.00454683,0.00772962,-0.00115474,0.00923687,0.324589,0.00100502,0.20157,1.61254,
18.2553,16.8504,3.99481,0.968317,0.304064,-0.0749679,0.0768498,0.682821,0.00448183,0.00761718,-0.00114641,0.00920334,0.324546,0.00100148,0.201563,1.61233,
18.255,16.8504,3.9978,0.968331,0.304025,-0.0749364,0.0768576,0.682835,0.00441683,0.00750474,-0.00113807,0.00916981,0.324502,0.000997945,0.201557,1.61212,
18.2548,16.8504,4.00079,0.968344,0.303985,-0.074905,0.0768653,0.682848,0.00435183,0.00739231,-0.00112974,0.00913628,0.324458,0.000994405,0.201551,1.61191,
18.2545,16.8504,4.00379,0.968358,0.303946,-0.0748736,0.0768731,0.682861,0.00428683,0.00727987,-0.00112141,0.00910275,0.324414,0.000990866,0.201544,1.61169,
18.2543,16.8504,4.00678,0.968371,0.303906,-0.0748422,0.0768809,0.682874,0.00422183,0.00716743,-0.00111308,0.00906922,0.324371,0.000987327,0.201538,1.61148,
18.254,16.8504,4.00977,0.968384,0.303867,-0.0748107,0.0768886,0.682887,0.00415683,0.007055,-0.00110474,0.00903569,0.324327,0.000983787,0.201531,1.61127,
18.2538,16.8504,4.01276,0.968398,0.303827,-0.0747793,0.0768964,0.6829,0.00409183,0.00694256,-0.00109641,0.00900216,0.324283,0.000980248,0.201525,1.61106,
18.2535,16.8504,4.01576,0.968411,0.303788,-0.0747479,0.0769041,0.682914,0.00402683,0.00683012,-0.00108808,0.00896863,0.32424,0.000976709,0.201519,1.61084,
18.2533,16.8504,4.01875,0.968424,0.303748,-0.0747164,0.0769119,0.682927,0.00396183,0.00671769,-0.00107974,0.00893511,0.324196,0.00097317,0.201512,1.61063,
18.253,16.8504,4.02174,0.968438,0.303709,-0.074685,0.0769197,0.68294,0.00389683,0.00660525,-0.00107141,0.00890158,0.324152,0.00096963,0.201506,1.61042,
18.2528,16.8504,4.02473,0.968451,0.303669,-0.0746536,0.0769274,0.682953,0.00383183,0.00649281,-0.00106308,0.00886805,0.324109,0.000966091,0.2015,1.6102,
18.2525,16.8504,4.02773,0.968464,0.30363,-0.0746222,0.0769352,0.682966,0.00376683,0.00638038,-0.00105474,0.00883452,0.324065,0.000962552,0.201493,1.60999,
18.2523,16.8504,4.03072,0.968478,0.30359,-0.0745907,0.076943,0.682979,0.00370183,0.00626794,-0.00104641,0.00880099,0.324021,0.000959012,0.201487,1.60978,
18.252,16.8504,4.03371,0.968491,0.303551,-0.0745593,0.0769507,0.682993,0.00363683,0.0061555,-0.00103808,0.00876746,0.323977,0.000955473,0.201481,1.60957,
18.2518,16.8504,4.0367,0.968505,0.303511,-0.0745279,0.0769585,0.683006,0.00357183,0.00604307,-0.00102974,0.00873393,0.323934,0.000951934,0.201474,1.60935,
18.2515,16.8504,4.0397,0.968518,0.303472,-0.0744964,0.0769662,0.683019,0.00350683,0.00593063,-0.00102141,0.0087004,0.32389,0.000948394,0.201468,1.60914,
18.2513,16.8504,4.04269,0.968531,0.303432,-0.074465,0.076974,0.683032,0.00344182,0.00581819,-0.00101308,0.00866687,0.323846,0.000944855,0.201461,1.60893,
18.251,16.8504,4.04568,0.968545,0.303393,-0.0744336,0.0769818,0.683045,0.00337682,0.00570576,-0.00100474,0.00863334,0.323803,0.000941316,0.201455,1.60871,
18.2508,16.8504,4.04867,0.968558,0.303353,-0.0744022,0.0769895,0.683058,0.00331182,0.00559332,-0.00099641,0.00859981,0.323759,0.000937776,0.201449,1.6085,
18.2505,16.8504,4.05167,0.968571,0.303314,-0.0743707,0.0769973,0.683071,0.00324682,0.00548089,-0.000988077,0.00856629,0.323715,0.000934237,0.201442,1.60829,
18.2503,16.8504,4.05466,0.968585,0.303274,-0.0743393,0.077005,0.683085,0.00318182,0.00536845,-0.000979743,0.00853276,0.323671,0.000930698,0.201436,1.60808,
18.25,16.8504,4.05765,0.968598,0.303235,-0.0743079,0.0770128,0.683098,0.00311682,0.00525601,-0.00097141,0.00849923,0.323628,0.000927158,0.20143,1.60786,
18.2498,16.8504,4.06064,0.968611,0.303195,-0.0742764,0.0770206,0.683111,0.00305182,0.00514358,-0.000963077,0.0084657,0.323584,0.000923619,0.201423,1.60765,
18.2495,16.8504,4.06364,0.968625,0.303156,-0.074245,0.0770283,0.683124,0.00298682,0.00503114,-0.000954744,0.00843217,0.32354,0.00092008,0.201417,1.60744,
18.2492,16.8504,4.06663,0.968638,0.303116,-0.0742136,0.0770361,0.683137,0.00292182,0.0049187,-0.000946411,0.00839864,0.323497,0.00091654,0.201411,1.60723,
18.249,16.8504,4.06962,0.968652,0.303077,-0.0741822,0.0770438,0.68315,0.00285682,0.00480627,-0.000938077,0.00836511,0.323453,0.000913001,0.201404,1.60701,
18.2487,16.8504,4.07261,0.968665,0.303037,-0.0741507,0.0770516,0.683164,0.00279182,0.00469383,-0.000929744,0.00833158,0.323409,0.000909462,0.201398,1.6068,
18.2485,16.8504,4.0756,0.968678,0.302998,-0.0741193,0.0770594,0.683177,0.00272682,0.00458139,-0.000921411,0.00829805,0.323366,0.000905922,0.201391,1.60659,
18.2482,16.8504,4.0786,0.968692,0.302958,-0.0740879,0.0770671,0.68319,0.00266182,0.00446896,-0.000913078,0.00826452,0.323322,0.000902383,0.201385,1.60637,
18.248,16.8504,4.08159,0.968705,0.302919,-0.0740564,0.0770749,0.683203,0.00259682,0.00435652,-0.000904744,0.008231,0.323278,0.000898844,0.201379,1.60616,
18.2477,16.8504,4.08458,0.968718,0.302879,-0.074025,0.0770826,0.683216,0.00253182,0.00424408,-0.000896411,0.00819747,0.323234,0.000895304,0.201372,1.60595,
18.2475,16.8504,4.08757,0.968732,0.30284,-0.0739936,0.0770904,0.683229,0.00246682,0.00413165,-0.000888078,0.00816394,0.323191,0.000891765,0.201366,1.60574,
18.2472,16.8504,4.09057,0.968745,0.3028,-0.0739622,0.0770982,0.683242,0.00240182,0.00401921,-0.000879745,0.00813041,0.323147,0.000888226,0.20136,1.60552,
18.247,16.8504,4.09356,0.968759,0.302761,-0.0739307,0.0771059,0.683256,0.00233682,0.00390677,-0.000871411,0.00809688,0.323103,0.000884686,0.201353,1.60531,
18.2467,16.8504,4.09655,0.968772,0.302721,-0.0738993,0.0771137,0.683269,0.00227182,0.00379434,-0.000863078,0.00806335,0.32306,0.000881147,0.201347,1.6051,
18.2465,16.8504,4.09954,0.968785,0.302682,-0.0738679,0.0771214,0.683282,0.00220682,0.0036819,-0.000854745,0.00802982,0.323016,0.000877608,0.201341,1.60488,
18.2462,16.8504,4.10254,0.968799,0.302642,-0.0738364,0.0771292,0.683295,0.00214182,0.00356946,-0.000846412,0.00799629,0.322972,0.000874068,0.201334,1.60467,
18.246,16.8504,4.10553,0.968812,0.302603,-0.073805,0.077137,0.683308,0.00207682,0.00345703,-0.000838079,0.00796276,0.322928,0.000870529,0.201328,1.60446,
18.2457,16.8504,4.10852,0.968825,0.302563,-0.0737736,0.0771447,0.683321,0.00201182,0.00334459,-0.000829745,0.00792923,0.322885,0.00086699,0.201322,1.60425,
18.2455,16.8504,4.11151,0.968839,0.302524,-0.0737421,0.0771525,0.683335,0.00194682,0.00323215,-0.000821412,0.0078957,0.322841,0.00086345,0.201315,1.60403,
18.2452,16.8504,4.11451,0.968852,0.302484,-0.0737107,0.0771602,0.683348,0.00188182,0.00311972,-0.000813079,0.00786218,0.322797,0.000859911,0.201309,1.60382,
18.245,16.8504,4.1175,0.968865,0.302445,-0.0736793,0.077168,0.683361,0.00181682,0.00300728,-0.000804746,0.00782865,0.322754,0.000856372,0.201302,1.60361,
18.2447,16.8504,4.12049,0.968879,0.302405,-0.0736479,0.0771758,0.683374,0.00175182,0.00289485,-0.000796412,0.00779512,0.32271,0.000852832,0.201296,1.6034,
18.2445,16.8504,4.12348,0.968892,0.302366,-0.0736164,0.0771835,0.683387,0.00168682,0.00278241,-0.000788079,0.00776159,0.322666,0.000849293,0.20129,1.60318,
18.2442,16.8504,4.12648,0.968906,0.302326,-0.073585,0.0771913,0.6834,0.00162182,0.00266997,-0.000779746,0.00772806,0.322623,0.000845754,0.201283,1.60297,
18.244,16.8504,4.12947,0.968919,0.302287,-0.0735536,0.077199,0.683414,0.00155682,0.00255754,-0.000771413,0.00769453,0.322579,0.000842214,0.201277,1.60276,
18.2437,16.8504,4.13246,0.968932,0.302247,-0.0735221,0.0772068,0.683427,0.00149182,0.0024451,-0.000763079,0.007661,0.322535,0.000838675,0.201271,1.60254,
18.2434,16.8504,4.13545,0.968946,0.302208,-0.0734907,0.0772146,0.68344,0.00142682,0.00233266,-0.000754746,0.00762747,0.322491,0.000835136,0.201264,1.60233,
18.2432,16.8504,4.13845,0.968959,0.302168,-0.0734593,0.0772223,0.683453,0.00136182,0.00222023,-0.000746413,0.00759394,0.322448,0.000831596,0.201258,1.60212,
18.2429,16.8504,4.14144,0.968972,0.302129,-0.0734279,0.0772301,0.683466,0.00129682,0.00210779,-0.00073808,0.00756041,0.322404,0.000828057,0.201252,1.60191,
18.2427,16.8504,4.14443,0.968986,0.302089,-0.0733964,0.0772379,0.683479,0.00123182,0.00199535,-0.000729747,0.00752688,0.32236,0.000824518,0.201245,1.60169,
18.2424,16.8504,4.14742,0.968999,0.30205,-0.073365,0.0772456,0.683492,0.00116682,0.00188292,-0.000721413,0.00749336,0.322317,0.000820978,0.201239,1.60148,
18.2422,16.8504,4.15041,0.969012,0.30201,-0.0733336,0.0772534,0.683506,0.00110182,0.00177048,-0.00071308,0.00745983,0.322273,0.000817439,0.201232,1.60127,
18.2419,16.8504,4.15341,0.969026,0.301971,-0.0733021,0.0772611,0.683519,0.00103682,0.00165804,-0.000704747,0.0074263,0.322229,0.0008139,0.201226,1.60105,
18.2417,16.8504,4.1564,0.969039,0.301931,-0.0732707,0.0772689,0.683532,0.000971816,0.00154561,-0.000696414,0.00739277,0.322185,0.00081036,0.20122,1.60084,
18.2414,16.8504,4.15939,0.969053,0.301892,-0.0732393,0.0772767,0.683545,0.000906816,0.00143317,-0.00068808,0.00735924,0.322142,0.000806821,0.201213,1.60063,
18.2412,16.8504,4.16238,0.969066,0.301852,-0.0732079,0.0772844,0.683558,0.000841815,0.00132073,-0.000679747,0.00732571,0.322098,0.000803282,0.201207,1.60042,
18.2409,16.8504,4.16538,0.969079,0.301813,-0.0731764,0.0772922,0.683571,0.000776815,0.0012083,-0.000671414,0.00729218,0.322054,0.000799742,0.201201,1.6002,
18.2407,16.8504,4.16837,0.969093,0.301773,-0.073145,0.0772999,0.683585,0.000711815,0.00109586,-0.000663081,0.00725865,0.322011,0.000796203,0.201194,1.59999,
18.2404,16.8504,4.17136,0.969106,0.301734,-0.0731136,0.0773077,0.683598,0.000646815,0.000983425,-0.000654747,0.00722512,0.321967,0.000792664,0.201188,1.59978,
18.2402,16.8504,4.17435,0.969119,0.301694,-0.0730821,0.0773155,0.683611,0.000581814,0.000870989,-0.000646414,0.00719159,0.321923,0.000789124,0.201182,1.59957,
18.2399,16.8504,4.17735,0.969133,0.301655,-0.0730507,0.0773232,0.683624,0.000516814,0.000758552,-0.000638081,0.00715807,0.32188,0.000785585,0.201175,1.59935,
18.2397,16.8504,4.18034,0.969146,0.301615,-0.0730193,0.077331,0.683637,0.000451814,0.000646116,-0.000629748,0.00712454,0.321836,0.000782046,0.201169,1.59914,
18.2394,16.8504,4.18333,0.969159,0.301576,-0.0729879,0.0773387,0.68365,0.000386814,0.000533679,-0.000621415,0.00709101,0.321792,0.000778506,0.201163,1.59893,
18.2392,16.8504,4.18632,0.969173,0.301536,-0.0729564,0.0773465,0.683663,0.000321813,0.000421243,-0.000613081,0.00705748,0.321748,0.000774967,0.201156,1.59871,
18.2389,16.8504,4.18932,0.969186,0.301497,-0.072925,0.0773543,0.683677,0.000256813,0.000308806,-0.000604748,0.00702395,0.321705,0.000771428,0.20115,1.5985,
18.2387,16.8504,4.19231,0.9692,0.301457,-0.0728936,0.077362,0.68369,0.000191813,0.00019637,-0.000596415,0.00699042,0.321661,0.000767889,0.201143,1.59829,
18.2384,16.8504,4.1953,0.969213,0.301418,-0.0728621,0.0773698,0.683703,0.000126813,8.39332e-05,-0.000588082,0.00695689,0.321617,0.000764349,0.201137,1.59808,
18.2382,16.8504,4.19829,0.969226,0.301378,-0.0728307,0.0773775,0.683716,6.18125e-05,-2.85033e-05,-0.000579748,0.00692336,0.321574,0.00076081,0.201131,1.59786,
18.2379,16.8504,4.20129,0.96924,0.301339,-0.0727993,0.0773853,0.683729,-3.18776e-06,-0.00014094,-0.000571415,0.00688983,0.32153,0.00075727,0.201124,1.59765,
18.2376,16.8504,4.20428,0.969253,0.3013,-0.0727682,0.077394,0.683742,-7.26424e-05,-0.000256297,-0.000564943,0.00683047,0.321487,0.000755369,0.201116,1.59744,
18.2374,16.8504,4.20727,0.969266,0.301262,-0.0727379,0.0774045,0.683755,-0.000150077,-0.000376885,-0.000561806,0.00672483,0.321445,0.000756402,0.201105,1.59724,
18.2371,16.8504,4.21026,0.969278,0.301223,-0.0727075,0.077415,0.683767,-0.000227512,-0.000497474,-0.000558669,0.0066192,0.321404,0.000757435,0.201093,1.59704,
18.2369,16.8504,4.21326,0.969291,0.301185,-0.0726771,0.0774254,0.68378,-0.000304947,-0.000618062,-0.000555532,0.00651356,0.321362,0.000758468,0.201081,1.59683,
18.2366,16.8504,4.21625,0.969304,0.301147,-0.0726468,0.0774359,0.683793,-0.000382382,-0.000738651,-0.000552395,0.00640792,0.32132,0.000759502,0.20107,1.59663,
18.2364,16.8504,4.21924,0.969317,0.301109,-0.0726164,0.0774463,0.683805,-0.000459817,-0.00085924,-0.000549258,0.00630229,0.321279,0.000760535,0.201058,1.59643,
18.2361,16.8504,4.22223,0.969329,0.301071,-0.072586,0.0774568,0.683818,-0.000537252,-0.000979828,-0.000546121,0.00619665,0.321237,0.000761568,0.201047,1.59623,
18.2359,16.8504,4.22522,0.969342,0.301033,-0.0725557,0.0774673,0.68383,-0.000614686,-0.00110042,-0.000542984,0.00609101,0.321196,0.000762601,0.201035,1.59602,
18.2356,16.8504,4.22822,0.969355,0.300995,-0.0725253,0.0774777,0.683843,-0.000692121,-0.00122101,-0.000539847,0.00598537,0.321154,0.000763634,0.201023,1.59582,
18.2354,16.8504,4.23121,0.969368,0.300957,-0.072495,0.0774882,0.683855,-0.000769556,-0.00134159,-0.00053671,0.00587974,0.321112,0.000764667,0.201012,1.59562,
18.2351,16.8504,4.2342,0.969381,0.300919,-0.0724646,0.0774987,0.683868,-0.000846991,-0.00146218,-0.000533573,0.0057741,0.321071,0.0007657,0.201,1.59541,
18.2349,16.8504,4.23719,0.969393,0.30088,-0.0724342,0.0775091,0.683881,-0.000924426,-0.00158277,-0.000530436,0.00566846,0.321029,0.000766733,0.200989,1.59521,
18.2346,16.8504,4.24019,0.969406,0.300842,-0.0724039,0.0775196,0.683893,-0.00100186,-0.00170336,-0.000527299,0.00556282,0.320988,0.000767766,0.200977,1.59501,
18.2344,16.8504,4.24318,0.969419,0.300804,-0.0723735,0.0775301,0.683906,-0.0010793,-0.00182395,-0.000524162,0.00545719,0.320946,0.0007688,0.200965,1.59481,
18.2341,16.8504,4.24617,0.969432,0.300766,-0.0723431,0.0775405,0.683918,-0.00115673,-0.00194454,-0.000521025,0.00535155,0.320904,0.000769833,0.200954,1.5946,
18.2339,16.8504,4.24916,0.969444,0.300728,-0.0723128,0.077551,0.683931,-0.00123417,-0.00206513,-0.000517888,0.00524591,0.320863,0.000770866,0.200942,1.5944,
18.2336,16.8504,4.25216,0.969457,0.30069,-0.0722824,0.0775614,0.683943,-0.0013116,-0.00218571,-0.000514751,0.00514027,0.320821,0.000771899,0.200931,1.5942,
18.2334,16.8504,4.25515,0.96947,0.300652,-0.072252,0.0775719,0.683956,-0.00138903,-0.0023063,-0.000511614,0.00503464,0.320779,0.000772932,0.200919,1.594,
18.2331,16.8504,4.25814,0.969483,0.300614,-0.0722217,0.0775824,0.683969,-0.00146647,-0.00242689,-0.000508477,0.004929,0.320738,0.000773965,0.200907,1.59379,
18.2329,16.8504,4.26113,0.969496,0.300576,-0.0721913,0.0775928,0.683981,-0.0015439,-0.00254748,-0.00050534,0.00482336,0.320696,0.000774998,0.200896,1.59359,
18.2326,16.8504,4.26413,0.969508,0.300537,-0.0721609,0.0776033,0.683994,-0.00162134,-0.00266807,-0.000502203,0.00471772,0.320655,0.000776031,0.200884,1.59339,
18.2324,16.8504,4.26712,0.969521,0.300499,-0.0721306,0.0776138,0.684006,-0.00169877,-0.00278866,-0.000499066,0.00461209,0.320613,0.000777064,0.200873,1.59319,
18.2321,16.8504,4.27011,0.969534,0.300461,-0.0721002,0.0776242,0.684019,-0.00177621,-0.00290925,-0.000495929,0.00450645,0.320571,0.000778097,0.200861,1.59298,
18.2318,16.8504,4.2731,0.969547,0.300423,-0.0720699,0.0776347,0.684031,-0.00185364,-0.00302983,-0.000492792,0.00440081,0.32053,0.000779131,0.200849,1.59278,
18.2316,16.8504,4.2761,0.969559,0.300385,-0.0720395,0.0776452,0.684044,-0.00193108,-0.00315042,-0.000489655,0.00429517,0.320488,0.000780164,0.200838,1.59258,
18.2313,16.8504,4.27909,0.969572,0.300347,-0.0720091,0.0776556,0.684057,-0.00200851,-0.00327101,-0.000486518,0.00418954,0.320447,0.000781197,0.200826,1.59238,
18.2311,16.8504,4.28208,0.969585,0.300309,-0.071979,0.0776652,0.684069,-0.00207256,-0.00338775,-0.000479728,0.00412375,0.320405,0.00078248,0.200818,1.59217,
18.2308,16.8504,4.28507,0.969597,0.300272,-0.07195,0.0776711,0.684081,-0.00208149,-0.00348861,-0.000457888,0.00422213,0.320364,0.000784792,0.200826,1.59198,
18.2306,16.8504,4.28807,0.96961,0.300235,-0.071921,0.077677,0.684094,-0.00209042,-0.00358948,-0.000436049,0.0043205,0.320324,0.000787104,0.200833,1.59178,
18.2303,16.8504,4.29106,0.969622,0.300198,-0.071892,0.0776829,0.684106,-0.00209935,-0.00369034,-0.000414209,0.00441888,0.320283,0.000789416,0.20084,1.59158,
18.2301,16.8504,4.29405,0.969635,0.300162,-0.071863,0.0776889,0.684118,-0.00210828,-0.00379121,-0.00039237,0.00451725,0.320242,0.000791729,0.200848,1.59138,
18.2298,16.8504,4.29704,0.969647,0.300125,-0.071834,0.0776948,0.68413,-0.00211721,-0.00389208,-0.000370531,0.00461563,0.320201,0.000794041,0.200855,1.59118,
18.2296,16.8504,4.30003,0.96966,0.300088,-0.0718049,0.0777007,0.684143,-0.00212614,-0.00399294,-0.000348691,0.004714,0.32016,0.000796353,0.200862,1.59098,
18.2293,16.8504,4.30303,0.969672,0.300051,-0.0717759,0.0777066,0.684155,-0.00213506,-0.00409381,-0.000326852,0.00481238,0.32012,0.000798665,0.20087,1.59078,
18.2291,16.8504,4.30602,0.969684,0.300014,-0.0717469,0.0777125,0.684167,-0.00214399,-0.00419468,-0.000305012,0.00491075,0.320079,0.000800978,0.200877,1.59058,
18.2288,16.8504,4.30901,0.969697,0.299978,-0.0717179,0.0777184,0.684179,-0.00215292,-0.00429554,-0.000283173,0.00500913,0.320038,0.00080329,0.200884,1.59039,
18.2286,16.8504,4.312,0.969709,0.299941,-0.0716889,0.0777243,0.684192,-0.00216185,-0.00439641,-0.000261334,0.00510751,0.319997,0.000805602,0.200892,1.59019,
18.2283,16.8504,4.315,0.969722,0.299904,-0.0716599,0.0777303,0.684204,-0.00217078,-0.00449727,-0.000239494,0.00520588,0.319956,0.000807914,0.200899,1.58999,
18.2281,16.8504,4.31799,0.969734,0.299867,-0.0716309,0.0777362,0.684216,-0.00217971,-0.00459814,-0.000217655,0.00530426,0.319916,0.000810226,0.200906,1.58979,
18.2278,16.8504,4.32098,0.969747,0.29983,-0.0716019,0.0777421,0.684228,-0.00218863,-0.00469901,-0.000195815,0.00540263,0.319875,0.000812539,0.200914,1.58959,
18.2276,16.8504,4.32397,0.969759,0.299793,-0.0715729,0.077748,0.684241,-0.00219756,-0.00479987,-0.000173976,0.00550101,0.319834,0.000814851,0.200921,1.58939,
18.2273,16.8504,4.32697,0.969772,0.299757,-0.0715438,0.0777539,0.684253,-0.00220649,-0.00490074,-0.000152137,0.00559938,0.319793,0.000817163,0.200928,1.58919,
18.2271,16.8504,4.32996,0.969784,0.29972,-0.0715148,0.0777598,0.684265,-0.00221542,-0.0050016,-0.000130297,0.00569776,0.319753,0.000819475,0.200936,1.58899,
18.2268,16.8504,4.33295,0.969796,0.299683,-0.0714858,0.0777657,0.684277,-0.00222435,-0.00510247,-0.000108458,0.00579613,0.319712,0.000821787,0.200943,1.5888,
18.2266,16.8504,4.33594,0.969809,0.299646,-0.0714568,0.0777717,0.68429,-0.00223328,-0.00520334,-8.66184e-05,0.00589451,0.319671,0.0008241,0.20095,1.5886,
18.2263,16.8504,4.33894,0.969821,0.299609,-0.0714278,0.0777776,0.684302,-0.0022422,-0.0053042,-6.4779e-05,0.00599288,0.31963,0.000826412,0.200958,1.5884,

