43.4738,16.8504,-2.69903,0.995923,0.0223592,0.0238221,-0.00526452,0.716583,-58.6942,196.605,259.552,331.424,0.033001,-0.867538,0.393227,0.165608,
43.4777,16.8504,-2.6959,0.996164,0.0357088,0.0333509,-0.0126182,0.716582,4.10079,57.9084,49.6975,76.5447,0.0503146,-0.831603,7.45069,0.252462,
43.4816,16.8504,-2.69276,0.996265,0.0402733,0.0352768,-0.0161547,0.716581,8.34025,35.9135,23.4017,43.6807,0.0557462,-0.817231,16.901,0.279702,
43.4855,16.8504,-2.68963,0.996336,0.0433606,0.0360299,-0.0189302,0.716581,9.2313,29.451,16.0976,34.8347,0.0592944,-0.806956,26.2046,0.297493,
43.4895,16.8504,-2.6865,0.996397,0.0459211,0.0363976,-0.0214014,0.71658,9.54189,25.8496,12.2557,30.1703,0.0621989,-0.79812,35.6483,0.312056,
43.4934,16.8504,-2.68337,0.996453,0.0481484,0.0365325,-0.0236658,0.71658,9.62543,23.6018,10.0047,27.3907,0.0647164,-0.790109,45.1522,0.324678,
43.4973,16.8504,-2.68024,0.996505,0.0501557,0.0365231,-0.0257827,0.716579,9.6255,22.1037,8.55972,25.5901,0.066995,-0.782566,54.4766,0.3361,
43.5012,16.8504,-2.67711,0.996555,0.0520253,0.0364265,-0.0278032,0.716579,9.61045,21.0367,7.54618,24.3329,0.0691276,-0.775288,63.4874,0.34679,
43.5051,16.8504,-2.67398,0.996604,0.053815,0.0362805,-0.029765,0.716578,9.59377,20.2132,6.77187,23.378,0.0711828,-0.76811,72.2199,0.357091,
43.509,16.8504,-2.67085,0.996653,0.0555124,0.0360636,-0.0316679,0.716578,9.59901,19.6719,6.24108,22.7648,0.073174,-0.76084,80.403,0.367071,
43.5129,16.8504,-2.66772,0.996701,0.0571556,0.0358275,-0.0335196,0.716577,9.61848,19.236,5.78896,22.2734,0.0750835,-0.753858,88.2552,0.376641,
43.5168,16.8504,-2.66459,0.996751,0.0587654,0.035546,-0.0353625,0.716576,9.64441,18.9255,5.45107,21.9315,0.0770139,-0.746451,95.6228,0.386314,
43.5207,16.8504,-2.66146,0.996802,0.0603491,0.0352494,-0.0371835,0.716576,9.67546,18.6645,5.15296,21.6462,0.0789163,-0.739079,102.709,0.395847,
43.5246,16.8504,-2.65833,0.996854,0.061896,0.0349153,-0.0389843,0.716575,9.71555,18.5018,4.93688,21.4744,0.0808147,-0.731409,109.181,0.405358,
43.5285,16.8504,-2.6552,0.996906,0.0634451,0.0345803,-0.0407885,0.716574,9.75547,18.339,4.72105,21.3024,0.0827202,-0.723688,115.646,0.414905,
43.5324,16.8504,-2.65207,0.99696,0.0649558,0.03421,-0.0425655,0.716573,9.80056,18.2502,4.56832,21.2138,0.0846103,-0.715706,121.343,0.424373,
43.5363,16.8504,-2.64894,0.997016,0.0664662,0.0338286,-0.0443487,0.716572,9.84665,18.1778,4.43016,21.1438,0.0865224,-0.707466,126.834,0.433951,
43.5402,16.8504,-2.64581,0.997072,0.0679766,0.0334472,-0.046132,0.71657,9.89273,18.1054,4.292,21.0738,0.0884346,-0.699227,132.326,0.443529,
43.5441,16.8504,-2.64268,0.997132,0.0694683,0.0330332,-0.0479069,0.716569,9.93745,18.0732,4.19344,21.0475,0.0903636,-0.69049,136.979,0.453189,
43.548,16.8504,-2.63955,0.997193,0.0709555,0.0326112,-0.0496798,0.716568,9.98183,18.0508,4.10453,21.0318,0.0922966,-0.681633,141.428,0.462869,
43.5519,16.8504,-2.63642,0.997254,0.0724443,0.0321888,-0.0514543,0.716567,10.0263,18.0285,4.01558,21.0163,0.094236,-0.672708,145.874,0.472581,
43.5558,16.8504,-2.63329,0.997317,0.0739351,0.0317584,-0.0532334,0.716565,10.0687,18.0085,3.9323,21.0036,0.0962084,-0.663285,150.085,0.482456,
43.5597,16.8504,-2.63016,0.997385,0.0754166,0.0312988,-0.0550091,0.716563,10.1022,18.0022,3.87347,21.0037,0.098202,-0.653303,153.383,0.492435,
43.5637,16.8504,-2.62703,0.997454,0.0768977,0.0308394,-0.0567845,0.716562,10.1358,17.996,3.81464,21.0039,0.100195,-0.64333,156.684,0.50241,
43.5676,16.8504,-2.62389,0.997522,0.0783789,0.0303799,-0.0585598,0.71656,10.1694,17.9898,3.7558,21.0041,0.102188,-0.633356,159.985,0.512385,
43.5715,16.8504,-2.62076,0.99759,0.07986,0.0299205,-0.0603351,0.716559,10.2029,17.9836,3.69697,21.0043,0.10418,-0.623383,163.286,0.522359,
43.5754,16.8504,-2.61763,0.997669,0.0813496,0.0294294,-0.0621251,0.716557,10.2112,17.9551,3.65055,20.9759,0.106249,-0.61197,165.411,0.532707,
43.5793,16.8504,-2.6145,0.997746,0.0828259,0.0289385,-0.063897,0.716555,10.2196,17.9304,3.60719,20.9515,0.108293,-0.600753,167.47,0.542935,
43.5832,16.8504,-2.61137,0.997824,0.0843023,0.0284475,-0.0656689,0.716554,10.228,17.9056,3.56382,20.927,0.110338,-0.589537,169.529,0.553162,
43.5871,16.8504,-2.60824,0.997901,0.0857786,0.0279565,-0.0674408,0.716552,10.2365,17.8809,3.52046,20.9025,0.112382,-0.57832,171.588,0.563389,
43.591,16.8504,-2.60511,0.997978,0.087255,0.0274655,-0.0692127,0.716551,10.2449,17.8562,3.47709,20.8781,0.114426,-0.567104,173.646,0.573617,
43.5949,16.8504,-2.60198,0.998067,0.0887344,0.0269553,-0.070986,0.716549,10.2068,17.7638,3.4311,20.7728,0.116523,-0.554482,174.633,0.584099,
43.5988,16.8504,-2.59885,0.998158,0.090202,0.0264401,-0.0727414,0.716548,10.1573,17.6578,3.38708,20.6506,0.118616,-0.541548,175.253,0.594559,
43.6027,16.8504,-2.59572,0.998247,0.0916623,0.0259275,-0.0744869,0.716547,10.1146,17.5636,3.34488,20.5421,0.120689,-0.528933,175.978,0.604922,
43.6066,16.8504,-2.59259,0.998336,0.0931226,0.0254149,-0.0762323,0.716546,10.0718,17.4693,3.30267,20.4337,0.122761,-0.516317,176.703,0.615284,
43.6105,16.8504,-2.58946,0.998424,0.0945828,0.0249023,-0.0779777,0.716545,10.0291,17.3751,3.26046,20.3252,0.124834,-0.503701,177.428,0.625647,
43.6144,16.8504,-2.58633,0.998513,0.0960431,0.0243897,-0.0797232,0.716544,9.9864,17.2808,3.21825,20.2167,0.126907,-0.491086,178.153,0.63601,
43.6183,16.8504,-2.5832,0.998606,0.0974765,0.0238778,-0.081428,0.716543,9.8996,17.1176,3.16815,20.0263,0.128956,-0.47802,178.305,0.646249,
43.6222,16.8504,-2.58007,0.998706,0.0988721,0.0233669,-0.0830759,0.716543,9.75105,16.8577,3.107,19.7211,0.130972,-0.464324,177.657,0.656314,
43.6261,16.8504,-2.57694,0.998806,0.100268,0.022856,-0.0847238,0.716544,9.6025,16.5979,3.04584,19.4159,0.132987,-0.450628,177.009,0.666379,
43.63,16.8504,-2.57381,0.998906,0.101663,0.0223451,-0.0863718,0.716544,9.45395,16.338,2.98468,19.1107,0.135003,-0.436932,176.361,0.676444,
43.6339,16.8504,-2.57068,0.999006,0.103059,0.0218342,-0.0880197,0.716544,9.3054,16.0781,2.92353,18.8055,0.137018,-0.423236,175.712,0.68651,
43.6379,16.8504,-2.56755,0.999107,0.104455,0.0213234,-0.0896674,0.716545,9.14813,15.8033,2.85983,18.4828,0.139037,-0.409406,175.009,0.69659,
43.6418,16.8504,-2.56442,0.999213,0.105849,0.0208129,-0.0913142,0.716545,8.95478,15.467,2.78561,18.088,0.141069,-0.395023,174.079,0.706735,
43.6457,16.8504,-2.56129,0.999319,0.107244,0.0203024,-0.0929609,0.716546,8.76144,15.1306,2.71139,17.6932,0.143101,-0.380641,173.148,0.71688,
43.6496,16.8504,-2.55816,0.999417,0.108394,0.0198676,-0.0942736,0.716545,8.42702,14.557,2.60004,17.0201,0.144773,-0.367799,171.631,0.725213,
43.6535,16.8504,-2.55502,0.999515,0.109524,0.0194386,-0.0955605,0.716544,8.08169,13.9651,2.48581,16.3254,0.146416,-0.355076,170.068,0.733407,
43.6574,16.8504,-2.55189,0.999612,0.110655,0.0190097,-0.0968474,0.716543,7.73636,13.3733,2.37159,15.6308,0.14806,-0.342353,168.505,0.7416,
43.6613,16.8504,-2.54876,0.99971,0.111811,0.0185712,-0.0981673,0.716542,7.41164,12.8172,2.26375,14.9779,0.149738,-0.329546,166.972,0.74997,
43.6652,16.8504,-2.54563,0.999808,0.112989,0.0181247,-0.0995149,0.716541,7.10418,12.291,2.16126,14.3601,0.151446,-0.316667,165.465,0.758487,
43.6691,16.8504,-2.5425,0.999906,0.114167,0.0176782,-0.100863,0.716541,6.79672,11.7649,2.05877,13.7422,0.153154,-0.303789,163.957,0.767005,
43.673,16.8504,-2.53937,1,0.115345,0.0172318,-0.10221,0.71654,6.48914,11.2386,1.95624,13.1241,0.15486,-0.290987,162.45,0.775514,
43.6769,16.8504,-2.53624,1.0001,0.116523,0.0167855,-0.103557,0.716539,6.18149,10.7121,1.85368,12.5059,0.156565,-0.278241,160.944,0.784017,
43.6808,16.8504,-2.53311,1.0002,0.1177,0.0163389,-0.104904,0.716539,5.87441,10.1862,1.75136,11.8884,0.158277,-0.265117,159.438,0.792555,
43.6847,16.8504,-2.52998,1.00025,0.11834,0.0160771,-0.105564,0.71653,5.49707,9.53637,1.63217,11.1276,0.159169,-0.258234,158.996,0.796994,
43.6886,16.8504,-2.52685,1.0003,0.118947,0.0158269,-0.10618,0.71652,5.11537,8.87881,1.51192,10.3579,0.16001,-0.251738,158.621,0.801178,
43.6925,16.8504,-2.52372,1.00035,0.119554,0.015576,-0.106799,0.716511,4.73369,8.22162,1.39175,9.58864,0.160854,-0.245145,158.238,0.805378,
43.6964,16.8504,-2.52059,1.00039,0.120163,0.0153246,-0.107418,0.716501,4.35202,7.5647,1.27162,8.81965,0.1617,-0.238478,157.85,0.809589,
43.7003,16.8504,-2.51746,1.00044,0.120771,0.0150733,-0.108037,0.716492,3.97035,6.90778,1.1515,8.05066,0.162546,-0.231811,157.461,0.8138,
43.7042,16.8504,-2.51433,1.00049,0.121405,0.0148131,-0.108687,0.716483,3.59151,6.25561,1.03209,7.28722,0.163429,-0.224887,156.983,0.818194,
43.7081,16.8504,-2.5112,1.00055,0.122104,0.0145293,-0.109417,0.716474,3.2202,5.61611,0.914602,6.53857,0.16441,-0.217279,156.267,0.823077,
43.712,16.8504,-2.50807,1.0006,0.122803,0.0142454,-0.110148,0.716465,2.84889,4.9766,0.797113,5.78992,0.165391,-0.209671,155.55,0.827959,
43.716,16.8504,-2.50494,1.00066,0.123502,0.0139616,-0.110878,0.716456,2.47758,4.3371,0.679625,5.04127,0.166371,-0.202063,154.834,0.832842,
43.7199,16.8504,-2.50181,1.00071,0.124201,0.0136778,-0.111609,0.716447,2.10627,3.6976,0.562137,4.29262,0.167352,-0.194455,154.117,0.837724,
43.7238,16.8504,-2.49868,1.00076,0.124797,0.0134312,-0.112214,0.716438,1.75126,3.08753,0.451466,3.66314,0.168176,-0.188154,153.849,0.841826,
43.7277,16.8504,-2.49555,1.00075,0.124834,0.0133869,-0.112137,0.716427,1.48478,2.63726,0.377808,3.68064,0.16815,-0.18895,156.018,0.841692,
43.7316,16.8504,-2.49242,1.00074,0.124871,0.0133426,-0.11206,0.716416,1.21829,2.18699,0.30415,3.69814,0.168123,-0.189746,158.186,0.841557,
43.7355,16.8504,-2.48928,1.00073,0.124908,0.0132983,-0.111983,0.716404,0.951799,1.73671,0.230492,3.71563,0.168097,-0.190542,160.355,0.841422,
43.7394,16.8504,-2.48615,1.00072,0.124946,0.013254,-0.111906,0.716393,0.68531,1.28644,0.156834,3.73313,0.16807,-0.191338,162.523,0.841288,
43.7433,16.8504,-2.48302,1.00071,0.124983,0.0132097,-0.111829,0.716382,0.418822,0.836168,0.0831757,3.75062,0.168044,-0.192134,164.692,0.841153,
43.7472,16.8504,-2.47989,1.0007,0.12502,0.0131654,-0.111753,0.716371,0.152334,0.385895,0.00951766,3.76812,0.168017,-0.192929,166.86,0.841019,
43.7511,16.8504,-2.47676,1.00069,0.125057,0.0131211,-0.111676,0.71636,-0.114155,-0.0643778,-0.0641404,3.78562,0.167991,-0.193725,169.029,0.840884,
43.755,16.8504,-2.47363,1.00067,0.125094,0.0130768,-0.111599,0.716349,-0.380643,-0.51465,-0.137799,3.80311,0.167964,-0.194521,171.197,0.84075,
43.7589,16.8504,-2.4705,1.00066,0.125132,0.0130325,-0.111522,0.716338,-0.647132,-0.964923,-0.211457,3.82061,0.167938,-0.195317,173.366,0.840615,
43.7628,16.8504,-2.46737,1.00066,0.125243,0.0129596,-0.111534,0.716326,-0.925881,-1.43812,-0.29001,3.6903,0.168023,-0.195209,175.197,0.841038,
43.7667,16.8504,-2.46424,1.00066,0.125361,0.012884,-0.111554,0.716313,-1.20578,-1.91348,-0.369024,3.5461,0.16812,-0.195015,176.996,0.841514,
43.7706,16.8504,-2.46111,1.00065,0.125479,0.0128085,-0.111574,0.716301,-1.48569,-2.38884,-0.448038,3.4019,0.168216,-0.194822,178.795,0.84199,
43.7745,16.8504,-2.45798,1.00064,0.125504,0.0127727,-0.111484,0.71629,-1.73203,-2.80363,-0.514743,3.3355,0.168172,-0.195758,180.862,0.84177,
43.7784,16.8504,-2.45485,1.00059,0.125182,0.012886,-0.110979,0.716283,-1.85288,-2.992,-0.535431,3.55994,0.167605,-0.200915,183.926,0.838948,
43.7823,16.8504,-2.45172,1.00055,0.124861,0.0129992,-0.110474,0.716275,-1.97373,-3.18037,-0.556118,3.78438,0.167039,-0.206072,186.991,0.836126,
43.7862,16.8504,-2.44859,1.00051,0.124539,0.0131124,-0.109969,0.716268,-2.09458,-3.36874,-0.576806,4.00882,0.166472,-0.21123,190.056,0.833305,
43.7901,16.8504,-2.44546,1.00046,0.124218,0.0132256,-0.109464,0.716261,-2.21543,-3.55711,-0.597493,4.23326,0.165906,-0.216387,193.12,0.830483,
43.7941,16.8504,-2.44233,1.00042,0.123896,0.0133388,-0.10896,0.716253,-2.33628,-3.74548,-0.618181,4.4577,0.16534,-0.221544,196.185,0.827662,
43.798,16.8504,-2.4392,1.00038,0.123575,0.013452,-0.108455,0.716246,-2.4571,-3.93382,-0.638839,4.68211,0.164773,-0.226702,199.25,0.82484,
43.8019,16.8504,-2.43607,1.00033,0.123253,0.0135648,-0.10795,0.716239,-2.57799,-4.12262,-0.6595,4.907,0.164208,-0.231783,202.315,0.822027,
43.8058,16.8504,-2.43294,1.00029,0.122933,0.0136773,-0.107447,0.716231,-2.69917,-4.31199,-0.680356,5.13262,0.163646,-0.236787,205.378,0.819225,
43.8097,16.8504,-2.42981,1.00024,0.122613,0.0137897,-0.106943,0.716224,-2.82035,-4.50136,-0.701212,5.35824,0.163083,-0.241792,208.442,0.816422,
43.8136,16.8504,-2.42668,1.0002,0.122292,0.0139022,-0.106439,0.716217,-2.94153,-4.69073,-0.722069,5.58386,0.162521,-0.246797,211.506,0.81362,
43.8175,16.8504,-2.42355,1.00016,0.121972,0.0140147,-0.105935,0.716209,-3.06271,-4.8801,-0.742925,5.80948,0.161959,-0.251801,214.57,0.810818,
43.8214,16.8504,-2.42041,1.00011,0.121651,0.0141271,-0.105432,0.716202,-3.18388,-5.06947,-0.763781,6.03509,0.161396,-0.256806,217.634,0.808016,
43.8253,16.8504,-2.41728,1.00007,0.121331,0.0142396,-0.104928,0.716195,-3.30506,-5.25884,-0.784637,6.26071,0.160834,-0.26181,220.698,0.805214,
43.8292,16.8504,-2.41415,1.00003,0.12101,0.014352,-0.104424,0.716187,-3.42624,-5.44821,-0.805494,6.48633,0.160271,-0.266815,223.761,0.802412,
43.8331,16.8504,-2.41102,0.999982,0.120705,0.0144576,-0.10394,0.71618,-3.55296,-5.64749,-0.828203,6.7234,0.159732,-0.271677,226.805,0.799723,
43.837,16.8504,-2.40789,0.999934,0.120315,0.0146211,-0.103353,0.716174,-3.61913,-5.74378,-0.83395,6.84004,0.159073,-0.277163,229.563,0.79644,
43.8409,16.8504,-2.40476,0.999882,0.119873,0.014818,-0.102701,0.71617,-3.65167,-5.7825,-0.830038,6.88945,0.158339,-0.283064,232.199,0.792781,
43.8448,16.8504,-2.40163,0.999831,0.11943,0.0150148,-0.10205,0.716166,-3.6842,-5.82122,-0.826127,6.93887,0.157605,-0.288965,234.836,0.789122,
43.8487,16.8504,-2.3985,0.999779,0.118987,0.0152127,-0.101394,0.716162,-3.71441,-5.85608,-0.821561,6.98374,0.156866,-0.294883,237.454,0.785443,
43.8526,16.8504,-2.39537,0.999727,0.118543,0.0154107,-0.100737,0.716158,-3.74428,-5.8904,-0.816905,7.02798,0.156128,-0.300803,240.068,0.781762,
43.8565,16.8504,-2.39224,0.999675,0.118099,0.0156088,-0.100081,0.716154,-3.77416,-5.92473,-0.812248,7.07221,0.155389,-0.306723,242.683,0.77808,
43.8604,16.8504,-2.38911,0.999623,0.117656,0.0158068,-0.0994238,0.71615,-3.80404,-5.95906,-0.807592,7.11645,0.15465,-0.312643,245.298,0.774399,
43.8643,16.8504,-2.38598,0.999572,0.117212,0.0160049,-0.0987671,0.716146,-3.83391,-5.99338,-0.802935,7.16069,0.153912,-0.318564,247.913,0.770717,
43.8683,16.8504,-2.38285,0.99952,0.116768,0.0162029,-0.0981104,0.716142,-3.86379,-6.02771,-0.798278,7.20492,0.153173,-0.324484,250.527,0.767035,
43.8722,16.8504,-2.37972,0.999468,0.116324,0.016401,-0.0974536,0.716138,-3.89366,-6.06204,-0.793622,7.24916,0.152434,-0.330404,253.142,0.763354,
43.8761,16.8504,-2.37659,0.999416,0.115881,0.016599,-0.0967969,0.716134,-3.92354,-6.09636,-0.788965,7.2934,0.151695,-0.336324,255.757,0.759672,
43.88,16.8504,-2.37346,0.999365,0.115437,0.0167971,-0.0961402,0.71613,-3.95342,-6.13069,-0.784308,7.33764,0.150957,-0.342245,258.372,0.755991,
43.8839,16.8504,-2.37033,0.999313,0.114993,0.0169951,-0.0954834,0.716126,-3.98329,-6.16501,-0.779652,7.38187,0.150218,-0.348165,260.987,0.752309,
43.8878,16.8504,-2.3672,0.999261,0.114549,0.0171932,-0.0948267,0.716122,-4.01317,-6.19934,-0.774995,7.42611,0.149479,-0.354085,263.601,0.748627,
43.8917,16.8504,-2.36407,0.999209,0.114106,0.0173912,-0.09417,0.716118,-4.04305,-6.23367,-0.770339,7.47035,0.148741,-0.360005,266.216,0.744946,
43.8956,16.8504,-2.36094,0.999157,0.113662,0.0175893,-0.0935132,0.716114,-4.07292,-6.26799,-0.765682,7.51458,0.148002,-0.365925,268.831,0.741264,
43.8995,16.8504,-2.35781,0.999106,0.113218,0.0177873,-0.0928565,0.71611,-4.1028,-6.30232,-0.761025,7.55882,0.147263,-0.371846,271.446,0.737583,
43.9034,16.8504,-2.35468,0.999054,0.112774,0.0179854,-0.0921998,0.716106,-4.13268,-6.33664,-0.756369,7.60306,0.146524,-0.377766,274.061,0.733901,
43.9073,16.8504,-2.35154,0.999002,0.112331,0.0181851,-0.0915427,0.716103,-4.16069,-6.36784,-0.75118,7.64364,0.145787,-0.383645,276.641,0.730225,
43.9112,16.8504,-2.34841,0.998957,0.111896,0.0184142,-0.090879,0.716102,-4.15585,-6.34381,-0.736625,7.61977,0.145071,-0.3888,278.608,0.726653,
43.9151,16.8504,-2.34528,0.998912,0.111462,0.0186433,-0.0902153,0.716101,-4.15101,-6.31978,-0.722071,7.59591,0.144355,-0.393955,280.575,0.723082,
43.919,16.8504,-2.34215,0.998867,0.111027,0.0188724,-0.089552,0.7161,-4.14686,-6.29686,-0.707674,7.57331,0.143637,-0.399153,282.557,0.719502,
43.9229,16.8504,-2.33902,0.998822,0.110587,0.0191015,-0.0888899,0.716099,-4.1455,-6.27853,-0.693876,7.55615,0.142919,-0.404325,284.604,0.715919,
43.9268,16.8504,-2.33589,0.998777,0.110147,0.0193304,-0.0882278,0.716098,-4.14416,-6.26024,-0.680074,7.53907,0.142202,-0.40946,286.652,0.712342,
43.9307,16.8504,-2.33276,0.998731,0.109707,0.0195593,-0.0875656,0.716097,-4.14282,-6.24196,-0.666272,7.52199,0.141485,-0.414595,288.7,0.708766,
43.9346,16.8504,-2.32963,0.998686,0.109268,0.0197883,-0.0869034,0.716097,-4.14148,-6.22368,-0.652469,7.50491,0.140767,-0.41973,290.748,0.705189,
43.9385,16.8504,-2.3265,0.998641,0.108828,0.0200172,-0.0862413,0.716096,-4.14014,-6.2054,-0.638667,7.48784,0.14005,-0.424866,292.797,0.701612,
43.9425,16.8504,-2.32337,0.998595,0.108388,0.0202462,-0.0855791,0.716095,-4.1388,-6.18712,-0.624865,7.47076,0.139333,-0.430001,294.845,0.698035,
43.9464,16.8504,-2.32024,0.99855,0.107949,0.0204751,-0.084917,0.716094,-4.13746,-6.16884,-0.611062,7.45368,0.138616,-0.435136,296.893,0.694458,
43.9503,16.8504,-2.31711,0.998505,0.107509,0.0207041,-0.0842548,0.716093,-4.13612,-6.15055,-0.59726,7.4366,0.137899,-0.440271,298.941,0.690881,
43.9542,16.8504,-2.31398,0.998459,0.107069,0.020933,-0.0835927,0.716092,-4.13478,-6.13227,-0.583457,7.41952,0.137182,-0.445407,300.989,0.687304,
43.9581,16.8504,-2.31085,0.998414,0.106629,0.021162,-0.0829305,0.716091,-4.13344,-6.11399,-0.569655,7.40244,0.136465,-0.450542,303.037,0.683727,
43.962,16.8504,-2.30772,0.998369,0.10619,0.0213909,-0.0822684,0.71609,-4.1321,-6.09571,-0.555853,7.38536,0.135748,-0.455677,305.085,0.68015,
43.9659,16.8504,-2.30459,0.998323,0.105751,0.0216198,-0.0816055,0.716089,-4.12962,-6.07554,-0.541785,7.36613,0.135034,-0.460738,307.107,0.676589,
43.9698,16.8504,-2.30146,0.998278,0.105317,0.0218484,-0.080941,0.716088,-4.12414,-6.0504,-0.52702,7.34126,0.134328,-0.465604,309.06,0.673067,
43.9737,16.8504,-2.29833,0.998236,0.104908,0.0220775,-0.0803022,0.716087,-4.11147,-6.01522,-0.511746,7.30418,0.133664,-0.470111,310.761,0.669755,
43.9776,16.8504,-2.2952,0.998198,0.104527,0.022307,-0.0796921,0.716086,-4.0908,-5.96884,-0.495903,7.25352,0.133047,-0.474219,312.183,0.666675,
43.9815,16.8504,-2.29207,0.998159,0.104146,0.0225366,-0.0790821,0.716084,-4.07013,-5.92247,-0.480061,7.20286,0.132431,-0.478327,313.605,0.663595,
43.9854,16.8504,-2.28894,0.998121,0.103765,0.0227662,-0.078472,0.716082,-4.04946,-5.87609,-0.464219,7.1522,0.131814,-0.482435,315.027,0.660515,
43.9893,16.8504,-2.2858,0.998082,0.103384,0.0229957,-0.0778619,0.716081,-4.02879,-5.82972,-0.448377,7.10154,0.131197,-0.486542,316.448,0.657435,
43.9932,16.8504,-2.28267,0.998044,0.103003,0.0232253,-0.0772519,0.716079,-4.00812,-5.78334,-0.432535,7.05088,0.13058,-0.49065,317.87,0.654355,
43.9971,16.8504,-2.27954,0.998006,0.102622,0.0234548,-0.0766418,0.716077,-3.98745,-5.73697,-0.416693,7.00021,0.129963,-0.494758,319.292,0.651276,
44.001,16.8504,-2.27641,0.997967,0.102241,0.0236844,-0.0760317,0.716076,-3.96678,-5.69059,-0.400851,6.94955,0.129346,-0.498866,320.714,0.648196,
44.0049,16.8504,-2.27328,0.997928,0.101853,0.0239155,-0.0754186,0.716074,-3.94741,-5.64615,-0.385364,6.90118,0.128721,-0.503057,322.206,0.645074,
44.0088,16.8504,-2.27015,0.997889,0.101464,0.0241466,-0.0748054,0.716072,-3.92808,-5.60177,-0.369887,6.85287,0.128095,-0.50725,323.7,0.641951,
44.0127,16.8504,-2.26702,0.997849,0.101075,0.0243777,-0.0741921,0.71607,-3.90874,-5.55739,-0.354411,6.80456,0.12747,-0.511444,325.194,0.638828,
44.0167,16.8504,-2.26389,0.99781,0.100686,0.0246088,-0.0735789,0.716068,-3.88941,-5.51301,-0.338934,6.75626,0.126844,-0.515637,326.688,0.635705,
44.0206,16.8504,-2.26076,0.997771,0.100297,0.0248399,-0.0729656,0.716066,-3.87008,-5.46863,-0.323458,6.70795,0.126218,-0.519831,328.182,0.632581,
44.0245,16.8504,-2.25763,0.997732,0.0999086,0.025071,-0.0723524,0.716065,-3.85074,-5.42425,-0.307981,6.65964,0.125593,-0.524024,329.676,0.629458,
44.0284,16.8504,-2.2545,0.997693,0.0995198,0.0253022,-0.0717392,0.716063,-3.83141,-5.37987,-0.292505,6.61134,0.124967,-0.528218,331.17,0.626335,
44.0323,16.8504,-2.25137,0.997659,0.0991753,0.0255261,-0.0711707,0.716061,-3.80719,-5.33032,-0.278041,6.55635,0.124413,-0.531808,332.292,0.623568,
44.0362,16.8504,-2.24824,0.997628,0.0988524,0.0257467,-0.070624,0.71606,-3.7806,-5.27827,-0.264068,6.49812,0.123894,-0.535107,333.234,0.620973,
44.0401,16.8504,-2.24511,0.997597,0.0985295,0.0259672,-0.0700772,0.716058,-3.75401,-5.22622,-0.250094,6.4399,0.123374,-0.538407,334.176,0.618378,
44.044,16.8504,-2.24198,0.997566,0.0982066,0.0261876,-0.0695305,0.716056,-3.72736,-5.17414,-0.23597,6.38161,0.122855,-0.541705,335.117,0.615783,
44.0479,16.8504,-2.23885,0.997535,0.0978839,0.0264079,-0.0689838,0.716055,-3.70067,-5.12204,-0.221734,6.32329,0.122335,-0.545003,336.058,0.613189,
44.0518,16.8504,-2.23572,0.997504,0.0975602,0.0266279,-0.0684364,0.716053,-3.67414,-5.06999,-0.20755,6.26528,0.121822,-0.548193,337.003,0.610627,
44.0557,16.8504,-2.23259,0.997472,0.0972363,0.026848,-0.0678889,0.716052,-3.64764,-5.01795,-0.193376,6.20733,0.121311,-0.551363,337.948,0.608071,
44.0596,16.8504,-2.22946,0.997441,0.0969124,0.027068,-0.0673414,0.71605,-3.62114,-4.96592,-0.179202,6.14938,0.120799,-0.554533,338.893,0.605514,
44.0635,16.8504,-2.22633,0.99741,0.0965885,0.0272881,-0.0667939,0.716049,-3.59464,-4.91388,-0.165027,6.09143,0.120287,-0.557703,339.838,0.602958,
44.0674,16.8504,-2.2232,0.997379,0.0962636,0.0275084,-0.0662459,0.716047,-3.5682,-4.86193,-0.150842,6.03357,0.119774,-0.560891,340.79,0.600394,
44.0713,16.8504,-2.22007,0.997347,0.0959312,0.0277307,-0.0656934,0.716045,-3.54227,-4.8107,-0.136568,5.97641,0.119248,-0.564215,341.796,0.597765,
44.0752,16.8504,-2.21693,0.997315,0.0955988,0.0279531,-0.065141,0.716043,-3.51635,-4.75946,-0.122294,5.91926,0.118722,-0.567538,342.803,0.595137,
44.0791,16.8504,-2.2138,0.997283,0.0952664,0.0281754,-0.0645885,0.716041,-3.49042,-4.70822,-0.10802,5.86211,0.118195,-0.570862,343.81,0.592508,
44.083,16.8504,-2.21067,0.997254,0.0949614,0.0283908,-0.0640642,0.71604,-3.46405,-4.65772,-0.0950353,5.80554,0.117714,-0.573838,344.6,0.590103,
44.0869,16.8504,-2.20754,0.997229,0.0946896,0.0285978,-0.063574,0.716038,-3.43713,-4.60812,-0.0836128,5.74969,0.117287,-0.576392,345.126,0.587968,
44.0908,16.8504,-2.20441,0.997205,0.0944177,0.0288047,-0.0630837,0.716037,-3.41021,-4.55852,-0.0721902,5.69384,0.11686,-0.578946,345.652,0.585834,
44.0948,16.8504,-2.20128,0.99718,0.0941459,0.0290117,-0.0625935,0.716036,-3.38329,-4.50892,-0.0607676,5.63798,0.116433,-0.5815,346.179,0.583699,
44.0987,16.8504,-2.19815,0.997155,0.093874,0.0292187,-0.0621032,0.716034,-3.35637,-4.45932,-0.049345,5.58213,0.116006,-0.584054,346.705,0.581565,
44.1026,16.8504,-2.19502,0.99713,0.0936022,0.0294256,-0.061613,0.716033,-3.32945,-4.40972,-0.0379225,5.52627,0.115578,-0.586608,347.231,0.57943,
44.1065,16.8504,-2.19189,0.997105,0.0933303,0.0296326,-0.0611227,0.716032,-3.30253,-4.36012,-0.0264999,5.47042,0.115151,-0.589162,347.758,0.577295,
44.1104,16.8504,-2.18876,0.997081,0.0930584,0.0298395,-0.0606325,0.71603,-3.27561,-4.31052,-0.0150773,5.41457,0.114724,-0.591716,348.284,0.575161,
44.1143,16.8504,-2.18563,0.997056,0.0927866,0.0300465,-0.0601422,0.716029,-3.24869,-4.26092,-0.00365474,5.35871,0.114297,-0.594271,348.81,0.573026,
44.1182,16.8504,-2.1825,0.997031,0.0925147,0.0302535,-0.059652,0.716028,-3.22177,-4.21132,0.00776784,5.30286,0.11387,-0.596825,349.336,0.570892,
44.1221,16.8504,-2.17937,0.997006,0.0922429,0.0304604,-0.0591617,0.716026,-3.19485,-4.16172,0.0191904,5.24701,0.113443,-0.599379,349.863,0.568757,
44.126,16.8504,-2.17624,0.996981,0.0919645,0.0306693,-0.058667,0.716025,-3.16805,-4.11208,0.0307522,5.19114,0.113008,-0.60199,350.425,0.566584,
44.1299,16.8504,-2.17311,0.996957,0.0917145,0.030869,-0.0582027,0.716022,-3.11011,-4.01227,0.0483977,5.07731,0.11262,-0.604331,350.718,0.564642,
44.1338,16.8504,-2.16998,0.996934,0.091483,0.0310627,-0.0577577,0.716019,-3.0338,-3.88292,0.0695854,4.92936,0.11226,-0.606497,350.843,0.562846,
44.1377,16.8504,-2.16685,0.996912,0.0912516,0.0312565,-0.0573127,0.716016,-2.95748,-3.75357,0.0907731,4.78141,0.111901,-0.608662,350.967,0.561051,
44.1416,16.8504,-2.16372,0.996889,0.0910202,0.0314503,-0.0568677,0.716013,-2.88117,-3.62422,0.111961,4.63346,0.111542,-0.610827,351.091,0.559256,
44.1455,16.8504,-2.16059,0.996867,0.0907887,0.031644,-0.0564227,0.716011,-2.80485,-3.49487,0.133148,4.4855,0.111183,-0.612993,351.215,0.55746,
44.1494,16.8504,-2.15746,0.996844,0.0905576,0.0318376,-0.0559779,0.716008,-2.72844,-3.3654,0.154344,4.33743,0.110824,-0.615155,351.339,0.555667,
44.1533,16.8504,-2.15433,0.996821,0.0903293,0.0320299,-0.0555343,0.716004,-2.65131,-3.23495,0.175603,4.18842,0.110469,-0.617297,351.457,0.553892,
44.1572,16.8504,-2.1512,0.996799,0.0901011,0.0322221,-0.0550907,0.716001,-2.57418,-3.1045,0.196863,4.03942,0.110114,-0.61944,351.575,0.552118,
44.1611,16.8504,-2.14806,0.996776,0.0898728,0.0324143,-0.0546471,0.715998,-2.49704,-2.97406,0.218122,3.89041,0.10976,-0.621582,351.693,0.550343,
44.165,16.8504,-2.14493,0.996754,0.0896447,0.0326064,-0.0542038,0.715995,-2.41998,-2.84361,0.239449,3.74184,0.109407,-0.6237,351.812,0.548578,
44.169,16.8504,-2.1418,0.996732,0.0894229,0.0327956,-0.0537692,0.715993,-2.34528,-2.71706,0.260223,3.59868,0.109067,-0.625711,351.925,0.546881,
44.1729,16.8504,-2.13867,0.996718,0.0893037,0.0329445,-0.0534745,0.715991,-2.30855,-2.6578,0.2686,3.53076,0.108871,-0.626885,351.905,0.545899,
44.1768,16.8504,-2.13554,0.996704,0.0891845,0.0330935,-0.0531797,0.715989,-2.27182,-2.59853,0.276976,3.46283,0.108674,-0.628059,351.886,0.544917,
44.1807,16.8504,-2.13241,0.99669,0.0890623,0.033244,-0.0528812,0.715987,-2.23525,-2.53926,0.28503,3.39524,0.108476,-0.629229,351.869,0.543926,
44.1846,16.8504,-2.12928,0.996676,0.0889388,0.0333952,-0.0525811,0.715985,-2.19875,-2.47997,0.292956,3.32778,0.108277,-0.630397,351.853,0.542933,
44.1885,16.8504,-2.12615,0.996662,0.0888153,0.0335464,-0.0522812,0.715984,-2.16228,-2.42069,0.300804,3.2604,0.108079,-0.631559,351.837,0.541941,
44.1924,16.8504,-2.12302,0.996649,0.088692,0.0336975,-0.0519812,0.715982,-2.12591,-2.36141,0.30834,3.19331,0.107882,-0.632699,351.821,0.540958,
44.1963,16.8504,-2.11989,0.996635,0.0885686,0.0338486,-0.0516813,0.715981,-2.08953,-2.30212,0.315877,3.12623,0.107685,-0.633838,351.805,0.539975,
44.2002,16.8504,-2.11676,0.996621,0.0884453,0.0339997,-0.0513814,0.715979,-2.05316,-2.24284,0.323414,3.05914,0.107489,-0.634978,351.789,0.538991,
44.2041,16.8504,-2.11363,0.996607,0.0883219,0.0341508,-0.0510815,0.715978,-2.01678,-2.18355,0.33095,2.99205,0.107292,-0.636118,351.773,0.538008,
44.208,16.8504,-2.1105,0.996593,0.0881986,0.0343019,-0.0507816,0.715976,-1.98041,-2.12427,0.338487,2.92497,0.107095,-0.637257,351.757,0.537025,
44.2119,16.8504,-2.10737,0.99658,0.0880753,0.034453,-0.0504817,0.715975,-1.94404,-2.06498,0.346024,2.85788,0.106899,-0.638397,351.741,0.536042,
44.2158,16.8504,-2.10424,0.996566,0.0879519,0.0346041,-0.0501818,0.715973,-1.90766,-2.0057,0.353561,2.7908,0.106702,-0.639536,351.725,0.535058,
44.2197,16.8504,-2.10111,0.996557,0.0878522,0.0347435,-0.0499053,0.715974,-1.88107,-1.96662,0.360857,2.7453,0.106534,-0.640412,351.696,0.534222,
44.2236,16.8504,-2.09798,0.996551,0.0877771,0.0348682,-0.0496523,0.715976,-1.86661,-1.94541,0.364217,2.72068,0.106396,-0.641071,351.672,0.533531,
44.2275,16.8504,-2.09485,0.996546,0.087708,0.0349883,-0.0494044,0.715977,-1.85589,-1.92719,0.365074,2.70045,0.106265,-0.641702,351.655,0.532874,
44.2314,16.8504,-2.09172,0.996541,0.0876389,0.0351083,-0.0491565,0.715978,-1.84518,-1.90896,0.365932,2.68022,0.106133,-0.642334,351.639,0.532216,
44.2353,16.8504,-2.08859,0.996536,0.0875693,0.0352286,-0.0489084,0.71598,-1.83418,-1.89062,0.367003,2.65975,0.106001,-0.642967,351.623,0.531556,
44.2392,16.8504,-2.08546,0.99653,0.0874962,0.0353509,-0.048658,0.715981,-1.821,-1.87143,0.369746,2.6374,0.105866,-0.643613,351.601,0.530878,
44.2431,16.8504,-2.08232,0.996525,0.0874231,0.0354732,-0.0484076,0.715983,-1.80782,-1.85223,0.372489,2.61502,0.105731,-0.644252,351.58,0.530206,
44.2471,16.8504,-2.07919,0.99652,0.0873499,0.0355958,-0.0481569,0.715985,-1.79464,-1.8325,0.374712,2.59216,0.105598,-0.644878,351.558,0.52954,
44.251,16.8504,-2.07606,0.996515,0.0872758,0.0357201,-0.0479041,0.715987,-1.7815,-1.80898,0.373182,2.56624,0.105466,-0.645471,351.536,0.528879,
44.2549,16.8504,-2.07293,0.996512,0.0872067,0.0358412,-0.0476578,0.715991,-1.76663,-1.78649,0.37399,2.54025,0.105339,-0.645942,351.526,0.528248,
44.2588,16.8504,-2.0698,0.996509,0.0871382,0.035962,-0.0474124,0.715995,-1.75152,-1.76416,0.375129,2.51425,0.105214,-0.646395,351.518,0.52762,
44.2627,16.8504,-2.06667,0.996507,0.0870697,0.0360827,-0.047167,0.715999,-1.7364,-1.74182,0.376267,2.48825,0.105088,-0.646849,351.509,0.526993,
44.2666,16.8504,-2.06354,0.996504,0.0870012,0.0362035,-0.0469217,0.716003,-1.72128,-1.71948,0.377406,2.46224,0.104963,-0.647302,351.501,0.526366,
44.2705,16.8504,-2.06041,0.996502,0.0869327,0.0363243,-0.0466763,0.716007,-1.70617,-1.69715,0.378545,2.43624,0.104837,-0.647755,351.492,0.525739,
44.2744,16.8504,-2.05728,0.996499,0.0868643,0.036445,-0.0464309,0.716012,-1.69105,-1.67481,0.379684,2.41024,0.104712,-0.648209,351.484,0.525111,
44.2783,16.8504,-2.05415,0.996495,0.0868069,0.036557,-0.0461926,0.716014,-1.67367,-1.65119,0.382719,2.38213,0.104598,-0.648708,351.488,0.524543,
44.2822,16.8504,-2.05102,0.99649,0.0867573,0.0366627,-0.0459593,0.716014,-1.65469,-1.62666,0.387098,2.35253,0.104493,-0.64924,351.501,0.524015,
44.2861,16.8504,-2.04789,0.996485,0.0867078,0.0367684,-0.0457259,0.716015,-1.63571,-1.60212,0.391477,2.32293,0.104387,-0.649772,351.514,0.523487,
44.29,16.8504,-2.04476,0.996478,0.0866699,0.0368671,-0.0454982,0.716012,-1.61376,-1.57602,0.397303,2.29046,0.104292,-0.650381,351.539,0.523009,
44.2939,16.8504,-2.04163,0.99647,0.0866354,0.0369638,-0.0452728,0.71601,-1.59044,-1.54842,0.403384,2.2561,0.1042,-0.651005,351.568,0.522549,
44.2978,16.8504,-2.0385,0.996464,0.086606,0.0370585,-0.0450553,0.716007,-1.56144,-1.51045,0.408294,2.21077,0.104117,-0.65157,351.598,0.522134,
44.3017,16.8504,-2.03537,0.996457,0.0865766,0.0371532,-0.0448379,0.716004,-1.53245,-1.47249,0.413204,2.16545,0.104034,-0.652135,351.628,0.521718,
44.3056,16.8504,-2.03224,0.99645,0.0865472,0.0372479,-0.0446204,0.716002,-1.50345,-1.43452,0.418115,2.12012,0.103951,-0.6527,351.658,0.521303,
44.3095,16.8504,-2.02911,0.996444,0.0865209,0.0373402,-0.0444077,0.715999,-1.47521,-1.3969,0.421969,2.07561,0.103871,-0.653239,351.702,0.520906,
44.3134,16.8504,-2.02598,0.996438,0.0865021,0.0374266,-0.0442067,0.715997,-1.44883,-1.36012,0.423254,2.03309,0.103801,-0.653715,351.783,0.520554,
44.3173,16.8504,-2.02285,0.996433,0.0864834,0.037513,-0.0440057,0.715995,-1.42244,-1.32333,0.42454,1.99056,0.103731,-0.654192,351.863,0.520201,
44.3213,16.8504,-2.01972,0.996427,0.0864647,0.0375993,-0.0438047,0.715993,-1.39606,-1.28655,0.425826,1.94804,0.10366,-0.654668,351.943,0.519849,
44.3252,16.8504,-2.01659,0.996422,0.0864459,0.0376857,-0.0436036,0.715991,-1.36967,-1.24977,0.427111,1.90552,0.10359,-0.655145,352.024,0.519497,
44.3291,16.8504,-2.01345,0.996417,0.0864292,0.0377715,-0.0434062,0.715989,-1.34147,-1.21054,0.428118,1.86011,0.103523,-0.655591,352.106,0.519163,
44.333,16.8504,-2.01032,0.996413,0.08642,0.0378547,-0.0432225,0.715988,-1.30637,-1.16203,0.42807,1.80377,0.10347,-0.65592,352.193,0.5189,
44.3369,16.8504,-2.00719,0.996409,0.0864109,0.0379379,-0.0430387,0.715987,-1.27127,-1.11353,0.428023,1.74743,0.103418,-0.656249,352.281,0.518636,
44.3408,16.8504,-2.00406,0.996406,0.0864017,0.0380212,-0.042855,0.715986,-1.23618,-1.06502,0.427975,1.69109,0.103365,-0.656578,352.369,0.518372,
44.3447,16.8504,-2.00093,0.996402,0.0863925,0.0381044,-0.0426712,0.715985,-1.20108,-1.01652,0.427928,1.63475,0.103312,-0.656908,352.457,0.518109,
44.3486,16.8504,-1.9978,0.996399,0.0863834,0.0381876,-0.0424875,0.715983,-1.16598,-0.96801,0.42788,1.57841,0.10326,-0.657237,352.545,0.517845,
44.3525,16.8504,-1.99467,0.996395,0.0863742,0.0382709,-0.0423037,0.715982,-1.13088,-0.919504,0.427833,1.52206,0.103207,-0.657566,352.633,0.517582,
44.3564,16.8504,-1.99154,0.996392,0.086365,0.0383541,-0.04212,0.715981,-1.09579,-0.870999,0.427785,1.46572,0.103154,-0.657896,352.721,0.517318,
44.3603,16.8504,-1.98841,0.996388,0.0863559,0.0384373,-0.0419362,0.71598,-1.06069,-0.822493,0.427737,1.40938,0.103102,-0.658225,352.809,0.517054,
44.3642,16.8504,-1.98528,0.996389,0.0863869,0.0384867,-0.0418038,0.715981,-1.01667,-0.766023,0.428395,1.3488,0.103093,-0.658229,353.035,0.517011,
44.3681,16.8504,-1.98215,0.99639,0.0864189,0.0385354,-0.0416724,0.715982,-0.972446,-0.709378,0.429069,1.28811,0.103086,-0.658225,353.265,0.516973,
44.372,16.8504,-1.97902,0.996391,0.0864509,0.0385841,-0.0415411,0.715983,-0.928225,-0.652732,0.429742,1.22743,0.103078,-0.658222,353.494,0.516935,
44.3759,16.8504,-1.97589,0.996392,0.0864828,0.0386327,-0.0414097,0.715984,-0.884004,-0.596087,0.430415,1.16675,0.10307,-0.658218,353.724,0.516897,
44.3798,16.8504,-1.97276,0.996393,0.0865148,0.0386814,-0.0412784,0.715984,-0.839783,-0.539441,0.431089,1.10606,0.103063,-0.658215,353.954,0.516859,
44.3837,16.8504,-1.96963,0.996394,0.0865467,0.0387301,-0.0411471,0.715985,-0.795562,-0.482795,0.431762,1.04538,0.103055,-0.658211,354.183,0.516821,
44.3876,16.8504,-1.9665,0.996395,0.0865787,0.0387787,-0.0410157,0.715986,-0.751341,-0.42615,0.432435,0.984695,0.103048,-0.658208,354.413,0.516783,
44.3915,16.8504,-1.96337,0.996396,0.0866107,0.0388274,-0.0408844,0.715987,-0.70712,-0.369504,0.433109,0.924012,0.10304,-0.658204,354.643,0.516745,
44.3955,16.8504,-1.96024,0.996397,0.0866426,0.0388761,-0.0407531,0.715988,-0.662899,-0.312859,0.433782,0.863329,0.103032,-0.658201,354.872,0.516707,
44.3994,16.8504,-1.95711,0.996398,0.0866746,0.0389247,-0.0406217,0.715989,-0.618678,-0.256213,0.434455,0.802646,0.103025,-0.658197,355.102,0.516669,
44.4033,16.8504,-1.95398,0.996399,0.086735,0.0389549,-0.0405158,0.715988,-0.579325,-0.203517,0.43603,0.765282,0.103045,-0.658106,355.454,0.51677,
44.4072,16.8504,-1.95085,0.996399,0.0868163,0.0389682,-0.0404297,0.715987,-0.545397,-0.154872,0.438337,0.748543,0.103085,-0.657978,355.897,0.516972,
44.4111,16.8504,-1.94772,0.9964,0.0868977,0.0389815,-0.0403436,0.715985,-0.511468,-0.106226,0.440643,0.731805,0.103126,-0.657849,356.34,0.517174,
44.415,16.8504,-1.94458,0.9964,0.0869791,0.0389947,-0.0402576,0.715983,-0.47754,-0.0575807,0.44295,0.715067,0.103166,-0.657721,356.783,0.517376,
44.4189,16.8504,-1.94145,0.996401,0.0870604,0.039008,-0.0401715,0.715982,-0.443612,-0.00893524,0.445257,0.698328,0.103207,-0.657592,357.226,0.517579,
44.4228,16.8504,-1.93832,0.996401,0.0871418,0.0390213,-0.0400854,0.71598,-0.409684,0.0397103,0.447563,0.68159,0.103247,-0.657464,357.668,0.517781,
44.4267,16.8504,-1.93519,0.996402,0.0872232,0.0390345,-0.0399993,0.715979,-0.375756,0.0883558,0.44987,0.664852,0.103288,-0.657335,358.111,0.517983,
44.4306,16.8504,-1.93206,0.996402,0.0873045,0.0390478,-0.0399133,0.715977,-0.341828,0.137001,0.452176,0.648113,0.103328,-0.657207,358.554,0.518185,
44.4345,16.8504,-1.92893,0.996403,0.0873859,0.0390611,-0.0398272,0.715975,-0.307899,0.185647,0.454483,0.631375,0.103369,-0.657078,358.997,0.518387,
44.4384,16.8504,-1.9258,0.996403,0.0874673,0.0390743,-0.0397411,0.715974,-0.273971,0.234292,0.456789,0.614636,0.103409,-0.65695,359.44,0.518589,
44.4423,16.8504,-1.92267,0.996404,0.0875486,0.0390876,-0.039655,0.715972,-0.240043,0.282938,0.459096,0.597898,0.10345,-0.656821,359.882,0.518791,
44.4462,16.8504,-1.91954,0.996405,0.0876685,0.0390723,-0.0396067,0.715969,-0.212723,0.326333,0.461565,0.625962,0.103527,-0.656557,360.521,0.519177,
44.4501,16.8504,-1.91641,0.996407,0.0877885,0.0390569,-0.0395586,0.715966,-0.185442,0.369697,0.464035,0.65429,0.103604,-0.656291,361.16,0.519564,
44.454,16.8504,-1.91328,0.996408,0.0879086,0.0390414,-0.0395105,0.715964,-0.15816,0.413061,0.466505,0.682618,0.103681,-0.656026,361.8,0.519951,
44.4579,16.8504,-1.91015,0.99641,0.0880286,0.0390259,-0.0394624,0.715961,-0.130879,0.456425,0.468975,0.710947,0.103759,-0.65576,362.439,0.520337,
44.4618,16.8504,-1.90702,0.996411,0.0881487,0.0390105,-0.0394143,0.715958,-0.103598,0.49979,0.471446,0.739275,0.103836,-0.655494,363.079,0.520724,
44.4657,16.8504,-1.90389,0.996412,0.0882687,0.038995,-0.0393662,0.715955,-0.0763168,0.543154,0.473916,0.767603,0.103914,-0.655229,363.718,0.521111,
44.4697,16.8504,-1.90076,0.996414,0.0883888,0.0389796,-0.0393182,0.715953,-0.0490355,0.586518,0.476386,0.795931,0.103991,-0.654963,364.358,0.521498,
44.4736,16.8504,-1.89763,0.996415,0.0885088,0.0389641,-0.0392701,0.71595,-0.0217543,0.629882,0.478856,0.824259,0.104068,-0.654698,364.997,0.521884,
44.4775,16.8504,-1.8945,0.996418,0.0886263,0.0389529,-0.0392239,0.715948,0.00612544,0.672806,0.4809,0.849937,0.104146,-0.654369,365.623,0.522273,
44.4814,16.8504,-1.89137,0.996422,0.08874,0.0389479,-0.0391805,0.715949,0.0348893,0.715081,0.482316,0.8717,0.104225,-0.653947,366.229,0.522665,
44.4853,16.8504,-1.88824,0.996428,0.0888727,0.038932,-0.0391575,0.715949,0.0642698,0.755856,0.483327,0.902044,0.104323,-0.65341,366.913,0.523155,
44.4892,16.8504,-1.88511,0.996435,0.0890243,0.0389052,-0.0391547,0.71595,0.094262,0.795143,0.483937,0.940902,0.10444,-0.652758,367.673,0.523742,
44.4931,16.8504,-1.88198,0.996442,0.0891762,0.0388784,-0.0391525,0.715951,0.124252,0.834539,0.48456,0.980027,0.104558,-0.652093,368.437,0.524333,
44.497,16.8504,-1.87885,0.99645,0.089331,0.0388508,-0.0391534,0.715953,0.154227,0.874673,0.485276,1.02094,0.104681,-0.651336,369.228,0.524946,
44.5009,16.8504,-1.87571,0.996459,0.0894858,0.0388232,-0.0391543,0.715955,0.184202,0.914807,0.485993,1.06185,0.104803,-0.650579,370.019,0.525558,
44.5048,16.8504,-1.87258,0.996467,0.0896406,0.0387955,-0.0391553,0.715957,0.214176,0.954941,0.486709,1.10276,0.104925,-0.649821,370.81,0.52617,
44.5087,16.8504,-1.86945,0.996476,0.0897954,0.0387679,-0.0391562,0.715959,0.244151,0.995075,0.487425,1.14368,0.105048,-0.649064,371.601,0.526783,
44.5126,16.8504,-1.86632,0.996485,0.0899502,0.0387403,-0.0391572,0.715961,0.274126,1.03521,0.488141,1.18459,0.10517,-0.648307,372.392,0.527395,
44.5165,16.8504,-1.86319,0.996493,0.090105,0.0387127,-0.0391581,0.715963,0.304101,1.07534,0.488857,1.2255,0.105293,-0.647549,373.182,0.528007,
44.5204,16.8504,-1.86006,0.996502,0.0902599,0.0386851,-0.039159,0.715966,0.334075,1.11548,0.489573,1.26641,0.105415,-0.646792,373.973,0.52862,
44.5243,16.8504,-1.85693,0.99651,0.0904149,0.0386572,-0.0391604,0.715968,0.364067,1.1556,0.490307,1.30737,0.105538,-0.646032,374.765,0.529234,
44.5282,16.8504,-1.8538,0.996523,0.0905982,0.038606,-0.0392034,0.715973,0.395825,1.1945,0.492807,1.35331,0.105692,-0.644949,375.615,0.530006,
44.5321,16.8504,-1.85067,0.996536,0.0907814,0.0385548,-0.0392465,0.715978,0.427582,1.23341,0.495308,1.39925,0.105846,-0.643867,376.465,0.530778,
44.536,16.8504,-1.84754,0.996549,0.0909647,0.0385035,-0.0392896,0.715983,0.45934,1.27231,0.497808,1.44519,0.106001,-0.642785,377.315,0.53155,
44.5399,16.8504,-1.84441,0.996562,0.0911479,0.0384523,-0.0393326,0.715988,0.491097,1.31121,0.500309,1.49113,0.106155,-0.641702,378.165,0.532322,
44.5438,16.8504,-1.84128,0.996575,0.0913311,0.0384011,-0.0393757,0.715993,0.522855,1.35012,0.50281,1.53707,0.106309,-0.64062,379.015,0.533094,
44.5478,16.8504,-1.83815,0.996588,0.0915144,0.0383499,-0.0394188,0.715998,0.554612,1.38902,0.50531,1.58301,0.106463,-0.639537,379.865,0.533866,
44.5517,16.8504,-1.83502,0.996597,0.091695,0.038295,-0.0394511,0.715999,0.586014,1.43007,0.507485,1.63049,0.10661,-0.638686,380.715,0.5346,
44.5556,16.8504,-1.83189,0.996601,0.0918728,0.0382364,-0.0394727,0.715997,0.61706,1.47328,0.509335,1.67951,0.106749,-0.638067,381.566,0.535297,
44.5595,16.8504,-1.82876,0.996605,0.0920507,0.0381779,-0.0394942,0.715994,0.648106,1.51648,0.511185,1.72852,0.106889,-0.637448,382.416,0.535993,
44.5634,16.8504,-1.82563,0.996609,0.0922286,0.0381193,-0.0395158,0.715992,0.679151,1.55969,0.513035,1.77754,0.107028,-0.636828,383.267,0.536689,
44.5673,16.8504,-1.8225,0.996615,0.09242,0.0380547,-0.0395499,0.715991,0.709485,1.59932,0.513945,1.82395,0.107182,-0.636058,384.106,0.537458,
44.5712,16.8504,-1.81937,0.996623,0.0926239,0.0379844,-0.0395957,0.715991,0.739153,1.63561,0.513977,1.86793,0.107349,-0.635148,384.935,0.538295,
44.5751,16.8504,-1.81624,0.996631,0.0928278,0.0379141,-0.0396415,0.715991,0.768822,1.6719,0.514009,1.91191,0.107516,-0.634237,385.764,0.539132,
44.579,16.8504,-1.81311,0.996639,0.0930318,0.0378438,-0.0396873,0.715991,0.798491,1.70819,0.514041,1.9559,0.107684,-0.633327,386.593,0.539969,
44.5829,16.8504,-1.80998,0.996646,0.0932357,0.0377735,-0.0397331,0.715991,0.828159,1.74448,0.514073,1.99988,0.107851,-0.632417,387.422,0.540806,
44.5868,16.8504,-1.80684,0.996652,0.0934536,0.0376932,-0.0397869,0.715989,0.857862,1.78093,0.514272,2.0441,0.108031,-0.631568,388.249,0.541706,
44.5907,16.8504,-1.80371,0.996655,0.093683,0.0376046,-0.0398471,0.715984,0.887591,1.81749,0.514609,2.08852,0.108221,-0.630769,389.074,0.542658,
44.5946,16.8504,-1.80058,0.996659,0.0939125,0.0375161,-0.0399073,0.715979,0.917321,1.85406,0.514946,2.13294,0.108412,-0.629971,389.9,0.54361,
44.5985,16.8504,-1.79745,0.996663,0.0941419,0.0374275,-0.0399675,0.715974,0.947051,1.89062,0.515283,2.17736,0.108602,-0.629173,390.726,0.544563,
44.6024,16.8504,-1.79432,0.996666,0.0943713,0.0373389,-0.0400277,0.715969,0.976781,1.92719,0.515619,2.22178,0.108793,-0.628374,391.551,0.545515,
44.6063,16.8504,-1.79119,0.996669,0.0946013,0.0372494,-0.0400888,0.715964,1.00623,1.96383,0.515911,2.26615,0.108984,-0.627592,392.374,0.546469,
44.6102,16.8504,-1.78806,0.996657,0.0948516,0.037123,-0.0401815,0.715944,1.02501,2.00318,0.514433,2.30849,0.109194,-0.627425,393.082,0.547521,
44.6141,16.8504,-1.78493,0.996644,0.0951019,0.0369967,-0.0402743,0.715924,1.04379,2.04253,0.512956,2.35082,0.109405,-0.627258,393.789,0.548573,
44.618,16.8504,-1.7818,0.996632,0.0953522,0.0368704,-0.040367,0.715904,1.06257,2.08188,0.511479,2.39316,0.109616,-0.627091,394.497,0.549624,
44.622,16.8504,-1.77867,0.99662,0.0956025,0.036744,-0.0404598,0.715884,1.08134,2.12123,0.510002,2.4355,0.109826,-0.626925,395.205,0.550676,
44.6259,16.8504,-1.77554,0.996618,0.095854,0.0366284,-0.040568,0.715874,1.10177,2.15548,0.509521,2.47437,0.110046,-0.626219,395.925,0.551776,
44.6298,16.8504,-1.77241,0.996624,0.0961063,0.03652,-0.0406868,0.71587,1.12332,2.18628,0.509712,2.51091,0.110273,-0.62515,396.652,0.552909,
44.6337,16.8504,-1.76928,0.99663,0.0963586,0.0364116,-0.0408055,0.715866,1.14487,2.21708,0.509903,2.54744,0.110499,-0.624082,397.379,0.554041,
44.6376,16.8504,-1.76615,0.996636,0.0966109,0.0363032,-0.0409242,0.715863,1.16642,2.24788,0.510094,2.58398,0.110726,-0.623013,398.106,0.555174,
44.6415,16.8504,-1.76302,0.996642,0.0968632,0.0361947,-0.041043,0.715859,1.18797,2.27868,0.510285,2.62052,0.110952,-0.621944,398.833,0.556307,
44.6454,16.8504,-1.75989,0.996648,0.0971155,0.0360863,-0.0411617,0.715855,1.20951,2.30948,0.510476,2.65706,0.111179,-0.620876,399.56,0.55744,
44.6493,16.8504,-1.75676,0.996662,0.097391,0.0359616,-0.0412882,0.715858,1.22369,2.32883,0.515828,2.68136,0.111425,-0.619372,400.225,0.558671,
44.6532,16.8504,-1.75363,0.996683,0.0976869,0.0358226,-0.0414214,0.715866,1.23141,2.33814,0.525702,2.69495,0.111688,-0.617487,400.836,0.559987,
44.6571,16.8504,-1.7505,0.996704,0.0979827,0.0356835,-0.0415546,0.715873,1.23913,2.34744,0.535575,2.70853,0.111951,-0.615603,401.447,0.561304,
44.661,16.8504,-1.74737,0.996725,0.0982786,0.0355445,-0.0416879,0.715881,1.24685,2.35675,0.545449,2.72212,0.112215,-0.613718,402.058,0.562621,
44.6649,16.8504,-1.74424,0.996746,0.0985744,0.0354055,-0.0418211,0.715889,1.25458,2.36606,0.555322,2.73571,0.112478,-0.611833,402.669,0.563937,
44.6688,16.8504,-1.7411,0.996767,0.0988702,0.0352664,-0.0419543,0.715897,1.2623,2.37537,0.565196,2.7493,0.112741,-0.609949,403.28,0.565254,
44.6727,16.8504,-1.73797,0.996789,0.0991661,0.0351274,-0.0420876,0.715905,1.27002,2.38467,0.57507,2.76288,0.113004,-0.608064,403.891,0.566571,
44.6766,16.8504,-1.73484,0.99681,0.0994619,0.0349884,-0.0422208,0.715913,1.27774,2.39398,0.584943,2.77647,0.113267,-0.606179,404.502,0.567888,
44.6805,16.8504,-1.73171,0.996853,0.0997465,0.0348697,-0.0423564,0.71594,1.28702,2.40424,0.583877,2.78954,0.113532,-0.603247,405.034,0.569213,
44.6844,16.8504,-1.72858,0.996896,0.100031,0.0347516,-0.0424921,0.715969,1.29635,2.41453,0.582449,2.8026,0.113796,-0.600281,405.563,0.570538,
44.6883,16.8504,-1.72545,0.99694,0.100315,0.0346336,-0.0426278,0.715997,1.30568,2.42482,0.581021,2.81565,0.114061,-0.597314,406.093,0.571863,
44.6922,16.8504,-1.72232,0.996984,0.100599,0.0345156,-0.0427635,0.716026,1.31501,2.43511,0.579593,2.82871,0.114326,-0.594348,406.622,0.573189,
44.6961,16.8504,-1.71919,0.997027,0.100884,0.0343975,-0.0428992,0.716054,1.32434,2.4454,0.578165,2.84176,0.11459,-0.591381,407.151,0.574514,
44.7001,16.8504,-1.71606,0.997053,0.101176,0.0342681,-0.0430237,0.716066,1.34287,2.47035,0.570615,2.87076,0.114857,-0.589223,407.578,0.575847,
44.704,16.8504,-1.71293,0.997075,0.10147,0.0341364,-0.0431462,0.716075,1.36313,2.49806,0.561917,2.90275,0.115123,-0.587216,407.985,0.577181,
44.7079,16.8504,-1.7098,0.997097,0.101764,0.0340048,-0.0432687,0.716084,1.38338,2.52576,0.553219,2.93474,0.11539,-0.585209,408.392,0.578515,
44.7118,16.8504,-1.70667,0.99712,0.102058,0.0338732,-0.0433912,0.716093,1.40363,2.55346,0.544521,2.96674,0.115657,-0.583203,408.799,0.579849,
44.7157,16.8504,-1.70354,0.997142,0.102352,0.0337416,-0.0435137,0.716101,1.42389,2.58117,0.535823,2.99873,0.115923,-0.581196,409.206,0.581183,
44.7196,16.8504,-1.70041,0.997164,0.102647,0.03361,-0.0436361,0.71611,1.44414,2.60887,0.527125,3.03072,0.11619,-0.579189,409.613,0.582518,
44.7235,16.8504,-1.69728,0.997187,0.102941,0.0334784,-0.0437586,0.716119,1.4644,2.63657,0.518428,3.06271,0.116457,-0.577182,410.02,0.583852,
44.7274,16.8504,-1.69415,0.997209,0.103235,0.0333467,-0.0438811,0.716128,1.48465,2.66428,0.50973,3.0947,0.116723,-0.575175,410.427,0.585186,
44.7313,16.8504,-1.69102,0.997231,0.103529,0.0332151,-0.0440036,0.716137,1.50491,2.69198,0.501032,3.12669,0.11699,-0.573169,410.834,0.58652,
44.7352,16.8504,-1.68789,0.997253,0.103823,0.0330835,-0.0441261,0.716146,1.52516,2.71969,0.492334,3.15868,0.117257,-0.571162,411.241,0.587854,
44.7391,16.8504,-1.68476,0.997276,0.104117,0.0329519,-0.0442485,0.716155,1.54542,2.74739,0.483636,3.19067,0.117523,-0.569155,411.648,0.589188,
44.743,16.8504,-1.68163,0.997298,0.104411,0.0328203,-0.044371,0.716163,1.56567,2.77509,0.474938,3.22266,0.11779,-0.567148,412.055,0.590523,
44.7469,16.8504,-1.6785,0.997312,0.104718,0.0326783,-0.0444974,0.716164,1.58867,2.80441,0.467957,3.25773,0.118069,-0.56548,412.403,0.591915,
44.7508,16.8504,-1.67537,0.997289,0.105083,0.0324908,-0.0446409,0.716127,1.6238,2.84086,0.468556,3.30639,0.1184,-0.565308,412.494,0.593566,
44.7547,16.8504,-1.67223,0.997266,0.105448,0.0323033,-0.0447845,0.716091,1.65893,2.87731,0.469154,3.35505,0.118731,-0.565136,412.585,0.595217,
44.7586,16.8504,-1.6691,0.997243,0.105813,0.0321158,-0.044928,0.716054,1.69405,2.91377,0.469753,3.40371,0.119062,-0.564964,412.676,0.596867,
44.7625,16.8504,-1.66597,0.99722,0.106178,0.0319283,-0.0450715,0.716018,1.72918,2.95022,0.470352,3.45237,0.119393,-0.564792,412.767,0.598518,
44.7664,16.8504,-1.66284,0.997197,0.106543,0.0317408,-0.0452151,0.715981,1.7643,2.98667,0.470951,3.50103,0.119724,-0.56462,412.858,0.600169,
44.7703,16.8504,-1.65971,0.997176,0.106906,0.0315544,-0.0453605,0.715947,1.79769,3.02121,0.471518,3.54719,0.120054,-0.564358,412.924,0.601817,
44.7743,16.8504,-1.65658,0.997187,0.107236,0.0313866,-0.0455367,0.715941,1.80221,3.0242,0.471563,3.55204,0.120377,-0.562605,412.578,0.603431,
44.7782,16.8504,-1.65345,0.997198,0.107566,0.0312189,-0.0457128,0.715936,1.80673,3.02718,0.471608,3.55689,0.1207,-0.560852,412.231,0.605045,
44.7821,16.8504,-1.65032,0.99721,0.107896,0.0310511,-0.045889,0.71593,1.81125,3.03016,0.471652,3.56174,0.121024,-0.559099,411.885,0.606659,
44.786,16.8504,-1.64719,0.997221,0.108226,0.0308833,-0.0460652,0.715925,1.81577,3.03315,0.471697,3.56659,0.121347,-0.557346,411.538,0.608272,
44.7899,16.8504,-1.64406,0.997232,0.108556,0.0307155,-0.0462414,0.715919,1.82029,3.03613,0.471742,3.57144,0.12167,-0.555593,411.192,0.609886,
44.7938,16.8504,-1.64093,0.997243,0.108886,0.0305478,-0.0464176,0.715914,1.82481,3.03911,0.471786,3.5763,0.121993,-0.55384,410.845,0.6115,
44.7977,16.8504,-1.6378,0.997255,0.109215,0.03038,-0.0465938,0.715908,1.82933,3.0421,0.471831,3.58115,0.122316,-0.552087,410.499,0.613114,
44.8016,16.8504,-1.63467,0.997266,0.109545,0.0302122,-0.04677,0.715903,1.83385,3.04508,0.471876,3.586,0.122639,-0.550334,410.153,0.614728,
44.8055,16.8504,-1.63154,0.997277,0.109875,0.0300445,-0.0469462,0.715897,1.83837,3.04806,0.471921,3.59085,0.122962,-0.548581,409.806,0.616341,
44.8094,16.8504,-1.62841,0.997288,0.110203,0.0298794,-0.0471212,0.715891,1.84349,3.05181,0.471942,3.59666,0.123283,-0.546864,409.509,0.617941,
44.8133,16.8504,-1.62528,0.997298,0.110527,0.0297194,-0.047294,0.715885,1.84978,3.05704,0.471918,3.60431,0.123598,-0.545215,409.308,0.619515,
44.8172,16.8504,-1.62215,0.997308,0.11085,0.0295595,-0.0474667,0.715879,1.85606,3.06226,0.471894,3.61197,0.123913,-0.543566,409.107,0.621088,
44.8211,16.8504,-1.61902,0.997318,0.111174,0.0293996,-0.0476395,0.715873,1.86235,3.06748,0.471871,3.61962,0.124228,-0.541917,408.906,0.622661,
44.825,16.8504,-1.61589,0.997328,0.111497,0.0292396,-0.0478123,0.715868,1.86863,3.07271,0.471847,3.62728,0.124543,-0.540269,408.706,0.624235,
44.8289,16.8504,-1.61276,0.997338,0.111821,0.0290797,-0.0479851,0.715862,1.87492,3.07793,0.471823,3.63493,0.124858,-0.53862,408.505,0.625808,
44.8328,16.8504,-1.60963,0.997348,0.112144,0.0289198,-0.0481578,0.715856,1.8812,3.08316,0.471799,3.64259,0.125173,-0.536971,408.304,0.627381,
44.8367,16.8504,-1.6065,0.997358,0.112468,0.0287598,-0.0483306,0.71585,1.88749,3.08838,0.471776,3.65024,0.125488,-0.535322,408.103,0.628955,
44.8406,16.8504,-1.60336,0.997368,0.112792,0.0285999,-0.0485034,0.715844,1.89377,3.0936,0.471752,3.6579,0.125803,-0.533673,407.902,0.630528,
44.8445,16.8504,-1.60023,0.997378,0.113115,0.02844,-0.0486762,0.715838,1.90006,3.09883,0.471728,3.66555,0.126118,-0.532024,407.701,0.632101,
44.8484,16.8504,-1.5971,0.997388,0.113439,0.02828,-0.0488489,0.715832,1.90634,3.10405,0.471704,3.67321,0.126433,-0.530375,407.5,0.633675,
44.8524,16.8504,-1.59397,0.997398,0.113763,0.0281191,-0.0490215,0.715826,1.91205,3.10863,0.471618,3.68002,0.126748,-0.528691,407.264,0.63525,
44.8563,16.8504,-1.59084,0.997417,0.114089,0.0279457,-0.0491911,0.715827,1.91037,3.10499,0.470739,3.67595,0.12707,-0.526557,406.583,0.636858,
44.8602,16.8504,-1.58771,0.997437,0.114415,0.0277724,-0.0493608,0.715828,1.90869,3.10135,0.46986,3.67189,0.127392,-0.524423,405.901,0.638466,
44.8641,16.8504,-1.58458,0.997456,0.114741,0.027599,-0.0495304,0.715829,1.907,3.09771,0.46898,3.66782,0.127714,-0.52229,405.22,0.640073,
44.868,16.8504,-1.58145,0.997475,0.115068,0.0274256,-0.0497,0.71583,1.90532,3.09408,0.468101,3.66376,0.128036,-0.520155,404.539,0.641681,
44.8719,16.8504,-1.57832,0.997495,0.115394,0.0272522,-0.0498697,0.715831,1.90364,3.09044,0.467222,3.65969,0.128358,-0.518022,403.857,0.643288,
44.8758,16.8504,-1.57519,0.997514,0.11572,0.0270788,-0.0500393,0.715832,1.90196,3.0868,0.466342,3.65563,0.12868,-0.515888,403.176,0.644896,
44.8797,16.8504,-1.57206,0.997533,0.116046,0.0269054,-0.0502089,0.715832,1.90027,3.08316,0.465463,3.65156,0.129002,-0.513754,402.494,0.646503,
44.8836,16.8504,-1.56893,0.997553,0.116373,0.026732,-0.0503785,0.715833,1.89859,3.07952,0.464584,3.6475,0.129324,-0.51162,401.813,0.648111,
44.8875,16.8504,-1.5658,0.997572,0.116699,0.0265586,-0.0505482,0.715834,1.89691,3.07588,0.463704,3.64343,0.129646,-0.509486,401.131,0.649718,
44.8914,16.8504,-1.56267,0.997591,0.117025,0.0263852,-0.0507178,0.715835,1.89523,3.07224,0.462825,3.63937,0.129968,-0.507352,400.45,0.651326,
44.8953,16.8504,-1.55954,0.99761,0.117352,0.0262118,-0.0508875,0.715836,1.89354,3.0686,0.461946,3.6353,0.130289,-0.505218,399.769,0.652933,
44.8992,16.8504,-1.55641,0.99763,0.117678,0.0260384,-0.0510571,0.715837,1.89186,3.06496,0.461066,3.63124,0.130611,-0.503084,399.087,0.654541,
44.9031,16.8504,-1.55328,0.997649,0.118004,0.0258651,-0.0512267,0.715838,1.89018,3.06132,0.460187,3.62717,0.130933,-0.50095,398.406,0.656148,
44.907,16.8504,-1.55015,0.997668,0.11833,0.0256916,-0.0513964,0.715838,1.88846,3.05763,0.459309,3.62304,0.131255,-0.498813,397.722,0.657757,
44.9109,16.8504,-1.54702,0.997689,0.118662,0.0255169,-0.0515666,0.715839,1.88464,3.05066,0.458491,3.61507,0.131589,-0.496534,396.925,0.65942,
44.9148,16.8504,-1.54389,0.997709,0.118993,0.0253421,-0.0517369,0.71584,1.88082,3.04369,0.457673,3.6071,0.131922,-0.494255,396.128,0.661084,
44.9187,16.8504,-1.54076,0.99773,0.119325,0.0251674,-0.0519071,0.715841,1.877,3.03673,0.456856,3.59912,0.132255,-0.491975,395.331,0.662748,
44.9226,16.8504,-1.53763,0.99775,0.119656,0.0249926,-0.0520774,0.715842,1.87318,3.02976,0.456038,3.59115,0.132588,-0.489696,394.534,0.664411,
44.9266,16.8504,-1.53449,0.99777,0.119988,0.0248178,-0.0522476,0.715843,1.86936,3.02279,0.455221,3.58317,0.132922,-0.487417,393.737,0.666075,
44.9305,16.8504,-1.53136,0.997791,0.120319,0.0246431,-0.0524179,0.715843,1.86554,3.01582,0.454403,3.5752,0.133255,-0.485137,392.939,0.667738,
44.9344,16.8504,-1.52823,0.997811,0.120649,0.0244685,-0.052586,0.715844,1.86135,3.00839,0.453463,3.56662,0.133587,-0.482868,392.115,0.669395,
44.9383,16.8504,-1.5251,0.997829,0.120967,0.0242958,-0.0527313,0.715843,1.85327,2.99612,0.451251,3.55177,0.133905,-0.480703,391.002,0.670982,
44.9422,16.8504,-1.52197,0.997848,0.121284,0.024123,-0.0528766,0.715841,1.84519,2.98385,0.449038,3.53693,0.134223,-0.478539,389.89,0.672569,
44.9461,16.8504,-1.51884,0.997866,0.121601,0.0239503,-0.0530219,0.71584,1.83711,2.97158,0.446825,3.52208,0.134541,-0.476374,388.777,0.674155,
44.95,16.8504,-1.51571,0.997884,0.121918,0.0237775,-0.0531672,0.715839,1.82903,2.95931,0.444612,3.50723,0.134859,-0.47421,387.665,0.675742,
44.9539,16.8504,-1.51258,0.997902,0.122235,0.0236048,-0.0533125,0.715837,1.82095,2.94704,0.442399,3.49239,0.135177,-0.472045,386.552,0.677329,
44.9578,16.8504,-1.50945,0.99792,0.122554,0.0234315,-0.0534604,0.715836,1.8137,2.93589,0.440126,3.47891,0.135497,-0.469894,385.484,0.678921,
44.9617,16.8504,-1.50632,0.997938,0.122873,0.0232576,-0.0536106,0.715834,1.80718,2.92572,0.4378,3.46664,0.135817,-0.467754,384.455,0.680518,
44.9656,16.8504,-1.50319,0.997956,0.123193,0.0230838,-0.0537608,0.715833,1.80065,2.91555,0.435474,3.45436,0.136137,-0.465614,383.426,0.682115,
44.9695,16.8504,-1.50006,0.997974,0.123513,0.0229099,-0.053911,0.715831,1.79413,2.90538,0.433148,3.44209,0.136457,-0.463474,382.397,0.683713,
44.9734,16.8504,-1.49693,0.997992,0.123833,0.022736,-0.0540612,0.71583,1.7876,2.89522,0.430822,3.42981,0.136777,-0.461334,381.368,0.68531,
44.9773,16.8504,-1.4938,0.99801,0.124153,0.0225622,-0.0542114,0.715828,1.78108,2.88505,0.428496,3.41753,0.137097,-0.459195,380.339,0.686907,
44.9812,16.8504,-1.49067,0.998028,0.124473,0.0223883,-0.0543616,0.715827,1.77455,2.87488,0.42617,3.40526,0.137417,-0.457055,379.31,0.688504,
44.9851,16.8504,-1.48754,0.998046,0.124793,0.0222145,-0.0545118,0.715826,1.76803,2.86471,0.423844,3.39298,0.137738,-0.454915,378.281,0.690101,
44.989,16.8504,-1.48441,0.998064,0.125112,0.0220406,-0.054662,0.715824,1.7615,2.85454,0.421518,3.38071,0.138058,-0.452775,377.252,0.691698,
44.9929,16.8504,-1.48128,0.998082,0.125432,0.0218668,-0.0548122,0.715823,1.75498,2.84437,0.419192,3.36843,0.138378,-0.450635,376.223,0.693295,
44.9968,16.8504,-1.47815,0.9981,0.125752,0.0216929,-0.0549624,0.715821,1.74845,2.8342,0.416866,3.35616,0.138698,-0.448495,375.194,0.694893,
45.0008,16.8504,-1.47502,0.998117,0.126072,0.0215191,-0.0551126,0.71582,1.74193,2.82403,0.41454,3.34388,0.139018,-0.446356,374.164,0.69649,
45.0047,16.8504,-1.47189,0.998135,0.126392,0.0213452,-0.0552628,0.715818,1.7354,2.81387,0.412214,3.3316,0.139338,-0.444216,373.135,0.698087,
45.0086,16.8504,-1.46876,0.998153,0.126712,0.0211714,-0.055413,0.715817,1.72888,2.8037,0.409888,3.31933,0.139658,-0.442076,372.106,0.699684,
45.0125,16.8504,-1.46562,0.998171,0.127032,0.0209975,-0.0555632,0.715815,1.72235,2.79353,0.407562,3.30705,0.139979,-0.439936,371.077,0.701281,
45.0164,16.8504,-1.46249,0.998189,0.127349,0.0208248,-0.0557109,0.715814,1.71547,2.78283,0.405228,3.29414,0.140296,-0.437803,370.025,0.702866,
45.0203,16.8504,-1.45936,0.998207,0.127644,0.0206621,-0.0558366,0.715813,1.70547,2.76757,0.402818,3.27574,0.140591,-0.435724,368.769,0.704338,
45.0242,16.8504,-1.45623,0.998224,0.127938,0.0204993,-0.0559624,0.715812,1.69548,2.7523,0.400409,3.25735,0.140887,-0.433646,367.513,0.705811,
45.0281,16.8504,-1.4531,0.998242,0.128233,0.0203366,-0.0560881,0.715811,1.68548,2.73703,0.398,3.23895,0.141182,-0.431568,366.258,0.707284,
45.032,16.8504,-1.44997,0.99826,0.128527,0.0201738,-0.0562138,0.71581,1.67548,2.72177,0.39559,3.22055,0.141477,-0.429489,365.002,0.708757,
45.0359,16.8504,-1.44684,0.998277,0.128822,0.0200111,-0.0563396,0.715809,1.66549,2.7065,0.393181,3.20215,0.141773,-0.427411,363.746,0.710229,
45.0398,16.8504,-1.44371,0.998295,0.129117,0.0198484,-0.0564653,0.715808,1.65549,2.69123,0.390772,3.18375,0.142068,-0.425333,362.49,0.711702,
45.0437,16.8504,-1.44058,0.998313,0.129411,0.0196856,-0.056591,0.715807,1.64549,2.67597,0.388362,3.16535,0.142363,-0.423254,361.235,0.713175,
45.0476,16.8504,-1.43745,0.99833,0.129706,0.0195229,-0.0567168,0.715806,1.6355,2.6607,0.385953,3.14695,0.142659,-0.421176,359.979,0.714647,
45.0515,16.8504,-1.43432,0.998348,0.130001,0.0193601,-0.0568425,0.715805,1.6255,2.64544,0.383544,3.12855,0.142954,-0.419098,358.723,0.71612,
45.0554,16.8504,-1.43119,0.998366,0.130295,0.0191974,-0.0569682,0.715804,1.61551,2.63017,0.381134,3.11015,0.143249,-0.417019,357.467,0.717593,
45.0593,16.8504,-1.42806,0.998383,0.13059,0.0190347,-0.057094,0.715803,1.60551,2.6149,0.378725,3.09175,0.143545,-0.414941,356.212,0.719066,
45.0632,16.8504,-1.42493,0.998401,0.130884,0.0188719,-0.0572197,0.715802,1.59551,2.59964,0.376316,3.07335,0.14384,-0.412863,354.956,0.720538,
45.0671,16.8504,-1.4218,0.998419,0.131179,0.0187092,-0.0573455,0.715801,1.58552,2.58437,0.373906,3.05495,0.144136,-0.410784,353.7,0.722011,
45.071,16.8504,-1.41867,0.998436,0.131474,0.0185464,-0.0574712,0.715801,1.57552,2.5691,0.371497,3.03655,0.144431,-0.408706,352.445,0.723484,
45.075,16.8504,-1.41554,0.998454,0.131768,0.0183837,-0.0575969,0.7158,1.56552,2.55384,0.369088,3.01815,0.144726,-0.406628,351.189,0.724957,
45.0789,16.8504,-1.41241,0.998472,0.132063,0.018221,-0.0577227,0.715799,1.55553,2.53857,0.366678,2.99975,0.145022,-0.404549,349.933,0.726429,
45.0828,16.8504,-1.40928,0.998489,0.132358,0.0180582,-0.0578484,0.715798,1.54553,2.5233,0.364269,2.98135,0.145317,-0.402471,348.677,0.727902,
45.0867,16.8504,-1.40615,0.998507,0.132652,0.0178955,-0.0579741,0.715797,1.53553,2.50804,0.36186,2.96295,0.145612,-0.400393,347.422,0.729375,
45.0906,16.8504,-1.40302,0.998525,0.132947,0.0177328,-0.0580999,0.715796,1.52554,2.49277,0.35945,2.94455,0.145908,-0.398314,346.166,0.730848,
45.0945,16.8504,-1.39988,0.998542,0.133234,0.0175752,-0.0582171,0.715794,1.51387,2.47491,0.356824,2.92307,0.146197,-0.396242,344.848,0.732289,
45.0984,16.8504,-1.39675,0.998559,0.133514,0.0174212,-0.058329,0.715793,1.50155,2.45621,0.354162,2.90054,0.146479,-0.3942,343.507,0.733698,
45.1023,16.8504,-1.39362,0.998573,0.133759,0.0172874,-0.0584122,0.715792,1.48651,2.43463,0.351519,2.87418,0.146723,-0.392372,342.087,0.734914,
45.1062,16.8504,-1.39049,0.998588,0.134012,0.0171486,-0.0585022,0.715791,1.47225,2.41402,0.348864,2.84903,0.146977,-0.390506,340.687,0.736176,
45.1101,16.8504,-1.38736,0.998603,0.134269,0.0170079,-0.0585947,0.71579,1.45828,2.39377,0.346203,2.82434,0.147233,-0.388626,339.296,0.737455,
45.114,16.8504,-1.38423,0.998618,0.134525,0.0168671,-0.0586873,0.715788,1.44431,2.37352,0.343543,2.79965,0.14749,-0.386746,337.905,0.738734,
45.1179,16.8504,-1.3811,0.998633,0.134782,0.0167264,-0.0587799,0.715787,1.43034,2.35328,0.340883,2.77496,0.147746,-0.384866,336.514,0.740013,
45.1218,16.8504,-1.37797,0.998648,0.135038,0.0165857,-0.0588724,0.715786,1.41637,2.33303,0.338223,2.75027,0.148003,-0.382987,335.123,0.741291,
45.1257,16.8504,-1.37484,0.998663,0.135294,0.016445,-0.058965,0.715785,1.4024,2.31278,0.335562,2.72558,0.14826,-0.381107,333.732,0.74257,
45.1296,16.8504,-1.37171,0.998678,0.135551,0.0163042,-0.0590575,0.715783,1.38842,2.29254,0.332902,2.7009,0.148516,-0.379227,332.34,0.743849,
45.1335,16.8504,-1.36858,0.998693,0.135807,0.0161635,-0.0591501,0.715782,1.37445,2.27229,0.330242,2.67621,0.148773,-0.377347,330.949,0.745128,
45.1374,16.8504,-1.36545,0.998708,0.136063,0.0160228,-0.0592427,0.715781,1.36048,2.25204,0.327582,2.65152,0.149029,-0.375467,329.558,0.746407,
45.1413,16.8504,-1.36232,0.998723,0.13632,0.0158821,-0.0593352,0.715779,1.34651,2.2318,0.324921,2.62683,0.149286,-0.373587,328.167,0.747686,
45.1452,16.8504,-1.35919,0.998738,0.136576,0.0157413,-0.0594278,0.715778,1.33254,2.21155,0.322261,2.60214,0.149543,-0.371708,326.776,0.748964,
45.1491,16.8504,-1.35606,0.998753,0.136832,0.0156006,-0.0595204,0.715777,1.31857,2.19131,0.319601,2.57745,0.149799,-0.369828,325.385,0.750243,
45.1531,16.8504,-1.35293,0.998768,0.137089,0.0154599,-0.0596129,0.715776,1.3046,2.17106,0.31694,2.55276,0.150056,-0.367948,323.994,0.751522,
45.157,16.8504,-1.3498,0.998783,0.137345,0.0153192,-0.0597055,0.715774,1.29063,2.15081,0.31428,2.52807,0.150312,-0.366068,322.602,0.752801,
45.1609,16.8504,-1.34667,0.998798,0.137601,0.0151784,-0.059798,0.715773,1.27666,2.13057,0.31162,2.50338,0.150569,-0.364188,321.211,0.75408,
45.1648,16.8504,-1.34354,0.998813,0.137858,0.0150377,-0.0598906,0.715772,1.26268,2.11032,0.30896,2.47869,0.150826,-0.362309,319.82,0.755359,
45.1687,16.8504,-1.34041,0.998828,0.138114,0.014897,-0.0599832,0.71577,1.24871,2.09007,0.306299,2.454,0.151082,-0.360429,318.429,0.756637,
45.1726,16.8504,-1.33728,0.998843,0.138371,0.0147562,-0.0600757,0.715769,1.23474,2.06983,0.303639,2.42931,0.151339,-0.358549,317.038,0.757916,
45.1765,16.8504,-1.33415,0.998858,0.138627,0.0146155,-0.0601683,0.715768,1.22077,2.04958,0.300979,2.40462,0.151595,-0.356669,315.647,0.759195,
45.1804,16.8504,-1.33101,0.998873,0.138878,0.0144783,-0.0602565,0.715766,1.20651,2.02905,0.29836,2.37955,0.151846,-0.35483,314.251,0.760442,
45.1843,16.8504,-1.32788,0.998885,0.139091,0.0143637,-0.0603165,0.715765,1.19039,2.00669,0.296004,2.35206,0.152055,-0.35325,312.825,0.761488,
45.1882,16.8504,-1.32475,0.998896,0.139305,0.0142491,-0.0603765,0.715764,1.17426,1.98433,0.293648,2.32457,0.152265,-0.351671,311.398,0.762533,
45.1921,16.8504,-1.32162,0.998908,0.139519,0.0141345,-0.0604366,0.715763,1.15814,1.96198,0.291292,2.29707,0.152475,-0.350091,309.972,0.763579,
45.196,16.8504,-1.31849,0.99892,0.139733,0.0140199,-0.0604966,0.715762,1.14202,1.93962,0.288936,2.26958,0.152685,-0.348511,308.546,0.764624,
45.1999,16.8504,-1.31536,0.998932,0.139947,0.0139052,-0.0605567,0.715761,1.12589,1.91726,0.28658,2.24208,0.152895,-0.346932,307.12,0.765669,
45.2038,16.8504,-1.31223,0.998943,0.14016,0.0137906,-0.0606167,0.71576,1.10977,1.89491,0.284224,2.21459,0.153104,-0.345352,305.694,0.766715,
45.2077,16.8504,-1.3091,0.998955,0.140374,0.013676,-0.0606767,0.715759,1.09365,1.87255,0.281868,2.18709,0.153314,-0.343773,304.267,0.76776,
45.2116,16.8504,-1.30597,0.998967,0.140588,0.0135614,-0.0607368,0.715758,1.07752,1.85019,0.279512,2.1596,0.153524,-0.342193,302.841,0.768805,
45.2155,16.8504,-1.30284,0.998978,0.140802,0.0134468,-0.0607968,0.715757,1.0614,1.82784,0.277156,2.13211,0.153734,-0.340614,301.415,0.769851,
45.2194,16.8504,-1.29971,0.99899,0.141016,0.0133322,-0.0608569,0.715756,1.04528,1.80548,0.274801,2.10461,0.153943,-0.339034,299.989,0.770896,
45.2233,16.8504,-1.29658,0.999002,0.14123,0.0132176,-0.0609169,0.715755,1.02915,1.78312,0.272445,2.07712,0.154153,-0.337455,298.562,0.771941,
45.2273,16.8504,-1.29345,0.999014,0.141443,0.0131029,-0.060977,0.715754,1.01303,1.76077,0.270089,2.04962,0.154363,-0.335875,297.136,0.772987,
45.2312,16.8504,-1.29032,0.999026,0.141657,0.0129883,-0.061037,0.715753,0.996906,1.73841,0.267733,2.02213,0.154573,-0.334295,295.71,0.774032,
45.2351,16.8504,-1.28719,0.999037,0.141871,0.0128737,-0.061097,0.715752,0.980782,1.71605,0.265377,1.99463,0.154782,-0.332716,294.284,0.775077,
45.239,16.8504,-1.28406,0.999049,0.142085,0.0127591,-0.0611571,0.715751,0.964659,1.6937,0.263021,1.96714,0.154992,-0.331136,292.858,0.776123,
45.2429,16.8504,-1.28093,0.999061,0.142299,0.0126445,-0.0612171,0.71575,0.948536,1.67134,0.260665,1.93965,0.155202,-0.329557,291.431,0.777168,
45.2468,16.8504,-1.2778,0.999072,0.142512,0.0125299,-0.0612772,0.715749,0.932412,1.64898,0.258309,1.91215,0.155412,-0.327977,290.005,0.778213,
45.2507,16.8504,-1.27467,0.999084,0.142726,0.0124153,-0.0613372,0.715748,0.916289,1.62662,0.255953,1.88466,0.155621,-0.326398,288.579,0.779259,
45.2546,16.8504,-1.27154,0.999096,0.142952,0.0122933,-0.0614066,0.715746,0.900862,1.60516,0.253554,1.85825,0.155844,-0.324752,287.166,0.78037,
45.2585,16.8504,-1.26841,0.999109,0.143178,0.0121706,-0.0614769,0.715745,0.885494,1.58378,0.251151,1.83194,0.156068,-0.3231,285.754,0.781486,
45.2624,16.8504,-1.26528,0.99912,0.143398,0.0120523,-0.0615423,0.715743,0.869924,1.56224,0.248805,1.80542,0.156285,-0.321498,284.343,0.782566,
45.2663,16.8504,-1.26214,0.999129,0.143581,0.0119579,-0.0615805,0.715742,0.853218,1.53986,0.246784,1.77777,0.156461,-0.320177,282.941,0.783442,
45.2702,16.8504,-1.25901,0.999138,0.143764,0.0118636,-0.0616187,0.715741,0.836512,1.51748,0.244763,1.75012,0.156637,-0.318856,281.539,0.784318,
45.2741,16.8504,-1.25588,0.999146,0.143947,0.0117693,-0.0616569,0.71574,0.819807,1.4951,0.242742,1.72247,0.156812,-0.317535,280.137,0.785194,
45.278,16.8504,-1.25275,0.999153,0.144115,0.0116856,-0.0616823,0.715738,0.802399,1.47205,0.240853,1.69411,0.156971,-0.316331,278.753,0.785986,
45.2819,16.8504,-1.24962,0.99916,0.144277,0.0116067,-0.061702,0.715737,0.78468,1.44869,0.239024,1.66542,0.157122,-0.31518,277.376,0.786741,
45.2858,16.8504,-1.24649,0.999166,0.144439,0.0115279,-0.0617217,0.715736,0.766962,1.42534,0.237195,1.63673,0.157274,-0.314029,276,0.787495,
45.2897,16.8504,-1.24336,0.999172,0.144601,0.011449,-0.0617413,0.715734,0.749243,1.40199,0.235365,1.60804,0.157425,-0.312878,274.623,0.78825,
45.2936,16.8504,-1.24023,0.999179,0.144763,0.0113701,-0.061761,0.715733,0.731524,1.37863,0.233536,1.57935,0.157577,-0.311727,273.247,0.789004,
45.2975,16.8504,-1.2371,0.999185,0.144924,0.0112912,-0.0617807,0.715732,0.713805,1.35528,0.231707,1.55066,0.157728,-0.310576,271.87,0.789759,
45.3014,16.8504,-1.23397,0.999191,0.145086,0.0112123,-0.0618004,0.71573,0.696086,1.33193,0.229877,1.52197,0.157879,-0.309425,270.493,0.790513,
45.3054,16.8504,-1.23084,0.999198,0.145248,0.0111334,-0.06182,0.715729,0.678367,1.30857,0.228048,1.49328,0.158031,-0.308274,269.117,0.791268,
45.3093,16.8504,-1.22771,0.999204,0.14541,0.0110545,-0.0618397,0.715728,0.660648,1.28522,0.226219,1.46459,0.158182,-0.307123,267.74,0.792022,
45.3132,16.8504,-1.22458,0.999211,0.145572,0.0109756,-0.0618594,0.715726,0.642929,1.26186,0.224389,1.4359,0.158333,-0.305972,266.364,0.792777,
45.3171,16.8504,-1.22145,0.999217,0.145734,0.0108967,-0.0618791,0.715725,0.62521,1.23851,0.22256,1.40721,0.158485,-0.304821,264.987,0.793531,
45.321,16.8504,-1.21832,0.999223,0.145896,0.0108178,-0.0618987,0.715723,0.607491,1.21516,0.220731,1.37853,0.158636,-0.30367,263.61,0.794286,
45.3249,16.8504,-1.21519,0.99923,0.146057,0.0107389,-0.0619184,0.715722,0.589773,1.1918,0.218901,1.34984,0.158787,-0.302519,262.234,0.79504,
45.3288,16.8504,-1.21206,0.999236,0.146219,0.01066,-0.0619381,0.715721,0.572054,1.16845,0.217072,1.32115,0.158939,-0.301368,260.857,0.795795,
45.3327,16.8504,-1.20893,0.999243,0.146381,0.0105811,-0.0619578,0.715719,0.554335,1.14509,0.215243,1.29246,0.15909,-0.300217,259.481,0.796549,
45.3366,16.8504,-1.2058,0.999249,0.146543,0.0105022,-0.0619774,0.715718,0.536616,1.12174,0.213413,1.26377,0.159241,-0.299066,258.104,0.797304,
45.3405,16.8504,-1.20267,0.999255,0.146705,0.0104233,-0.0619971,0.715717,0.518897,1.09839,0.211584,1.23508,0.159393,-0.297915,256.728,0.798058,
45.3444,16.8504,-1.19954,0.999261,0.146859,0.0103498,-0.0620116,0.715715,0.501228,1.0753,0.209841,1.20689,0.159536,-0.296829,255.366,0.798771,
45.3483,16.8504,-1.19641,0.999263,0.146976,0.0103032,-0.0620002,0.715714,0.483813,1.05354,0.208532,1.18121,0.159636,-0.29607,254.077,0.799273,
45.3522,16.8504,-1.19327,0.999266,0.147093,0.0102566,-0.0619888,0.715713,0.466398,1.03178,0.207224,1.15554,0.159737,-0.295312,252.789,0.799775,
45.3561,16.8504,-1.19014,0.999268,0.14721,0.01021,-0.0619774,0.715712,0.448982,1.01001,0.205915,1.12986,0.159838,-0.294553,251.501,0.800278,
45.36,16.8504,-1.18701,0.99927,0.147327,0.0101634,-0.061966,0.715711,0.431567,0.988253,0.204607,1.10418,0.159938,-0.293794,250.213,0.80078,
45.3639,16.8504,-1.18388,0.999272,0.147445,0.0101168,-0.0619545,0.715709,0.414151,0.966492,0.203298,1.0785,0.160039,-0.293035,248.925,0.801282,
45.3678,16.8504,-1.18075,0.999275,0.147562,0.0100702,-0.0619431,0.715708,0.396736,0.944731,0.201989,1.05282,0.160139,-0.292277,247.636,0.801784,
45.3717,16.8504,-1.17762,0.999277,0.147679,0.0100236,-0.0619317,0.715707,0.379321,0.922971,0.200681,1.02715,0.16024,-0.291518,246.348,0.802286,
45.3756,16.8504,-1.17449,0.999279,0.147796,0.00997705,-0.0619203,0.715706,0.361905,0.90121,0.199372,1.00147,0.160341,-0.290759,245.06,0.802789,
45.3796,16.8504,-1.17136,0.999282,0.147913,0.00993046,-0.0619089,0.715705,0.34449,0.879449,0.198063,0.97579,0.160441,-0.29,243.772,0.803291,
45.3835,16.8504,-1.16823,0.999284,0.14803,0.00988386,-0.0618975,0.715704,0.327074,0.857688,0.196755,0.950112,0.160542,-0.289242,242.483,0.803793,
45.3874,16.8504,-1.1651,0.999286,0.148147,0.00983727,-0.0618861,0.715702,0.309659,0.835927,0.195446,0.924434,0.160643,-0.288483,241.195,0.804295,
45.3913,16.8504,-1.16197,0.999288,0.148264,0.00979067,-0.0618747,0.715701,0.292244,0.814166,0.194138,0.898756,0.160743,-0.287724,239.907,0.804797,
45.3952,16.8504,-1.15884,0.999291,0.148381,0.00974408,-0.0618632,0.7157,0.274828,0.792405,0.192829,0.873078,0.160844,-0.286965,238.619,0.8053,
45.3991,16.8504,-1.15571,0.999293,0.1485,0.00969626,-0.0618531,0.715699,0.257416,0.77061,0.191503,0.847293,0.160946,-0.286193,237.328,0.805812,
45.403,16.8504,-1.15258,0.999296,0.148631,0.00963913,-0.0618524,0.715697,0.240024,0.74856,0.190047,0.820696,0.161064,-0.285319,236.017,0.806397,
45.4069,16.8504,-1.14945,0.999299,0.148763,0.00958201,-0.0618517,0.715696,0.222633,0.72651,0.188591,0.794099,0.161181,-0.284445,234.706,0.806982,
45.4108,16.8504,-1.14632,0.999303,0.148894,0.00952488,-0.061851,0.715694,0.205242,0.70446,0.187135,0.767502,0.161298,-0.283571,233.395,0.807568,
45.4147,16.8504,-1.14319,0.999306,0.149025,0.00946776,-0.0618503,0.715693,0.187851,0.68241,0.185679,0.740904,0.161416,-0.282698,232.084,0.808153,
45.4186,16.8504,-1.14006,0.999309,0.149156,0.00941063,-0.0618496,0.715691,0.170459,0.660359,0.184223,0.714307,0.161533,-0.281824,230.773,0.808739,
45.4225,16.8504,-1.13693,0.999312,0.149288,0.00935351,-0.0618489,0.71569,0.153068,0.638309,0.182767,0.68771,0.16165,-0.28095,229.462,0.809324,
45.4264,16.8504,-1.1338,0.999315,0.149412,0.00930203,-0.0618432,0.715688,0.135847,0.616702,0.181407,0.662397,0.161759,-0.280142,228.171,0.809868,
45.4303,16.8504,-1.13067,0.999314,0.149502,0.00927597,-0.0618146,0.715687,0.119392,0.597089,0.180482,0.642871,0.161831,-0.279633,226.967,0.810224,
45.4342,16.8504,-1.12753,0.999313,0.149592,0.00924992,-0.061786,0.715685,0.102938,0.577475,0.179556,0.623344,0.161902,-0.279123,225.764,0.810579,
45.4381,16.8504,-1.1244,0.999313,0.149683,0.00922387,-0.0617574,0.715684,0.0864833,0.557862,0.178631,0.603818,0.161973,-0.278614,224.561,0.810935,
45.442,16.8504,-1.12127,0.999312,0.149773,0.00919781,-0.0617289,0.715683,0.0700287,0.538249,0.177706,0.584292,0.162044,-0.278105,223.358,0.811291,
45.4459,16.8504,-1.11814,0.999312,0.149864,0.00917176,-0.0617003,0.715681,0.0535742,0.518636,0.176781,0.564765,0.162115,-0.277596,222.155,0.811646,
45.4498,16.8504,-1.11501,0.999311,0.149954,0.00914571,-0.0616717,0.71568,0.0371197,0.499023,0.175855,0.545239,0.162186,-0.277086,220.951,0.812002,
45.4538,16.8504,-1.11188,0.999311,0.150044,0.00911966,-0.0616432,0.715678,0.0206651,0.47941,0.17493,0.525712,0.162257,-0.276577,219.748,0.812357,
45.4577,16.8504,-1.10875,0.99931,0.150135,0.0090936,-0.0616146,0.715677,0.00421061,0.459797,0.174005,0.506186,0.162329,-0.276068,218.545,0.812713,
45.4616,16.8504,-1.10562,0.999309,0.150214,0.00907702,-0.0615764,0.715675,-0.0120177,0.440905,0.17328,0.492468,0.162386,-0.275672,217.379,0.813001,
45.4655,16.8504,-1.10249,0.999306,0.150283,0.00906882,-0.0615297,0.715674,-0.0280462,0.422651,0.172734,0.483883,0.162432,-0.275376,216.247,0.81323,
45.4694,16.8504,-1.09936,0.999303,0.150352,0.00906061,-0.061483,0.715672,-0.0440746,0.404398,0.172187,0.475298,0.162477,-0.27508,215.114,0.813458,
45.4733,16.8504,-1.09623,0.9993,0.150421,0.0090524,-0.0614363,0.715671,-0.0601031,0.386144,0.17164,0.466713,0.162523,-0.274784,213.982,0.813687,
45.4772,16.8504,-1.0931,0.999297,0.15049,0.00904419,-0.0613896,0.715669,-0.0761315,0.36789,0.171093,0.458128,0.162569,-0.274488,212.849,0.813916,
45.4811,16.8504,-1.08997,0.999294,0.150559,0.00903599,-0.0613428,0.715667,-0.09216,0.349636,0.170546,0.449544,0.162614,-0.274192,211.717,0.814144,
45.485,16.8504,-1.08684,0.999291,0.150628,0.00902778,-0.0612961,0.715666,-0.108188,0.331383,0.169999,0.440959,0.16266,-0.273896,210.584,0.814373,
45.4889,16.8504,-1.08371,0.999288,0.150697,0.00901957,-0.0612494,0.715664,-0.124217,0.313129,0.169452,0.432374,0.162705,-0.2736,209.452,0.814602,
45.4928,16.8504,-1.08058,0.999285,0.150766,0.00901137,-0.0612027,0.715662,-0.140245,0.294875,0.168905,0.423789,0.162751,-0.273304,208.319,0.81483,
45.4967,16.8504,-1.07745,0.999282,0.150836,0.00900316,-0.061156,0.715661,-0.156274,0.276622,0.168358,0.415204,0.162797,-0.273008,207.187,0.815059,
45.5006,16.8504,-1.07432,0.999279,0.150905,0.00899495,-0.0611093,0.715659,-0.172302,0.258368,0.167811,0.406619,0.162842,-0.272712,206.054,0.815288,
45.5045,16.8504,-1.07119,0.999277,0.150974,0.00898675,-0.0610626,0.715658,-0.188331,0.240114,0.167264,0.398034,0.162888,-0.272416,204.922,0.815516,
45.5084,16.8504,-1.06806,0.999273,0.151037,0.00898408,-0.0610118,0.715656,-0.203908,0.222725,0.166873,0.393088,0.162927,-0.272176,203.815,0.815711,
45.5123,16.8504,-1.06493,0.999268,0.151074,0.00900394,-0.0609442,0.715655,-0.217653,0.208849,0.167111,0.402932,0.162937,-0.272163,202.812,0.815766,
45.5162,16.8504,-1.0618,0.999262,0.151112,0.0090238,-0.0608766,0.715653,-0.231397,0.194974,0.16735,0.412776,0.162948,-0.27215,201.809,0.815822,
45.5201,16.8504,-1.05866,0.999257,0.15115,0.00904367,-0.060809,0.715652,-0.245142,0.181098,0.167589,0.422621,0.162959,-0.272136,200.806,0.815878,
45.524,16.8504,-1.05553,0.999251,0.151188,0.00906353,-0.0607414,0.71565,-0.258886,0.167223,0.167828,0.432465,0.16297,-0.272123,199.804,0.815933,
45.528,16.8504,-1.0524,0.999246,0.151226,0.00908339,-0.0606738,0.715649,-0.272631,0.153347,0.168067,0.442309,0.162981,-0.27211,198.801,0.815989,
45.5319,16.8504,-1.04927,0.99924,0.151264,0.00910325,-0.0606062,0.715647,-0.286375,0.139472,0.168306,0.452153,0.162992,-0.272097,197.798,0.816045,
45.5358,16.8504,-1.04614,0.999235,0.151301,0.00912311,-0.0605386,0.715646,-0.300119,0.125597,0.168545,0.461997,0.163003,-0.272083,196.796,0.816101,
45.5397,16.8504,-1.04301,0.999229,0.151339,0.00914297,-0.0604711,0.715644,-0.313864,0.111721,0.168783,0.471842,0.163013,-0.27207,195.793,0.816156,
45.5436,16.8504,-1.03988,0.999224,0.151377,0.00916284,-0.0604035,0.715643,-0.327608,0.0978456,0.169022,0.481686,0.163024,-0.272057,194.79,0.816212,
45.5475,16.8504,-1.03675,0.999218,0.151418,0.00917968,-0.0603384,0.715641,-0.341561,0.0835604,0.169171,0.490058,0.163039,-0.272017,193.776,0.816287,
45.5514,16.8504,-1.03362,0.999213,0.151466,0.00918982,-0.0602787,0.715639,-0.355973,0.0683667,0.169119,0.495167,0.163062,-0.271917,192.739,0.816403,
45.5553,16.8504,-1.03049,0.999208,0.151515,0.00919997,-0.0602191,0.715638,-0.370386,0.053173,0.169067,0.500275,0.163085,-0.271817,191.701,0.81652,
45.5592,16.8504,-1.02736,0.999203,0.151563,0.00921012,-0.0601594,0.715636,-0.384799,0.0379793,0.169016,0.505383,0.163108,-0.271717,190.663,0.816636,
45.5631,16.8504,-1.02423,0.999198,0.151611,0.00922026,-0.0600998,0.715634,-0.399212,0.0227856,0.168964,0.510492,0.163131,-0.271617,189.626,0.816753,
45.567,16.8504,-1.0211,0.999193,0.151659,0.00923041,-0.0600402,0.715632,-0.413625,0.00759184,0.168912,0.5156,0.163154,-0.271517,188.588,0.816869,
45.5709,16.8504,-1.01797,0.999188,0.151708,0.00924056,-0.0599805,0.71563,-0.428038,-0.00760188,0.168861,0.520708,0.163177,-0.271417,187.551,0.816986,
45.5748,16.8504,-1.01484,0.999184,0.151756,0.0092507,-0.0599209,0.715629,-0.44245,-0.0227956,0.168809,0.525817,0.1632,-0.271317,186.513,0.817102,
45.5787,16.8504,-1.01171,0.999179,0.151804,0.00926085,-0.0598612,0.715627,-0.456863,-0.0379893,0.168757,0.530925,0.163223,-0.271217,185.475,0.817219,
45.5826,16.8504,-1.00858,0.999174,0.151852,0.00927099,-0.0598016,0.715625,-0.471276,-0.053183,0.168706,0.536034,0.163247,-0.271117,184.438,0.817335,
45.5865,16.8504,-1.00545,0.999169,0.1519,0.00928114,-0.059742,0.715623,-0.485689,-0.0683767,0.168654,0.541142,0.16327,-0.271017,183.4,0.817452,
45.5904,16.8504,-1.00232,0.999163,0.151943,0.00929666,-0.0596788,0.715621,-0.499536,-0.0826127,0.168767,0.547877,0.163287,-0.270964,182.388,0.81754,
45.5943,16.8504,-0.999186,0.999157,0.151967,0.00933202,-0.0596025,0.71562,-0.511297,-0.0933143,0.169487,0.560615,0.163283,-0.27108,181.469,0.817522,
45.5982,16.8504,-0.996056,0.99915,0.15199,0.00936738,-0.0595263,0.715618,-0.523059,-0.104016,0.170208,0.573353,0.163279,-0.271196,180.551,0.817504,
45.6021,16.8504,-0.992925,0.999143,0.152014,0.00940273,-0.05945,0.715617,-0.53482,-0.114718,0.170928,0.586091,0.163275,-0.271312,179.633,0.817486,
45.6061,16.8504,-0.989795,0.999136,0.152037,0.00943809,-0.0593738,0.715615,-0.546581,-0.125419,0.171648,0.598829,0.163271,-0.271428,178.715,0.817469,
45.61,16.8504,-0.986664,0.99913,0.15206,0.00947345,-0.0592975,0.715613,-0.558342,-0.136121,0.172368,0.611567,0.163267,-0.271544,177.796,0.817451,
45.6139,16.8504,-0.983534,0.999123,0.152084,0.00950881,-0.0592213,0.715612,-0.570103,-0.146823,0.173089,0.624305,0.163263,-0.27166,176.878,0.817433,
45.6178,16.8504,-0.980403,0.999116,0.152107,0.00954416,-0.059145,0.71561,-0.581864,-0.157524,0.173809,0.637043,0.163259,-0.271776,175.96,0.817415,
45.6217,16.8504,-0.977273,0.999109,0.152131,0.00957952,-0.0590688,0.715608,-0.593625,-0.168226,0.174529,0.649781,0.163256,-0.271893,175.042,0.817397,
45.6256,16.8504,-0.974142,0.999103,0.152154,0.00961488,-0.0589925,0.715607,-0.605386,-0.178927,0.17525,0.662519,0.163252,-0.272009,174.124,0.81738,
45.6295,16.8504,-0.971012,0.999096,0.152178,0.00965023,-0.0589163,0.715605,-0.617148,-0.189629,0.17597,0.675257,0.163248,-0.272125,173.205,0.817362,
45.6334,16.8504,-0.967882,0.999089,0.152201,0.00968559,-0.05884,0.715604,-0.628909,-0.200331,0.17669,0.687995,0.163244,-0.272241,172.287,0.817344,
45.6373,16.8504,-0.964751,0.999082,0.152224,0.00972095,-0.0587638,0.715602,-0.64067,-0.211032,0.177411,0.700733,0.16324,-0.272357,171.369,0.817326,
45.6412,16.8504,-0.961621,0.999076,0.152248,0.0097563,-0.0586875,0.7156,-0.652431,-0.221734,0.178131,0.713471,0.163236,-0.272473,170.451,0.817308,
45.6451,16.8504,-0.95849,0.999069,0.152267,0.00979703,-0.0586068,0.715599,-0.663501,-0.231378,0.178998,0.725875,0.163227,-0.272634,169.555,0.817265,
45.649,16.8504,-0.95536,0.999061,0.15228,0.00984692,-0.0585185,0.715597,-0.673389,-0.239215,0.180115,0.73771,0.163209,-0.272873,168.699,0.817179,
45.6529,16.8504,-0.952229,0.999053,0.152292,0.00989682,-0.0584302,0.715595,-0.683277,-0.247052,0.181232,0.749544,0.163192,-0.273111,167.842,0.817093,
45.6568,16.8504,-0.949099,0.999045,0.152305,0.00994672,-0.0583419,0.715593,-0.693166,-0.254889,0.182349,0.761379,0.163174,-0.273349,166.986,0.817007,
45.6607,16.8504,-0.945968,0.999037,0.152317,0.00999662,-0.0582536,0.715591,-0.703054,-0.262726,0.183466,0.773214,0.163157,-0.273587,166.129,0.816921,
45.6646,16.8504,-0.942838,0.999029,0.15233,0.0100465,-0.0581653,0.71559,-0.712943,-0.270564,0.184583,0.785048,0.163139,-0.273825,165.272,0.816835,
45.6685,16.8504,-0.939707,0.999022,0.152342,0.0100964,-0.058077,0.715588,-0.722831,-0.278401,0.185699,0.796883,0.163121,-0.274063,164.416,0.816749,
45.6724,16.8504,-0.936577,0.999014,0.152352,0.0101502,-0.0579871,0.715586,-0.731878,-0.285219,0.186848,0.807641,0.163101,-0.274319,163.58,0.816652,
45.6763,16.8504,-0.933446,0.999006,0.152354,0.010217,-0.0578917,0.715584,-0.738095,-0.288606,0.188105,0.814774,0.163074,-0.274632,162.813,0.816515,
45.6802,16.8504,-0.930316,0.998998,0.152355,0.0102839,-0.0577963,0.715583,-0.744311,-0.291994,0.189362,0.821907,0.163046,-0.274946,162.046,0.816377,
45.6842,16.8504,-0.927185,0.998991,0.152357,0.0103507,-0.0577009,0.715581,-0.750527,-0.295382,0.190618,0.82904,0.163018,-0.27526,161.279,0.81624,
45.6881,16.8504,-0.924055,0.998983,0.152358,0.0104176,-0.0576055,0.715579,-0.756743,-0.29877,0.191875,0.836172,0.16299,-0.275574,160.512,0.816103,
45.692,16.8504,-0.920925,0.998975,0.15236,0.0104844,-0.0575101,0.715578,-0.76296,-0.302157,0.193131,0.843305,0.162962,-0.275888,159.745,0.815966,
45.6959,16.8504,-0.917794,0.998967,0.152363,0.0105481,-0.0574166,0.715576,-0.769795,-0.30626,0.194373,0.851255,0.162937,-0.276189,158.966,0.815841,
45.6998,16.8504,-0.914664,0.998959,0.152369,0.0106088,-0.0573248,0.715574,-0.777235,-0.311061,0.195601,0.860005,0.162914,-0.276479,158.176,0.815726,
45.7037,16.8504,-0.911533,0.998951,0.152375,0.0106695,-0.0572331,0.715572,-0.784676,-0.315863,0.196829,0.868754,0.16289,-0.27677,157.386,0.815612,
45.7076,16.8504,-0.908403,0.998943,0.15238,0.0107302,-0.0571414,0.71557,-0.792116,-0.320665,0.198057,0.877504,0.162867,-0.27706,156.596,0.815498,
45.7115,16.8504,-0.905272,0.998935,0.152386,0.0107909,-0.0570496,0.715568,-0.799557,-0.325466,0.199285,0.886253,0.162844,-0.27735,155.806,0.815384,
45.7154,16.8504,-0.902142,0.998927,0.152391,0.0108516,-0.0569579,0.715566,-0.806997,-0.330268,0.200513,0.895002,0.162821,-0.27764,155.016,0.81527,
45.7193,16.8504,-0.899011,0.998919,0.152397,0.0109123,-0.0568662,0.715564,-0.814438,-0.33507,0.201741,0.903752,0.162797,-0.27793,154.226,0.815156,
45.7232,16.8504,-0.895881,0.998911,0.152403,0.010973,-0.0567744,0.715563,-0.821878,-0.339871,0.202969,0.912501,0.162774,-0.27822,153.436,0.815042,
45.7271,16.8504,-0.89275,0.998903,0.152408,0.0110337,-0.0566827,0.715561,-0.829319,-0.344673,0.204197,0.921251,0.162751,-0.27851,152.646,0.814928,
45.731,16.8504,-0.88962,0.998895,0.152414,0.0110944,-0.056591,0.715559,-0.83676,-0.349475,0.205425,0.93,0.162728,-0.2788,151.856,0.814813,
45.7349,16.8504,-0.88649,0.998887,0.15242,0.0111551,-0.0564992,0.715557,-0.8442,-0.354276,0.206652,0.93875,0.162704,-0.279091,151.066,0.814699,
45.7388,16.8504,-0.883359,0.998879,0.152425,0.0112158,-0.0564075,0.715555,-0.851641,-0.359078,0.20788,0.947499,0.162681,-0.279381,150.276,0.814585,
45.7427,16.8504,-0.880229,0.998871,0.152431,0.0112765,-0.0563158,0.715553,-0.859081,-0.36388,0.209108,0.956249,0.162658,-0.279671,149.486,0.814471,
45.7466,16.8504,-0.877098,0.998863,0.152437,0.0113372,-0.056224,0.715551,-0.866522,-0.368681,0.210336,0.964998,0.162635,-0.279961,148.696,0.814357,
45.7505,16.8504,-0.873968,0.998855,0.152442,0.0113978,-0.0561323,0.715549,-0.873962,-0.373483,0.211564,0.973748,0.162612,-0.280251,147.906,0.814243,
45.7544,16.8504,-0.870837,0.998847,0.152446,0.0114615,-0.0560397,0.715547,-0.880499,-0.377314,0.212786,0.981322,0.162587,-0.280548,147.135,0.814123,
45.7584,16.8504,-0.867707,0.99884,0.152446,0.0115344,-0.0559446,0.715545,-0.884245,-0.378148,0.21399,0.98527,0.16256,-0.280864,146.423,0.813987,
45.7623,16.8504,-0.864576,0.998832,0.152445,0.0116073,-0.0558494,0.715544,-0.887992,-0.378981,0.215194,0.989219,0.162532,-0.28118,145.71,0.81385,
45.7662,16.8504,-0.861446,0.998825,0.152445,0.0116802,-0.0557543,0.715542,-0.891738,-0.379815,0.216398,0.993167,0.162504,-0.281497,144.998,0.813714,
45.7701,16.8504,-0.858315,0.998818,0.152444,0.011753,-0.0556591,0.71554,-0.895484,-0.380649,0.217602,0.997115,0.162477,-0.281813,144.286,0.813577,
45.774,16.8504,-0.855185,0.99881,0.152444,0.0118259,-0.055564,0.715538,-0.899231,-0.381483,0.218806,1.00106,0.162449,-0.28213,143.574,0.813441,
45.7779,16.8504,-0.852054,0.998803,0.152443,0.0118988,-0.0554688,0.715537,-0.902977,-0.382317,0.220009,1.00501,0.162421,-0.282446,142.861,0.813304,
45.7818,16.8504,-0.848924,0.998796,0.152443,0.0119717,-0.0553737,0.715535,-0.906724,-0.383151,0.221213,1.00896,0.162394,-0.282763,142.149,0.813168,
45.7857,16.8504,-0.845794,0.998788,0.152442,0.0120446,-0.0552785,0.715533,-0.91047,-0.383985,0.222417,1.01291,0.162366,-0.283079,141.437,0.813031,
45.7896,16.8504,-0.842663,0.998781,0.152441,0.0121174,-0.0551834,0.715531,-0.914217,-0.384819,0.223621,1.01686,0.162338,-0.283396,140.725,0.812895,
45.7935,16.8504,-0.839533,0.998774,0.152441,0.0121903,-0.0550882,0.71553,-0.917963,-0.385653,0.224825,1.0208,0.162311,-0.283712,140.013,0.812758,
45.7974,16.8504,-0.836402,0.998766,0.15244,0.0122632,-0.0549931,0.715528,-0.921709,-0.386487,0.226029,1.02475,0.162283,-0.284028,139.3,0.812622,
45.8013,16.8504,-0.833272,0.998759,0.15244,0.0123361,-0.0548979,0.715526,-0.925456,-0.387321,0.227233,1.0287,0.162255,-0.284345,138.588,0.812485,
45.8052,16.8504,-0.830141,0.998752,0.152439,0.012409,-0.0548028,0.715524,-0.929202,-0.388155,0.228437,1.03265,0.162228,-0.284661,137.876,0.812349,
45.8091,16.8504,-0.827011,0.998744,0.152439,0.0124818,-0.0547076,0.715523,-0.932949,-0.388989,0.229641,1.0366,0.1622,-0.284978,137.164,0.812212,
45.813,16.8504,-0.82388,0.998737,0.152438,0.0125547,-0.0546125,0.715521,-0.936695,-0.389822,0.230845,1.04055,0.162172,-0.285294,136.452,0.812076,
45.8169,16.8504,-0.82075,0.99873,0.152438,0.0126276,-0.0545173,0.715519,-0.940442,-0.390656,0.232049,1.04449,0.162145,-0.285611,135.739,0.811939,
45.8208,16.8504,-0.817619,0.998722,0.152437,0.0127005,-0.0544222,0.715518,-0.944188,-0.39149,0.233252,1.04844,0.162117,-0.285927,135.027,0.811803,
45.8247,16.8504,-0.814489,0.998715,0.152437,0.0127734,-0.054327,0.715516,-0.947935,-0.392324,0.234456,1.05239,0.162089,-0.286244,134.315,0.811666,
45.8286,16.8504,-0.811359,0.998708,0.152436,0.0128472,-0.0542311,0.715514,-0.951127,-0.392589,0.235661,1.05564,0.162062,-0.286561,133.612,0.81153,
45.8326,16.8504,-0.808228,0.998701,0.152436,0.0129249,-0.0541325,0.715512,-0.952206,-0.390678,0.236867,1.0562,0.162034,-0.286884,132.944,0.811394,
45.8365,16.8504,-0.805098,0.998695,0.152438,0.0130028,-0.054035,0.71551,-0.952412,-0.38796,0.23804,1.05574,0.162009,-0.287188,132.293,0.811268,
45.8404,16.8504,-0.801967,0.99869,0.152442,0.0130814,-0.053941,0.715509,-0.950144,-0.382953,0.23912,1.05241,0.161989,-0.287434,131.689,0.81117,
45.8443,16.8504,-0.798837,0.998684,0.152446,0.0131594,-0.0538468,0.715507,-0.948673,-0.3787,0.240221,1.04998,0.161968,-0.2877,131.073,0.811068,
45.8482,16.8504,-0.795706,0.998678,0.15245,0.0132372,-0.0537525,0.715505,-0.947543,-0.37477,0.241333,1.04794,0.161947,-0.287973,130.452,0.810963,
45.8521,16.8504,-0.792576,0.998672,0.152453,0.0133149,-0.0536582,0.715503,-0.946414,-0.370839,0.242444,1.04589,0.161926,-0.288246,129.83,0.810858,
45.856,16.8504,-0.789445,0.998666,0.152457,0.0133927,-0.0535639,0.715501,-0.945284,-0.366909,0.243556,1.04385,0.161905,-0.288519,129.209,0.810753,
45.8599,16.8504,-0.786315,0.998661,0.15246,0.0134705,-0.0534696,0.715499,-0.944154,-0.362979,0.244667,1.04181,0.161884,-0.288792,128.587,0.810649,
45.8638,16.8504,-0.783184,0.998655,0.152464,0.0135483,-0.0533752,0.715497,-0.943025,-0.359048,0.245779,1.03977,0.161863,-0.289066,127.966,0.810544,
45.8677,16.8504,-0.780054,0.998649,0.152467,0.0136261,-0.0532809,0.715495,-0.941895,-0.355118,0.24689,1.03773,0.161841,-0.289339,127.345,0.810439,
45.8716,16.8504,-0.776923,0.998643,0.152471,0.0137038,-0.0531866,0.715493,-0.940766,-0.351188,0.248001,1.03568,0.16182,-0.289612,126.723,0.810335,
45.8755,16.8504,-0.773793,0.998637,0.152474,0.0137816,-0.0530923,0.715491,-0.939636,-0.347257,0.249113,1.03364,0.161799,-0.289885,126.102,0.81023,
45.8794,16.8504,-0.770663,0.998631,0.152478,0.0138594,-0.052998,0.715489,-0.938507,-0.343327,0.250224,1.0316,0.161778,-0.290158,125.48,0.810125,
45.8833,16.8504,-0.767532,0.998625,0.152481,0.0139372,-0.0529037,0.715487,-0.937377,-0.339397,0.251336,1.02956,0.161757,-0.290432,124.859,0.810021,
45.8872,16.8504,-0.764402,0.998619,0.152485,0.014015,-0.0528093,0.715485,-0.936248,-0.335466,0.252447,1.02752,0.161736,-0.290705,124.237,0.809916,
45.8911,16.8504,-0.761271,0.998614,0.152488,0.0140927,-0.052715,0.715483,-0.935118,-0.331536,0.253559,1.02547,0.161714,-0.290978,123.616,0.809811,
45.895,16.8504,-0.758141,0.998608,0.152492,0.0141705,-0.0526207,0.715481,-0.933989,-0.327606,0.25467,1.02343,0.161693,-0.291251,122.994,0.809706,
45.8989,16.8504,-0.75501,0.998602,0.152495,0.0142483,-0.0525264,0.715479,-0.932859,-0.323675,0.255781,1.02139,0.161672,-0.291524,122.373,0.809602,
45.9028,16.8504,-0.75188,0.998596,0.152499,0.0143261,-0.0524321,0.715477,-0.931729,-0.319745,0.256893,1.01935,0.161651,-0.291798,121.751,0.809497,
45.9067,16.8504,-0.748749,0.99859,0.152502,0.0144039,-0.0523378,0.715475,-0.9306,-0.315814,0.258004,1.01731,0.16163,-0.292071,121.13,0.809392,
45.9107,16.8504,-0.745619,0.998584,0.152506,0.0144816,-0.0522434,0.715473,-0.92947,-0.311884,0.259116,1.01526,0.161609,-0.292344,120.508,0.809288,
45.9146,16.8504,-0.742488,0.998578,0.15251,0.0145594,-0.0521491,0.715472,-0.928341,-0.307954,0.260227,1.01322,0.161587,-0.292617,119.887,0.809183,
45.9185,16.8504,-0.739358,0.998573,0.152515,0.0146365,-0.0520567,0.71547,-0.926413,-0.303303,0.261307,1.01035,0.161569,-0.292863,119.282,0.809093,
45.9224,16.8504,-0.736227,0.998569,0.152526,0.0147116,-0.0519691,0.715468,-0.922393,-0.296765,0.262306,1.00529,0.161559,-0.293035,118.721,0.809041,
45.9263,16.8504,-0.733097,0.998566,0.152537,0.0147867,-0.0518815,0.715466,-0.918373,-0.290226,0.263304,1.00023,0.161548,-0.293208,118.159,0.80899,
45.9302,16.8504,-0.729967,0.998562,0.152548,0.0148618,-0.051794,0.715465,-0.914352,-0.283688,0.264303,0.995177,0.161538,-0.29338,117.598,0.808938,
45.9341,16.8504,-0.726836,0.998558,0.152558,0.014937,-0.0517064,0.715463,-0.910332,-0.277149,0.265301,0.99012,0.161528,-0.293553,117.036,0.808886,
45.938,16.8504,-0.723706,0.998554,0.152569,0.0150121,-0.0516188,0.715461,-0.906311,-0.270611,0.2663,0.985063,0.161517,-0.293725,116.475,0.808835,
45.9419,16.8504,-0.720575,0.998551,0.15258,0.0150872,-0.0515313,0.715459,-0.902291,-0.264073,0.267298,0.980007,0.161507,-0.293898,115.913,0.808783,
45.9458,16.8504,-0.717445,0.998547,0.152591,0.0151623,-0.0514437,0.715458,-0.898271,-0.257534,0.268296,0.97495,0.161496,-0.29407,115.352,0.808732,
45.9497,16.8504,-0.714314,0.998543,0.152602,0.0152375,-0.0513561,0.715456,-0.89425,-0.250996,0.269295,0.969893,0.161486,-0.294243,114.79,0.80868,
45.9536,16.8504,-0.711184,0.99854,0.152613,0.0153126,-0.0512685,0.715454,-0.89023,-0.244457,0.270293,0.964837,0.161475,-0.294415,114.229,0.808628,
45.9575,16.8504,-0.708053,0.998536,0.152623,0.0153877,-0.051181,0.715453,-0.88621,-0.237919,0.271292,0.95978,0.161465,-0.294588,113.667,0.808577,
45.9614,16.8504,-0.704923,0.998532,0.152634,0.0154628,-0.0510934,0.715451,-0.882189,-0.23138,0.27229,0.954723,0.161455,-0.29476,113.106,0.808525,
45.9653,16.8504,-0.701792,0.998528,0.152645,0.015538,-0.0510058,0.715449,-0.878169,-0.224842,0.273288,0.949667,0.161444,-0.294933,112.544,0.808474,
45.9692,16.8504,-0.698662,0.998525,0.152656,0.0156131,-0.0509183,0.715447,-0.874149,-0.218303,0.274287,0.94461,0.161434,-0.295105,111.983,0.808422,
45.9731,16.8504,-0.695531,0.998521,0.152667,0.0156882,-0.0508307,0.715446,-0.870128,-0.211765,0.275285,0.939553,0.161423,-0.295278,111.422,0.80837,
45.977,16.8504,-0.692401,0.998517,0.152677,0.0157633,-0.0507431,0.715444,-0.866108,-0.205226,0.276284,0.934497,0.161413,-0.295451,110.86,0.808319,
45.9809,16.8504,-0.689271,0.998513,0.152688,0.0158385,-0.0506556,0.715442,-0.862087,-0.198688,0.277282,0.92944,0.161403,-0.295623,110.299,0.808267,
45.9849,16.8504,-0.68614,0.99851,0.152699,0.0159136,-0.050568,0.715441,-0.858067,-0.192149,0.278281,0.924383,0.161392,-0.295796,109.737,0.808215,
45.9888,16.8504,-0.68301,0.998506,0.15271,0.0159887,-0.0504804,0.715439,-0.854047,-0.185611,0.279279,0.919327,0.161382,-0.295968,109.176,0.808164,
45.9927,16.8504,-0.679879,0.998501,0.152719,0.0160642,-0.0503919,0.715437,-0.850921,-0.179906,0.280305,0.915157,0.161369,-0.296172,108.599,0.808101,
45.9966,16.8504,-0.676749,0.998497,0.152728,0.0161398,-0.0503032,0.715435,-0.847902,-0.174299,0.281334,0.911092,0.161356,-0.29638,108.02,0.808037,
46.0005,16.8504,-0.673618,0.998493,0.152739,0.0162138,-0.0502169,0.715433,-0.844175,-0.168067,0.282337,0.90644,0.161347,-0.296554,107.457,0.807991,
46.0044,16.8504,-0.670488,0.99849,0.152758,0.0162838,-0.0501365,0.715431,-0.838727,-0.160314,0.283277,0.900358,0.161347,-0.296644,106.935,0.807991,
46.0083,16.8504,-0.667357,0.998488,0.152776,0.0163539,-0.050056,0.715429,-0.833279,-0.152562,0.284216,0.894277,0.161347,-0.296734,106.413,0.80799,
46.0122,16.8504,-0.664227,0.998485,0.152795,0.0164235,-0.0499758,0.715428,-0.827749,-0.14473,0.285154,0.88817,0.161347,-0.29682,105.892,0.807993,
46.0161,16.8504,-0.661096,0.998484,0.152826,0.0164858,-0.0499006,0.715426,-0.820508,-0.135249,0.286045,0.881535,0.16136,-0.296808,105.412,0.808057,
46.02,16.8504,-0.657966,0.998484,0.152857,0.0165481,-0.0498253,0.715424,-0.813267,-0.125769,0.286936,0.8749,0.161373,-0.296796,104.931,0.808121,
46.0239,16.8504,-0.654836,0.998483,0.152888,0.0166104,-0.0497501,0.715422,-0.806026,-0.116289,0.287828,0.868265,0.161386,-0.296784,104.451,0.808185,
46.0278,16.8504,-0.651705,0.998482,0.152919,0.0166727,-0.0496748,0.71542,-0.798785,-0.106809,0.288719,0.861629,0.161399,-0.296773,103.97,0.808249,
46.0317,16.8504,-0.648575,0.998481,0.15295,0.016735,-0.0495995,0.715418,-0.791543,-0.0973283,0.28961,0.854994,0.161412,-0.296761,103.49,0.808313,
46.0356,16.8504,-0.645444,0.99848,0.152981,0.0167973,-0.0495243,0.715417,-0.784302,-0.0878481,0.290502,0.848359,0.161425,-0.296749,103.009,0.808378,
46.0395,16.8504,-0.642314,0.998479,0.153012,0.0168597,-0.049449,0.715415,-0.777061,-0.0783678,0.291393,0.841724,0.161438,-0.296737,102.529,0.808442,
46.0434,16.8504,-0.639183,0.998478,0.153043,0.016922,-0.0493737,0.715413,-0.76982,-0.0688876,0.292284,0.835088,0.161451,-0.296725,102.049,0.808506,
46.0473,16.8504,-0.636053,0.998477,0.153074,0.0169843,-0.0492985,0.715411,-0.762579,-0.0594073,0.293176,0.828453,0.161464,-0.296714,101.568,0.80857,
46.0512,16.8504,-0.632922,0.998477,0.153105,0.0170466,-0.0492232,0.715409,-0.755338,-0.0499271,0.294067,0.821818,0.161477,-0.296702,101.088,0.808634,
46.0551,16.8504,-0.629792,0.998476,0.153136,0.0171089,-0.049148,0.715407,-0.748097,-0.0404469,0.294958,0.815183,0.16149,-0.29669,100.607,0.808698,
46.0591,16.8504,-0.626661,0.998475,0.153167,0.0171712,-0.0490727,0.715405,-0.740856,-0.0309666,0.29585,0.808547,0.161503,-0.296678,100.127,0.808762,
46.063,16.8504,-0.623531,0.998474,0.153197,0.0172335,-0.0489974,0.715403,-0.733615,-0.0214864,0.296741,0.801912,0.161516,-0.296667,99.6464,0.808826,
46.0669,16.8504,-0.6204,0.998473,0.153228,0.0172958,-0.0489222,0.715402,-0.726373,-0.0120061,0.297632,0.795277,0.161528,-0.296655,99.166,0.808891,
46.0708,16.8504,-0.61727,0.998472,0.153259,0.0173581,-0.0488469,0.7154,-0.719132,-0.00252589,0.298524,0.788642,0.161541,-0.296643,98.6856,0.808955,
46.0747,16.8504,-0.61414,0.998471,0.15329,0.0174204,-0.0487717,0.715398,-0.711891,0.00695435,0.299415,0.782007,0.161554,-0.296631,98.2051,0.809019,
46.0786,16.8504,-0.611009,0.99847,0.153321,0.0174827,-0.0486964,0.715396,-0.70465,0.0164346,0.300306,0.775371,0.161567,-0.29662,97.7247,0.809083,
46.0825,16.8504,-0.607879,0.99847,0.153357,0.0175414,-0.0486247,0.715394,-0.697003,0.0262077,0.301172,0.769336,0.161586,-0.296559,97.2608,0.809174,
46.0864,16.8504,-0.604748,0.998472,0.153403,0.0175919,-0.0485612,0.715393,-0.68844,0.0366408,0.301978,0.764651,0.161616,-0.296388,96.8342,0.809327,
46.0903,16.8504,-0.601618,0.998473,0.153449,0.0176425,-0.0484976,0.715391,-0.679877,0.0470738,0.302785,0.759966,0.161647,-0.296218,96.4076,0.809479,
46.0942,16.8504,-0.598487,0.998475,0.153495,0.0176931,-0.0484341,0.715389,-0.671314,0.0575069,0.303592,0.755281,0.161678,-0.296047,95.981,0.809632,
46.0981,16.8504,-0.595357,0.998477,0.153541,0.0177436,-0.0483705,0.715388,-0.662751,0.0679399,0.304399,0.750596,0.161709,-0.295876,95.5543,0.809784,
46.102,16.8504,-0.592226,0.998478,0.153587,0.0177942,-0.048307,0.715386,-0.654188,0.078373,0.305206,0.745911,0.161739,-0.295706,95.1277,0.809937,
46.1059,16.8504,-0.589096,0.99848,0.153633,0.0178447,-0.0482434,0.715385,-0.645625,0.088806,0.306013,0.741225,0.16177,-0.295535,94.7011,0.810089,
46.1098,16.8504,-0.585965,0.998481,0.153679,0.0178953,-0.0481799,0.715383,-0.637063,0.0992391,0.30682,0.73654,0.161801,-0.295364,94.2745,0.810241,
46.1137,16.8504,-0.582835,0.998483,0.153725,0.0179459,-0.0481163,0.715381,-0.6285,0.109672,0.307627,0.731855,0.161832,-0.295194,93.8479,0.810394,
46.1176,16.8504,-0.579704,0.998484,0.153771,0.0179964,-0.0480528,0.71538,-0.619937,0.120105,0.308434,0.72717,0.161862,-0.295023,93.4212,0.810546,
46.1215,16.8504,-0.576574,0.998486,0.153817,0.018047,-0.0479892,0.715378,-0.611374,0.130538,0.30924,0.722485,0.161893,-0.294852,92.9946,0.810699,
46.1254,16.8504,-0.573444,0.998487,0.153863,0.0180976,-0.0479257,0.715377,-0.602811,0.140971,0.310047,0.7178,0.161924,-0.294682,92.568,0.810851,
46.1293,16.8504,-0.570313,0.998489,0.153909,0.0181481,-0.0478621,0.715375,-0.594248,0.151404,0.310854,0.713115,0.161955,-0.294511,92.1414,0.811004,
46.1332,16.8504,-0.567183,0.99849,0.153955,0.0181987,-0.0477986,0.715373,-0.585685,0.161837,0.311661,0.70843,0.161986,-0.29434,91.7148,0.811156,
46.1372,16.8504,-0.564052,0.998492,0.154,0.0182496,-0.0477348,0.715372,-0.577166,0.172238,0.312471,0.703663,0.162016,-0.294175,91.2866,0.811306,
46.1411,16.8504,-0.560922,0.998492,0.154041,0.0183038,-0.0476682,0.71537,-0.569092,0.1823,0.313315,0.698037,0.162041,-0.294063,90.843,0.811432,
46.145,16.8504,-0.557791,0.998493,0.154082,0.018358,-0.0476016,0.715368,-0.561019,0.192363,0.314159,0.692412,0.162067,-0.29395,90.3994,0.811558,
46.1489,16.8504,-0.554661,0.998493,0.154124,0.0184123,-0.047535,0.715366,-0.552946,0.202425,0.315002,0.686787,0.162092,-0.293838,89.9558,0.811684,
46.1528,16.8504,-0.55153,0.998494,0.154165,0.0184665,-0.0474684,0.715364,-0.544873,0.212487,0.315846,0.681162,0.162117,-0.293726,89.5122,0.81181,
46.1567,16.8504,-0.5484,0.998494,0.154206,0.0185208,-0.0474018,0.715362,-0.5368,0.22255,0.31669,0.675537,0.162143,-0.293614,89.0686,0.811936,
46.1606,16.8504,-0.545269,0.998495,0.154247,0.018575,-0.0473352,0.71536,-0.528727,0.232612,0.317534,0.669911,0.162168,-0.293501,88.6249,0.812062,
46.1645,16.8504,-0.542139,0.998496,0.154293,0.0186251,-0.0472724,0.715359,-0.520353,0.242839,0.318339,0.665399,0.162199,-0.293338,88.1978,0.812216,
46.1684,16.8504,-0.539008,0.998499,0.154349,0.0186666,-0.0472175,0.715357,-0.511348,0.25341,0.319062,0.663217,0.162243,-0.293066,87.8051,0.812431,
46.1723,16.8504,-0.535878,0.998501,0.154406,0.0187082,-0.0471627,0.715355,-0.502344,0.263982,0.319786,0.661035,0.162286,-0.292795,87.4124,0.812645,
46.1762,16.8504,-0.532748,0.998504,0.154462,0.0187497,-0.0471079,0.715354,-0.493339,0.274554,0.32051,0.658853,0.162329,-0.292524,87.0197,0.812859,
46.1801,16.8504,-0.529617,0.998507,0.154519,0.0187912,-0.047053,0.715352,-0.484335,0.285125,0.321233,0.65667,0.162372,-0.292252,86.627,0.813074,
46.184,16.8504,-0.526487,0.99851,0.154575,0.0188328,-0.0469982,0.71535,-0.47533,0.295697,0.321957,0.654488,0.162415,-0.291981,86.2344,0.813288,
46.1879,16.8504,-0.523356,0.998512,0.154632,0.0188743,-0.0469433,0.715349,-0.466326,0.306268,0.322681,0.652306,0.162459,-0.291709,85.8417,0.813502,
46.1918,16.8504,-0.520226,0.998515,0.154688,0.0189158,-0.0468885,0.715347,-0.457321,0.31684,0.323404,0.650124,0.162502,-0.291438,85.449,0.813717,
46.1957,16.8504,-0.517095,0.998518,0.154745,0.0189574,-0.0468337,0.715346,-0.448317,0.327411,0.324128,0.647942,0.162545,-0.291167,85.0563,0.813931,
46.1996,16.8504,-0.513965,0.998522,0.154817,0.0189874,-0.0467861,0.715344,-0.43874,0.33831,0.324679,0.649377,0.162603,-0.290767,84.6989,0.814221,
46.2035,16.8504,-0.510834,0.998526,0.15489,0.0190159,-0.0467395,0.715342,-0.429089,0.349252,0.325208,0.651287,0.162664,-0.290351,84.3462,0.81452,
46.2074,16.8504,-0.507704,0.998531,0.154964,0.0190444,-0.0466928,0.71534,-0.419438,0.360194,0.325736,0.653198,0.162724,-0.289935,83.9934,0.81482,
46.2114,16.8504,-0.504573,0.998535,0.155037,0.0190729,-0.0466462,0.715339,-0.409786,0.371136,0.326264,0.655108,0.162785,-0.289519,83.6406,0.81512,
46.2153,16.8504,-0.501443,0.998539,0.155111,0.0191015,-0.0465996,0.715337,-0.400135,0.382078,0.326793,0.657018,0.162845,-0.289103,83.2879,0.815419,
46.2192,16.8504,-0.498313,0.998544,0.155185,0.01913,-0.0465529,0.715335,-0.390484,0.39302,0.327321,0.658928,0.162905,-0.288687,82.9351,0.815719,
46.2231,16.8504,-0.495182,0.998548,0.155258,0.0191585,-0.0465063,0.715334,-0.380832,0.403962,0.32785,0.660838,0.162966,-0.288271,82.5824,0.816019,
46.227,16.8504,-0.492052,0.998552,0.155332,0.019187,-0.0464597,0.715332,-0.371181,0.414904,0.328378,0.662748,0.163026,-0.287855,82.2296,0.816318,
46.2309,16.8504,-0.488921,0.998556,0.155405,0.0192156,-0.0464131,0.71533,-0.36153,0.425846,0.328906,0.664658,0.163086,-0.287439,81.8769,0.816618,
46.2348,16.8504,-0.485791,0.998561,0.155479,0.0192441,-0.0463664,0.715329,-0.351878,0.436788,0.329435,0.666568,0.163147,-0.287023,81.5241,0.816917,
46.2387,16.8504,-0.48266,0.998565,0.155552,0.0192726,-0.0463198,0.715327,-0.342227,0.44773,0.329963,0.668478,0.163207,-0.286607,81.1714,0.817217,
46.2426,16.8504,-0.47953,0.998569,0.155626,0.0193011,-0.0462732,0.715325,-0.332576,0.458672,0.330491,0.670388,0.163268,-0.286191,80.8186,0.817517,
46.2465,16.8504,-0.476399,0.998574,0.155705,0.0193247,-0.0462306,0.715324,-0.322939,0.469399,0.330946,0.673696,0.163334,-0.285722,80.4804,0.817845,
46.2504,16.8504,-0.473269,0.99858,0.155794,0.0193385,-0.0461958,0.715322,-0.313332,0.479706,0.331255,0.679732,0.163411,-0.285147,80.1706,0.818229,
46.2543,16.8504,-0.470138,0.998587,0.155883,0.0193524,-0.0461609,0.715321,-0.303725,0.490014,0.331565,0.685768,0.163488,-0.284573,79.8607,0.818612,
46.2582,16.8504,-0.467008,0.998593,0.155972,0.0193662,-0.0461261,0.71532,-0.294117,0.500321,0.331875,0.691805,0.163566,-0.283999,79.5509,0.818996,
46.2621,16.8504,-0.463877,0.998599,0.156061,0.0193801,-0.0460913,0.715318,-0.28451,0.510629,0.332184,0.697841,0.163643,-0.283425,79.2411,0.81938,
46.266,16.8504,-0.460747,0.998605,0.15615,0.0193939,-0.0460565,0.715317,-0.274903,0.520936,0.332494,0.703877,0.16372,-0.282851,78.9312,0.819764,
46.2699,16.8504,-0.457617,0.998611,0.156239,0.0194078,-0.0460217,0.715315,-0.265295,0.531244,0.332804,0.709913,0.163798,-0.282276,78.6214,0.820148,
46.2738,16.8504,-0.454486,0.998617,0.156328,0.0194216,-0.0459869,0.715314,-0.255688,0.541551,0.333113,0.715949,0.163875,-0.281702,78.3116,0.820531,
46.2777,16.8504,-0.451356,0.998623,0.156417,0.0194355,-0.0459521,0.715313,-0.246081,0.551859,0.333423,0.721985,0.163952,-0.281128,78.0017,0.820915,
46.2816,16.8504,-0.448225,0.99863,0.156506,0.0194493,-0.0459172,0.715311,-0.236474,0.562166,0.333732,0.728021,0.16403,-0.280554,77.6919,0.821299,
46.2855,16.8504,-0.445095,0.998635,0.156594,0.0194645,-0.0458815,0.71531,-0.226869,0.572531,0.334066,0.733675,0.164105,-0.279997,77.3782,0.821675,
46.2895,16.8504,-0.441964,0.998641,0.156678,0.0194833,-0.0458434,0.715308,-0.217271,0.583038,0.334458,0.738362,0.164177,-0.279483,77.0547,0.822033,
46.2934,16.8504,-0.438834,0.998646,0.156762,0.019502,-0.0458052,0.715306,-0.207673,0.593546,0.334851,0.743048,0.164249,-0.27897,76.7313,0.82239,
46.2973,16.8504,-0.435703,0.998651,0.156845,0.0195207,-0.0457671,0.715305,-0.198075,0.604054,0.335244,0.747735,0.164321,-0.278456,76.4078,0.822748,
46.3012,16.8504,-0.432573,0.998657,0.156929,0.0195394,-0.045729,0.715303,-0.188476,0.614562,0.335637,0.752421,0.164393,-0.277943,76.0843,0.823105,
46.3051,16.8504,-0.429442,0.998662,0.157013,0.0195581,-0.0456909,0.715301,-0.178878,0.62507,0.336029,0.757108,0.164466,-0.27743,75.7608,0.823463,
46.309,16.8504,-0.426312,0.998667,0.157097,0.0195768,-0.0456527,0.7153,-0.16928,0.635577,0.336422,0.761794,0.164538,-0.276916,75.4374,0.82382,
46.3129,16.8504,-0.423182,0.998672,0.157181,0.0195955,-0.0456146,0.715298,-0.159682,0.646085,0.336815,0.76648,0.16461,-0.276403,75.1139,0.824177,
46.3168,16.8504,-0.420051,0.998678,0.157264,0.0196142,-0.0455765,0.715296,-0.150084,0.656593,0.337208,0.771167,0.164682,-0.275889,74.7904,0.824535,
46.3207,16.8504,-0.416921,0.998683,0.157348,0.0196329,-0.0455383,0.715294,-0.140486,0.667101,0.3376,0.775853,0.164754,-0.275376,74.467,0.824892,
46.3246,16.8504,-0.41379,0.998688,0.157432,0.0196516,-0.0455002,0.715293,-0.130888,0.677609,0.337993,0.78054,0.164826,-0.274863,74.1435,0.82525,
46.3285,16.8504,-0.41066,0.998694,0.157521,0.0196653,-0.045466,0.715291,-0.121391,0.687802,0.338315,0.786215,0.164903,-0.274297,73.8335,0.825634,
46.3324,16.8504,-0.407529,0.998701,0.157619,0.0196697,-0.0454388,0.71529,-0.11208,0.697423,0.338509,0.793691,0.16499,-0.273637,73.5479,0.826069,
46.3363,16.8504,-0.404399,0.998708,0.157717,0.0196741,-0.0454116,0.715288,-0.102768,0.707044,0.338703,0.801167,0.165078,-0.272977,73.2624,0.826503,
46.3402,16.8504,-0.401268,0.998715,0.157816,0.0196785,-0.0453844,0.715287,-0.0934568,0.716664,0.338896,0.808643,0.165165,-0.272317,72.9769,0.826937,
46.3441,16.8504,-0.398138,0.998721,0.157914,0.0196829,-0.0453572,0.715286,-0.0841453,0.726285,0.33909,0.816119,0.165253,-0.271657,72.6913,0.827371,
46.348,16.8504,-0.395007,0.998728,0.158012,0.0196872,-0.04533,0.715284,-0.0748338,0.735906,0.339283,0.823595,0.16534,-0.270997,72.4058,0.827805,
46.3519,16.8504,-0.391877,0.998735,0.15811,0.0196916,-0.0453028,0.715283,-0.0655223,0.745527,0.339477,0.83107,0.165428,-0.270337,72.1203,0.828239,
46.3558,16.8504,-0.388746,0.998742,0.158208,0.019696,-0.0452757,0.715281,-0.0562108,0.755148,0.339671,0.838546,0.165515,-0.269677,71.8347,0.828674,
46.3597,16.8504,-0.385616,0.998749,0.158306,0.0197004,-0.0452485,0.71528,-0.0468993,0.764768,0.339864,0.846022,0.165603,-0.269017,71.5492,0.829108,
46.3637,16.8504,-0.382486,0.998756,0.158404,0.0197048,-0.0452213,0.715279,-0.0375879,0.774389,0.340058,0.853498,0.16569,-0.268358,71.2637,0.829542,
46.3676,16.8504,-0.379355,0.998762,0.158503,0.0197092,-0.0451941,0.715277,-0.0282764,0.78401,0.340251,0.860974,0.165778,-0.267698,70.9781,0.829976,
46.3715,16.8504,-0.376225,0.998769,0.158601,0.0197136,-0.0451669,0.715276,-0.0189649,0.793631,0.340445,0.86845,0.165865,-0.267038,70.6926,0.83041,
46.3754,16.8504,-0.373094,0.998776,0.158699,0.019718,-0.0451397,0.715274,-0.0096534,0.803252,0.340639,0.875926,0.165952,-0.266378,70.4071,0.830845,
46.3793,16.8504,-0.369964,0.998783,0.158797,0.0197224,-0.0451125,0.715273,-0.000341909,0.812873,0.340832,0.883402,0.16604,-0.265718,70.1215,0.831279,
46.3832,16.8504,-0.366833,0.998791,0.158907,0.0197169,-0.045091,0.715272,0.00870071,0.821894,0.340861,0.89167,0.166139,-0.264954,69.856,0.831769,
46.3871,16.8504,-0.363703,0.998799,0.15902,0.0197076,-0.0450715,0.71527,0.01764,0.830686,0.340827,0.900244,0.166242,-0.264151,69.5982,0.832281,
46.391,16.8504,-0.360572,0.998807,0.159134,0.0196983,-0.0450521,0.715269,0.0265792,0.839477,0.340793,0.908817,0.166345,-0.263348,69.3403,0.832792,
46.3949,16.8504,-0.357442,0.998815,0.159248,0.019689,-0.0450327,0.715267,0.0355185,0.848269,0.340759,0.91739,0.166448,-0.262544,69.0825,0.833304,
46.3988,16.8504,-0.354311,0.998823,0.159362,0.0196797,-0.0450133,0.715266,0.0444578,0.85706,0.340725,0.925964,0.166551,-0.261741,68.8246,0.833816,
46.4027,16.8504,-0.351181,0.998831,0.159475,0.0196704,-0.0449939,0.715264,0.053397,0.865852,0.340691,0.934537,0.166654,-0.260938,68.5668,0.834328,
46.4066,16.8504,-0.34805,0.998839,0.159589,0.0196611,-0.0449745,0.715263,0.0623363,0.874643,0.340657,0.943111,0.166757,-0.260135,68.3089,0.834839,
46.4105,16.8504,-0.34492,0.998847,0.159707,0.0196471,-0.0449583,0.715262,0.0709459,0.882882,0.340537,0.951533,0.166864,-0.259288,68.0602,0.835372,
46.4144,16.8504,-0.34179,0.998856,0.159831,0.019625,-0.0449477,0.71526,0.0789942,0.890182,0.340272,0.959698,0.166979,-0.258368,67.827,0.835941,
46.4183,16.8504,-0.338659,0.998865,0.159956,0.0196029,-0.0449371,0.715259,0.0870426,0.897482,0.340006,0.967863,0.167093,-0.257447,67.5938,0.836509,
46.4222,16.8504,-0.335529,0.998874,0.16008,0.0195808,-0.0449265,0.715258,0.095091,0.904781,0.339741,0.976028,0.167208,-0.256527,67.3606,0.837078,
46.4261,16.8504,-0.332398,0.998883,0.160205,0.0195587,-0.0449159,0.715257,0.103139,0.912081,0.339476,0.984192,0.167322,-0.255606,67.1274,0.837647,
46.43,16.8504,-0.329268,0.998892,0.160329,0.0195366,-0.0449053,0.715256,0.111188,0.919381,0.33921,0.992357,0.167437,-0.254686,66.8942,0.838215,
46.4339,16.8504,-0.326137,0.998901,0.160452,0.0195166,-0.0448936,0.715254,0.11938,0.926931,0.338992,1.00063,0.167549,-0.253788,66.6575,0.838775,
46.4379,16.8504,-0.323007,0.998909,0.160573,0.0194988,-0.0448805,0.715253,0.12773,0.934758,0.338824,1.00902,0.16766,-0.252916,66.4169,0.839326,
46.4418,16.8504,-0.319876,0.998917,0.160694,0.019481,-0.0448675,0.715251,0.13608,0.942584,0.338657,1.01741,0.167771,-0.252044,66.1763,0.839877,
46.4457,16.8504,-0.316746,0.998926,0.160814,0.0194632,-0.0448545,0.71525,0.144431,0.95041,0.33849,1.0258,0.167882,-0.251172,65.9357,0.840428,
46.4496,16.8504,-0.313615,0.998934,0.160935,0.0194454,-0.0448414,0.715248,0.152781,0.958237,0.338322,1.0342,0.167993,-0.250299,65.6951,0.840979,
46.4535,16.8504,-0.310485,0.998943,0.161056,0.0194276,-0.0448284,0.715247,0.161131,0.966063,0.338155,1.04259,0.168104,-0.249427,65.4544,0.841529,
46.4574,16.8504,-0.307355,0.998951,0.161177,0.0194098,-0.0448153,0.715245,0.169481,0.97389,0.337987,1.05098,0.168215,-0.248555,65.2138,0.84208,
46.4613,16.8504,-0.304224,0.998959,0.161298,0.0193921,-0.0448023,0.715244,0.177832,0.981716,0.33782,1.05937,0.168326,-0.247682,64.9732,0.842631,
46.4652,16.8504,-0.301094,0.998968,0.161419,0.0193743,-0.0447892,0.715243,0.186182,0.989542,0.337653,1.06776,0.168437,-0.24681,64.7326,0.843182,
46.4691,16.8504,-0.297963,0.998976,0.161539,0.0193565,-0.0447762,0.715241,0.194532,0.997369,0.337485,1.07615,0.168548,-0.245938,64.492,0.843733,
46.473,16.8504,-0.294833,0.998985,0.16166,0.0193387,-0.0447632,0.71524,0.202882,1.0052,0.337318,1.08455,0.168659,-0.245065,64.2514,0.844283,
46.4769,16.8504,-0.291702,0.998993,0.161781,0.0193209,-0.0447501,0.715238,0.211233,1.01302,0.337151,1.09294,0.168769,-0.244193,64.0108,0.844834,
46.4808,16.8504,-0.288572,0.999001,0.161902,0.0193031,-0.0447371,0.715237,0.219583,1.02085,0.336983,1.10133,0.16888,-0.243321,63.7702,0.845385,
46.4847,16.8504,-0.285441,0.99901,0.162023,0.0192853,-0.044724,0.715235,0.227933,1.02867,0.336816,1.10972,0.168991,-0.242449,63.5296,0.845936,
46.4886,16.8504,-0.282311,0.999018,0.162144,0.0192675,-0.044711,0.715234,0.236283,1.0365,0.336649,1.11811,0.169102,-0.241576,63.289,0.846487,
46.4925,16.8504,-0.27918,0.999027,0.162268,0.0192452,-0.0447009,0.715232,0.24426,1.04373,0.336397,1.12616,0.169217,-0.240665,63.0562,0.847056,
46.4964,16.8504,-0.27605,0.999036,0.162398,0.0192156,-0.0446955,0.715231,0.251643,1.05002,0.33601,1.13364,0.169337,-0.23969,62.8358,0.847654,
46.5003,16.8504,-0.272919,0.999045,0.162528,0.019186,-0.0446902,0.71523,0.259026,1.05631,0.335623,1.14113,0.169458,-0.238716,62.6155,0.848252,
46.5042,16.8504,-0.269789,0.999055,0.162657,0.0191565,-0.0446848,0.715229,0.266408,1.06259,0.335237,1.14862,0.169578,-0.237742,62.3952,0.848851,
46.5081,16.8504,-0.266659,0.999064,0.162787,0.0191269,-0.0446795,0.715227,0.273791,1.06888,0.33485,1.15611,0.169699,-0.236768,62.1748,0.849449,
46.5121,16.8504,-0.263528,0.999073,0.162917,0.0190973,-0.0446741,0.715226,0.281173,1.07517,0.334463,1.16359,0.169819,-0.235793,61.9545,0.850047,
46.516,16.8504,-0.260398,0.999082,0.163047,0.0190678,-0.0446688,0.715225,0.288556,1.08145,0.334077,1.17108,0.169939,-0.234819,61.7341,0.850645,
46.5199,16.8504,-0.257267,0.999091,0.163177,0.0190382,-0.0446634,0.715224,0.295939,1.08774,0.33369,1.17857,0.17006,-0.233845,61.5138,0.851244,
46.5238,16.8504,-0.254137,0.999101,0.163306,0.0190086,-0.044658,0.715222,0.303321,1.09403,0.333303,1.18606,0.17018,-0.232871,61.2935,0.851842,
46.5277,16.8504,-0.251006,0.99911,0.163436,0.0189791,-0.0446527,0.715221,0.310704,1.10031,0.332917,1.19354,0.170301,-0.231896,61.0731,0.85244,
46.5316,16.8504,-0.247876,0.999119,0.163566,0.0189495,-0.0446473,0.71522,0.318086,1.1066,0.33253,1.20103,0.170421,-0.230922,60.8528,0.853038,
46.5355,16.8504,-0.244745,0.999128,0.163696,0.0189199,-0.044642,0.715219,0.325469,1.11289,0.332143,1.20852,0.170542,-0.229948,60.6325,0.853637,
46.5394,16.8504,-0.241615,0.999138,0.163826,0.0188903,-0.0446366,0.715218,0.332852,1.11917,0.331757,1.21601,0.170662,-0.228974,60.4121,0.854235,
46.5433,16.8504,-0.238484,0.999147,0.163955,0.0188608,-0.0446313,0.715216,0.340234,1.12546,0.33137,1.2235,0.170783,-0.227999,60.1918,0.854833,
46.5472,16.8504,-0.235354,0.999156,0.164085,0.0188312,-0.0446259,0.715215,0.347617,1.13175,0.330983,1.23098,0.170903,-0.227025,59.9714,0.855431,
46.5511,16.8504,-0.232223,0.999165,0.164215,0.0188016,-0.0446205,0.715214,0.354999,1.13803,0.330597,1.23847,0.171023,-0.226051,59.7511,0.85603,
46.555,16.8504,-0.229093,0.999174,0.164345,0.0187721,-0.0446152,0.715213,0.362382,1.14432,0.33021,1.24596,0.171144,-0.225077,59.5308,0.856628,
46.5589,16.8504,-0.225963,0.999184,0.164475,0.0187425,-0.0446098,0.715211,0.369765,1.15061,0.329823,1.25345,0.171264,-0.224102,59.3104,0.857226,
46.5628,16.8504,-0.222832,0.999193,0.164604,0.0187129,-0.0446045,0.71521,0.377147,1.1569,0.329437,1.26093,0.171385,-0.223128,59.0901,0.857824,
46.5667,16.8504,-0.219702,0.999202,0.16474,0.0186771,-0.044602,0.715209,0.38399,1.16234,0.328911,1.2677,0.171511,-0.222092,58.8776,0.858452,
46.5706,16.8504,-0.216571,0.999212,0.16488,0.0186365,-0.0446018,0.715208,0.390411,1.16712,0.328277,1.2739,0.171642,-0.221008,58.6714,0.859102,
46.5745,16.8504,-0.213441,0.999222,0.165021,0.0185923,-0.0446035,0.715206,0.396354,1.17123,0.327573,1.27942,0.171775,-0.2199,58.4695,0.85976,
46.5784,16.8504,-0.21031,0.999232,0.165165,0.018543,-0.0446082,0.715205,0.401585,1.17433,0.326762,1.28393,0.17191,-0.218756,58.2743,0.860432,
46.5823,16.8504,-0.20718,0.999242,0.165308,0.0184956,-0.0446121,0.715204,0.407103,1.17785,0.326004,1.28887,0.172044,-0.21763,58.0771,0.8611,
46.5862,16.8504,-0.204049,0.999252,0.165451,0.0184491,-0.0446156,0.715203,0.412763,1.18158,0.325271,1.29403,0.172178,-0.216514,57.879,0.861766,
46.5902,16.8504,-0.200919,0.999262,0.165594,0.0184026,-0.0446191,0.715201,0.418422,1.1853,0.324538,1.29918,0.172312,-0.215397,57.6808,0.862432,
46.5941,16.8504,-0.197788,0.999272,0.165736,0.0183562,-0.0446226,0.7152,0.424082,1.18903,0.323806,1.30434,0.172447,-0.214281,57.4826,0.863098,
46.598,16.8504,-0.194658,0.999281,0.165879,0.0183097,-0.0446262,0.715199,0.429742,1.19276,0.323073,1.30949,0.172581,-0.213165,57.2844,0.863764,
46.6019,16.8504,-0.191527,0.999291,0.166021,0.0182632,-0.0446297,0.715197,0.435401,1.19648,0.32234,1.31465,0.172715,-0.212048,57.0862,0.864431,
46.6058,16.8504,-0.188397,0.999301,0.166164,0.0182167,-0.0446332,0.715196,0.441061,1.20021,0.321608,1.31981,0.172849,-0.210932,56.8881,0.865097,
46.6097,16.8504,-0.185267,0.999311,0.166307,0.0181703,-0.0446367,0.715195,0.44672,1.20393,0.320875,1.32496,0.172983,-0.209816,56.6899,0.865763,
46.6136,16.8504,-0.182136,0.999321,0.166449,0.0181238,-0.0446402,0.715193,0.45238,1.20766,0.320142,1.33012,0.173117,-0.208699,56.4917,0.866429,
46.6175,16.8504,-0.179006,0.99933,0.166592,0.0180773,-0.0446437,0.715192,0.458039,1.21139,0.31941,1.33527,0.173251,-0.207583,56.2935,0.867095,
46.6214,16.8504,-0.175875,0.99934,0.166735,0.0180309,-0.0446472,0.715191,0.463699,1.21511,0.318677,1.34043,0.173385,-0.206466,56.0953,0.867761,
46.6253,16.8504,-0.172745,0.99935,0.166877,0.0179844,-0.0446507,0.715189,0.469359,1.21884,0.317944,1.34559,0.17352,-0.20535,55.8972,0.868427,
46.6292,16.8504,-0.169614,0.99936,0.16702,0.0179379,-0.0446543,0.715188,0.475018,1.22257,0.317211,1.35074,0.173654,-0.204234,55.699,0.869093,
46.6331,16.8504,-0.166484,0.99937,0.167163,0.0178914,-0.0446578,0.715187,0.480678,1.22629,0.316479,1.3559,0.173788,-0.203117,55.5008,0.86976,
46.637,16.8504,-0.163353,0.999379,0.167305,0.017845,-0.0446613,0.715185,0.486337,1.23002,0.315746,1.36106,0.173922,-0.202001,55.3026,0.870426,
46.6409,16.8504,-0.160223,0.999389,0.167448,0.0177985,-0.0446648,0.715184,0.491997,1.23374,0.315013,1.36621,0.174056,-0.200885,55.1045,0.871092,
46.6448,16.8504,-0.157092,0.999399,0.167591,0.017752,-0.0446683,0.715183,0.497657,1.23747,0.314281,1.37137,0.17419,-0.199768,54.9063,0.871758,
46.6487,16.8504,-0.153962,0.999409,0.167733,0.0177055,-0.0446718,0.715181,0.503316,1.2412,0.313548,1.37652,0.174324,-0.198652,54.7081,0.872424,
46.6526,16.8504,-0.150832,0.999418,0.167876,0.0176591,-0.0446753,0.71518,0.508976,1.24492,0.312815,1.38168,0.174458,-0.197536,54.5099,0.87309,
46.6565,16.8504,-0.147701,0.999428,0.16802,0.0176095,-0.0446805,0.715179,0.514146,1.24798,0.312015,1.38612,0.174594,-0.1964,54.3154,0.873762,
46.6604,16.8504,-0.144571,0.999438,0.168164,0.0175556,-0.0446879,0.715178,0.518634,1.2501,0.31112,1.38958,0.17473,-0.195238,54.1261,0.874441,
46.6644,16.8504,-0.14144,0.999448,0.168309,0.0175016,-0.0446953,0.715177,0.523121,1.25223,0.310225,1.39303,0.174867,-0.194077,53.9368,0.875121,
46.6683,16.8504,-0.13831,0.999458,0.168454,0.0174477,-0.0447026,0.715175,0.527609,1.25435,0.309331,1.39649,0.175004,-0.192915,53.7475,0.8758,
46.6722,16.8504,-0.135179,0.999468,0.168599,0.0173938,-0.04471,0.715174,0.532097,1.25648,0.308436,1.39994,0.175141,-0.191753,53.5582,0.87648,
46.6761,16.8504,-0.132049,0.999478,0.168744,0.0173398,-0.0447174,0.715173,0.536584,1.2586,0.307541,1.40339,0.175277,-0.190591,53.3688,0.877159,
46.68,16.8504,-0.128918,0.999488,0.168889,0.0172859,-0.0447248,0.715172,0.541072,1.26072,0.306647,1.40685,0.175414,-0.18943,53.1795,0.877838,
46.6839,16.8504,-0.125788,0.999498,0.169033,0.017232,-0.0447322,0.715171,0.54556,1.26285,0.305752,1.4103,0.175551,-0.188268,52.9902,0.878518,
46.6878,16.8504,-0.122657,0.999508,0.169178,0.017178,-0.0447396,0.71517,0.550047,1.26497,0.304857,1.41375,0.175688,-0.187106,52.8009,0.879197,
46.6917,16.8504,-0.119527,0.999518,0.169323,0.0171241,-0.044747,0.715169,0.554535,1.26709,0.303963,1.41721,0.175825,-0.185944,52.6116,0.879877,
46.6956,16.8504,-0.116396,0.999528,0.169468,0.0170702,-0.0447544,0.715167,0.559023,1.26922,0.303068,1.42066,0.175961,-0.184782,52.4222,0.880556,
46.6995,16.8504,-0.113266,0.999538,0.169613,0.0170162,-0.0447618,0.715166,0.56351,1.27134,0.302173,1.42411,0.176098,-0.183621,52.2329,0.881236,
46.7034,16.8504,-0.110136,0.999548,0.169757,0.0169623,-0.0447692,0.715165,0.567998,1.27346,0.301278,1.42757,0.176235,-0.182459,52.0436,0.881915,
46.7073,16.8504,-0.107005,0.999558,0.169902,0.0169084,-0.0447766,0.715164,0.572485,1.27559,0.300384,1.43102,0.176372,-0.181297,51.8543,0.882594,
46.7112,16.8504,-0.103875,0.999568,0.170047,0.0168544,-0.044784,0.715163,0.576973,1.27771,0.299489,1.43447,0.176508,-0.180135,51.665,0.883274,
46.7151,16.8504,-0.100744,0.999578,0.170192,0.0168005,-0.0447914,0.715162,0.581461,1.27984,0.298594,1.43793,0.176645,-0.178974,51.4756,0.883953,
46.719,16.8504,-0.0976137,0.999588,0.170337,0.0167466,-0.0447988,0.715161,0.585948,1.28196,0.2977,1.44138,0.176782,-0.177812,51.2863,0.884633,
46.7229,16.8504,-0.0944832,0.999598,0.170482,0.0166926,-0.0448062,0.71516,0.590436,1.28408,0.296805,1.44483,0.176919,-0.17665,51.097,0.885312,
46.7268,16.8504,-0.0913528,0.999608,0.170626,0.0166387,-0.0448136,0.715158,0.594924,1.28621,0.29591,1.44829,0.177056,-0.175488,50.9077,0.885992,
46.7307,16.8504,-0.0882223,0.999618,0.170771,0.0165869,-0.0448203,0.715157,0.599781,1.28885,0.295078,1.45231,0.177192,-0.174346,50.7164,0.886669,
46.7346,16.8504,-0.0850919,0.999628,0.170915,0.0165354,-0.0448268,0.715156,0.604697,1.29158,0.294256,1.45641,0.177328,-0.173206,50.5248,0.887345,
46.7385,16.8504,-0.0819614,0.999637,0.17106,0.0164812,-0.0448347,0.715154,0.609118,1.29365,0.293369,1.4598,0.177465,-0.172053,50.3362,0.888025,
46.7425,16.8504,-0.0788309,0.999647,0.171205,0.0164234,-0.0448442,0.715153,0.612893,1.29486,0.292399,1.46223,0.177602,-0.170882,50.1518,0.888707,
46.7464,16.8504,-0.0757005,0.999657,0.17135,0.0163657,-0.0448537,0.715152,0.616669,1.29607,0.291428,1.46466,0.17774,-0.169711,49.9673,0.889389,
46.7503,16.8504,-0.07257,0.999667,0.171495,0.0163056,-0.0448636,0.715151,0.619979,1.29663,0.290377,1.46634,0.177878,-0.168524,49.7851,0.890076,
46.7542,16.8504,-0.0694396,0.999676,0.171642,0.0162421,-0.0448741,0.715149,0.622589,1.29622,0.289205,1.46691,0.178017,-0.167311,49.6063,0.890769,
46.7581,16.8504,-0.0663091,0.999686,0.171788,0.0161785,-0.0448846,0.715148,0.625199,1.29581,0.288033,1.46747,0.178157,-0.166099,49.4275,0.891461,
46.762,16.8504,-0.0631787,0.999696,0.171935,0.016115,-0.0448951,0.715147,0.627809,1.29539,0.286861,1.46804,0.178296,-0.164886,49.2487,0.892154,
46.7659,16.8504,-0.0600482,0.999705,0.172081,0.0160515,-0.0449055,0.715146,0.630419,1.29498,0.285689,1.46861,0.178436,-0.163674,49.0699,0.892847,
46.7698,16.8504,-0.0569177,0.999715,0.172228,0.015988,-0.044916,0.715144,0.633029,1.29457,0.284516,1.46917,0.178575,-0.162461,48.8911,0.893539,
46.7737,16.8504,-0.0537873,0.999725,0.172374,0.0159245,-0.0449265,0.715143,0.635639,1.29415,0.283344,1.46974,0.178715,-0.161249,48.7122,0.894232,
46.7776,16.8504,-0.0506568,0.999734,0.172521,0.015861,-0.044937,0.715142,0.638249,1.29374,0.282172,1.47031,0.178854,-0.160036,48.5334,0.894925,
46.7815,16.8504,-0.0475264,0.999744,0.172668,0.0157974,-0.0449474,0.715141,0.640859,1.29333,0.281,1.47087,0.178994,-0.158824,48.3546,0.895618,
46.7854,16.8504,-0.0443959,0.999754,0.172814,0.0157339,-0.0449579,0.715139,0.643469,1.29291,0.279828,1.47144,0.179133,-0.157611,48.1758,0.89631,
46.7893,16.8504,-0.0412654,0.999763,0.172961,0.0156704,-0.0449684,0.715138,0.646079,1.2925,0.278656,1.472,0.179273,-0.156399,47.997,0.897003,
46.7932,16.8504,-0.038135,0.999773,0.173107,0.0156069,-0.0449789,0.715137,0.648689,1.29209,0.277484,1.47257,0.179412,-0.155186,47.8182,0.897696,
46.7971,16.8504,-0.0350045,0.999783,0.173254,0.0155434,-0.0449893,0.715136,0.651299,1.29167,0.276312,1.47314,0.179552,-0.153974,47.6394,0.898388,
46.801,16.8504,-0.0318741,0.999792,0.1734,0.0154799,-0.0449998,0.715134,0.653908,1.29126,0.27514,1.4737,0.179691,-0.152761,47.4606,0.899081,
46.8049,16.8504,-0.0287436,0.999802,0.173547,0.0154163,-0.0450103,0.715133,0.656518,1.29084,0.273967,1.47427,0.17983,-0.151549,47.2818,0.899774,
46.8088,16.8504,-0.0256131,0.999812,0.173693,0.0153528,-0.0450208,0.715132,0.659128,1.29043,0.272795,1.47483,0.17997,-0.150336,47.103,0.900466,
46.8127,16.8504,-0.0224827,0.999821,0.17384,0.0152893,-0.0450312,0.715131,0.661738,1.29002,0.271623,1.4754,0.180109,-0.149124,46.9242,0.901159,
46.8167,16.8504,-0.0193522,0.999831,0.173986,0.0152258,-0.0450417,0.715129,0.664348,1.2896,0.270451,1.47597,0.180249,-0.147911,46.7454,0.901852,
46.8206,16.8504,-0.0162218,0.99984,0.174131,0.0151609,-0.0450525,0.715128,0.666487,1.2886,0.269231,1.47584,0.180387,-0.146704,46.5686,0.902537,
46.8245,16.8504,-0.0130913,0.99985,0.174274,0.0150944,-0.0450636,0.715127,0.668046,1.28689,0.267952,1.47485,0.180523,-0.145504,46.3943,0.903212,
46.8284,16.8504,-0.00996084,0.999859,0.174416,0.0150279,-0.0450747,0.715126,0.669605,1.28517,0.266674,1.47386,0.180659,-0.144304,46.22,0.903887,
46.8323,16.8504,-0.00683038,0.999868,0.174559,0.0149615,-0.0450858,0.715125,0.671164,1.28345,0.265395,1.47288,0.180795,-0.143103,46.0457,0.904562,
46.8362,16.8504,-0.00369992,0.999878,0.174701,0.014895,-0.0450968,0.715124,0.672723,1.28173,0.264116,1.47189,0.180931,-0.141903,45.8714,0.905238,
46.8401,16.8504,-0.000569457,0.999887,0.174844,0.0148285,-0.0451079,0.715123,0.674282,1.28001,0.262838,1.47091,0.181067,-0.140703,45.6971,0.905913,
46.844,16.8504,0.002561,0.999896,0.174987,0.014762,-0.045119,0.715121,0.675842,1.27829,0.261559,1.46992,0.181203,-0.139502,45.5228,0.906588,
46.8479,16.8504,0.00569146,0.999906,0.175129,0.0146955,-0.0451301,0.71512,0.677401,1.27657,0.26028,1.46893,0.181338,-0.138302,45.3485,0.907263,
46.8518,16.8504,0.00882192,0.999915,0.175272,0.014629,-0.0451412,0.715119,0.67896,1.27485,0.259001,1.46795,0.181474,-0.137102,45.1742,0.907939,
46.8557,16.8504,0.0119524,0.999924,0.175414,0.0145625,-0.0451523,0.715118,0.680519,1.27313,0.257723,1.46696,0.18161,-0.135901,44.9999,0.908614,
46.8596,16.8504,0.0150828,0.999934,0.175557,0.014496,-0.0451634,0.715117,0.682078,1.27141,0.256444,1.46598,0.181746,-0.134701,44.8256,0.909289,
46.8635,16.8504,0.0182133,0.999943,0.175699,0.0144295,-0.0451745,0.715116,0.683637,1.26969,0.255165,1.46499,0.181882,-0.133501,44.6513,0.909964,
46.8674,16.8504,0.0213438,0.999952,0.175842,0.014363,-0.0451856,0.715115,0.685196,1.26797,0.253886,1.464,0.182018,-0.1323,44.477,0.910639,
46.8713,16.8504,0.0244742,0.999962,0.175985,0.0142966,-0.0451967,0.715114,0.686755,1.26626,0.252608,1.46302,0.182154,-0.1311,44.3027,0.911315,
46.8752,16.8504,0.0276047,0.999971,0.176127,0.0142301,-0.0452078,0.715113,0.688338,1.26457,0.251332,1.46207,0.18229,-0.1299,44.1284,0.91199,
46.8791,16.8504,0.0307351,0.99998,0.176272,0.0141645,-0.0452192,0.715111,0.690292,1.26336,0.250105,1.46169,0.182428,-0.128699,43.953,0.912675,
46.883,16.8504,0.0338656,0.99999,0.176416,0.0140988,-0.0452306,0.71511,0.692247,1.26216,0.248877,1.46132,0.182566,-0.127499,43.7777,0.913359,
46.8869,16.8504,0.0369961,0.999999,0.17656,0.0140331,-0.045242,0.715109,0.694202,1.26095,0.24765,1.46094,0.182703,-0.126298,43.6024,0.914043,
46.8909,16.8504,0.0401265,1.00001,0.176705,0.0139675,-0.0452534,0.715107,0.696156,1.25975,0.246422,1.46056,0.182841,-0.125098,43.427,0.914727,
46.8948,16.8504,0.043257,1.00002,0.176849,0.0139018,-0.0452648,0.715106,0.698111,1.25854,0.245195,1.46019,0.182979,-0.123897,43.2517,0.915411,
46.8987,16.8504,0.0463874,1.00003,0.176994,0.0138361,-0.0452762,0.715105,0.700065,1.25733,0.243968,1.45981,0.183117,-0.122697,43.0764,0.916096,
46.9026,16.8504,0.0495179,1.00004,0.177136,0.0137695,-0.0452876,0.715103,0.701565,1.25558,0.242698,1.45877,0.183252,-0.121507,42.903,0.916769,
46.9065,16.8504,0.0526484,1.00004,0.177275,0.0137018,-0.045299,0.715102,0.702541,1.25319,0.241378,1.45696,0.183386,-0.12033,42.7317,0.917431,
46.9104,16.8504,0.0557788,1.00005,0.177415,0.0136341,-0.0453104,0.715101,0.703516,1.2508,0.240059,1.45516,0.183519,-0.119152,42.5605,0.918092,
46.9143,16.8504,0.0589093,1.00006,0.177554,0.0135664,-0.0453218,0.7151,0.704491,1.24841,0.23874,1.45335,0.183652,-0.117975,42.3892,0.918754,
46.9182,16.8504,0.0620397,1.00007,0.177694,0.0134986,-0.0453332,0.715099,0.705466,1.24602,0.237421,1.45154,0.183785,-0.116797,42.218,0.919415,
46.9221,16.8504,0.0651702,1.00008,0.177833,0.0134309,-0.0453446,0.715098,0.706441,1.24363,0.236101,1.44974,0.183918,-0.11562,42.0468,0.920077,
46.926,16.8504,0.0683007,1.00009,0.177972,0.0133632,-0.0453559,0.715096,0.707416,1.24124,0.234782,1.44793,0.184051,-0.114442,41.8755,0.920738,
46.9299,16.8504,0.0714311,1.0001,0.178112,0.0132955,-0.0453673,0.715095,0.708391,1.23885,0.233463,1.44612,0.184185,-0.113265,41.7043,0.9214,
46.9338,16.8504,0.0745616,1.00011,0.17825,0.0132274,-0.0453782,0.715094,0.709123,1.23614,0.232111,1.44393,0.184317,-0.112092,41.5341,0.922056,
46.9377,16.8504,0.077692,1.00011,0.178385,0.0131584,-0.0453875,0.715093,0.709075,1.23242,0.230652,1.44051,0.184445,-0.110937,41.3675,0.922695,
46.9416,16.8504,0.0808225,1.00012,0.178519,0.0130894,-0.0453968,0.715092,0.709027,1.22869,0.229193,1.43708,0.184574,-0.109781,41.2008,0.923334,
46.9455,16.8504,0.083953,1.00013,0.178654,0.0130204,-0.045406,0.71509,0.708979,1.22496,0.227735,1.43366,0.184703,-0.108625,41.0341,0.923973,
46.9494,16.8504,0.0870834,1.00014,0.178788,0.0129514,-0.0454153,0.715089,0.708931,1.22123,0.226276,1.43023,0.184831,-0.10747,40.8675,0.924612,
46.9533,16.8504,0.0902139,1.00015,0.178923,0.0128823,-0.0454245,0.715088,0.708883,1.2175,0.224817,1.42681,0.18496,-0.106314,40.7008,0.925251,
46.9572,16.8504,0.0933443,1.00016,0.179057,0.0128133,-0.0454338,0.715087,0.708835,1.21377,0.223359,1.42338,0.185089,-0.105158,40.5341,0.925889,
46.9611,16.8504,0.0964748,1.00016,0.179191,0.0127443,-0.0454431,0.715085,0.708787,1.21004,0.2219,1.41996,0.185217,-0.104003,40.3675,0.926528,
46.965,16.8504,0.0996052,1.00017,0.179326,0.0126753,-0.0454523,0.715084,0.708739,1.20631,0.220441,1.41653,0.185346,-0.102847,40.2008,0.927167,
46.969,16.8504,0.102736,1.00018,0.17946,0.0126063,-0.0454616,0.715083,0.708691,1.20258,0.218982,1.41311,0.185475,-0.101691,40.0341,0.927806,
46.9729,16.8504,0.105866,1.00019,0.179595,0.0125373,-0.0454709,0.715082,0.708643,1.19885,0.217524,1.40968,0.185603,-0.100536,39.8675,0.928445,
46.9768,16.8504,0.108997,1.0002,0.179729,0.0124682,-0.0454801,0.71508,0.708595,1.19512,0.216065,1.40626,0.185732,-0.0993802,39.7008,0.929084,
46.9807,16.8504,0.112127,1.0002,0.179864,0.0123992,-0.0454894,0.715079,0.708547,1.19139,0.214606,1.40283,0.185861,-0.0982245,39.5341,0.929723,
46.9846,16.8504,0.115258,1.00021,0.179994,0.0123305,-0.0454979,0.715078,0.708123,1.18726,0.213132,1.3989,0.185985,-0.097098,39.3695,0.930342,
46.9885,16.8504,0.118388,1.00022,0.18012,0.0122622,-0.0455055,0.715077,0.70729,1.1827,0.211641,1.39441,0.186106,-0.0960031,39.2071,0.930941,
46.9924,16.8504,0.121518,1.00023,0.180247,0.0121939,-0.0455131,0.715076,0.706457,1.17814,0.210151,1.38993,0.186226,-0.0949082,39.0446,0.93154,
46.9963,16.8504,0.124649,1.00024,0.180373,0.0121256,-0.0455208,0.715075,0.705623,1.17357,0.20866,1.38544,0.186347,-0.0938133,38.8822,0.932139,
47.0002,16.8504,0.127779,1.00024,0.180499,0.0120573,-0.0455284,0.715074,0.70479,1.16901,0.207169,1.38095,0.186467,-0.0927184,38.7198,0.932737,
47.0041,16.8504,0.13091,1.00025,0.180625,0.011989,-0.045536,0.715072,0.703957,1.16445,0.205678,1.37647,0.186588,-0.0916235,38.5573,0.933336,
47.008,16.8504,0.13404,1.00026,0.180751,0.0119207,-0.0455436,0.715071,0.703124,1.15989,0.204187,1.37198,0.186709,-0.0905285,38.3949,0.933935,
47.0119,16.8504,0.137171,1.00027,0.180877,0.0118523,-0.0455513,0.71507,0.70229,1.15532,0.202696,1.36749,0.186829,-0.0894336,38.2325,0.934534,
47.0158,16.8504,0.140301,1.00027,0.181003,0.011784,-0.0455589,0.715069,0.701457,1.15076,0.201206,1.36301,0.18695,-0.0883387,38.07,0.935132,
47.0197,16.8504,0.143432,1.00028,0.18113,0.0117157,-0.0455665,0.715068,0.700624,1.1462,0.199715,1.35852,0.18707,-0.0872438,37.9076,0.935731,
47.0236,16.8504,0.146562,1.00029,0.181257,0.0116473,-0.0455745,0.715067,0.699868,1.14172,0.198229,1.35414,0.187192,-0.0861438,37.7449,0.936334,
47.0275,16.8504,0.149693,1.0003,0.181386,0.0115784,-0.0455832,0.715066,0.699339,1.13751,0.196758,1.35009,0.187316,-0.0850286,37.5813,0.936951,
47.0314,16.8504,0.152823,1.0003,0.181516,0.0115095,-0.045592,0.715064,0.69881,1.13329,0.195288,1.34603,0.18744,-0.0839133,37.4177,0.937568,
47.0353,16.8504,0.155954,1.00031,0.181646,0.0114406,-0.0456007,0.715063,0.698282,1.12907,0.193817,1.34198,0.187564,-0.0827981,37.2541,0.938185,
47.0392,16.8504,0.159084,1.00032,0.181775,0.0113718,-0.0456095,0.715062,0.697753,1.12485,0.192346,1.33793,0.187688,-0.0816829,37.0905,0.938802,
47.0432,16.8504,0.162214,1.00033,0.181905,0.0113029,-0.0456183,0.71506,0.697225,1.12063,0.190876,1.33387,0.187813,-0.0805677,36.9269,0.939418,
47.0471,16.8504,0.165345,1.00033,0.182035,0.011234,-0.045627,0.715059,0.696696,1.11641,0.189405,1.32982,0.187937,-0.0794525,36.7633,0.940035,
47.051,16.8504,0.168475,1.00034,0.182165,0.0111652,-0.0456358,0.715058,0.696168,1.11219,0.187935,1.32577,0.188061,-0.0783373,36.5997,0.940652,
47.0549,16.8504,0.171606,1.00035,0.182294,0.0110963,-0.0456445,0.715056,0.695639,1.10797,0.186464,1.32171,0.188185,-0.0772221,36.4361,0.941269,
47.0588,16.8504,0.174736,1.00036,0.182424,0.0110274,-0.0456533,0.715055,0.69511,1.10376,0.184993,1.31766,0.188309,-0.0761069,36.2725,0.941886,
47.0627,16.8504,0.177867,1.00036,0.182554,0.0109585,-0.0456621,0.715054,0.694582,1.09954,0.183523,1.3136,0.188434,-0.0749917,36.109,0.942502,
47.0666,16.8504,0.180997,1.00037,0.182679,0.0108903,-0.0456698,0.715053,0.693701,1.09497,0.182044,1.30909,0.188553,-0.0739097,35.9475,0.943098,
47.0705,16.8504,0.184128,1.00038,0.1828,0.0108228,-0.0456766,0.715051,0.692463,1.09004,0.180558,1.30411,0.188669,-0.0728616,35.7882,0.943672,
47.0744,16.8504,0.187258,1.00038,0.182921,0.0107552,-0.0456834,0.71505,0.691224,1.08511,0.179072,1.29913,0.188785,-0.0718135,35.629,0.944246,
47.0783,16.8504,0.190389,1.00039,0.183042,0.0106877,-0.0456902,0.715049,0.689985,1.08018,0.177586,1.29415,0.1889,-0.0707654,35.4697,0.94482,
47.0822,16.8504,0.193519,1.0004,0.183163,0.0106201,-0.045697,0.715048,0.688746,1.07525,0.1761,1.28917,0.189016,-0.0697172,35.3104,0.945394,
47.0861,16.8504,0.196649,1.00041,0.183284,0.0105526,-0.0457038,0.715047,0.687507,1.07032,0.174613,1.28419,0.189131,-0.0686691,35.1511,0.945968,
47.09,16.8504,0.19978,1.00041,0.183405,0.010485,-0.0457106,0.715046,0.686268,1.06539,0.173127,1.27921,0.189247,-0.067621,34.9919,0.946542,
47.0939,16.8504,0.20291,1.00042,0.183525,0.0104175,-0.0457174,0.715044,0.685029,1.06046,0.171641,1.27423,0.189362,-0.0665729,34.8326,0.947116,
47.0978,16.8504,0.206041,1.00043,0.183646,0.0103499,-0.0457242,0.715043,0.68379,1.05553,0.170155,1.26925,0.189478,-0.0655248,34.6733,0.94769,
47.1017,16.8504,0.209171,1.00043,0.183767,0.0102823,-0.045731,0.715042,0.682551,1.0506,0.168668,1.26427,0.189594,-0.0644767,34.5141,0.948264,
47.1056,16.8504,0.212302,1.00044,0.183888,0.0102148,-0.0457378,0.715041,0.681312,1.04567,0.167182,1.25929,0.189709,-0.0634286,34.3548,0.948838,
47.1095,16.8504,0.215432,1.00045,0.184009,0.0101472,-0.0457446,0.71504,0.680073,1.04074,0.165696,1.25431,0.189825,-0.0623805,34.1955,0.949412,
47.1134,16.8504,0.218563,1.00045,0.18413,0.0100797,-0.0457514,0.715038,0.678834,1.03581,0.16421,1.24933,0.18994,-0.0613324,34.0363,0.949986,
47.1174,16.8504,0.221693,1.00046,0.18425,0.0100123,-0.0457579,0.715037,0.677538,1.03082,0.162721,1.24427,0.190055,-0.0602901,33.8774,0.950557,
47.1213,16.8504,0.224824,1.00047,0.184361,0.00994711,-0.0457603,0.715036,0.675538,1.02505,0.161206,1.23822,0.190161,-0.0593196,33.7239,0.951083,
47.1252,16.8504,0.227954,1.00047,0.184473,0.00988192,-0.0457628,0.715035,0.673539,1.01928,0.15969,1.23216,0.190267,-0.0583491,33.5704,0.951609,
47.1291,16.8504,0.231085,1.00048,0.184584,0.00981672,-0.0457652,0.715034,0.671539,1.0135,0.158174,1.22611,0.190373,-0.0573785,33.4168,0.952135,
47.133,16.8504,0.234215,1.00048,0.184695,0.00975152,-0.0457676,0.715032,0.669539,1.00773,0.156659,1.22006,0.190479,-0.056408,33.2633,0.952662,
47.1369,16.8504,0.237345,1.00049,0.184806,0.00968632,-0.0457701,0.715031,0.66754,1.00196,0.155143,1.21401,0.190585,-0.0554375,33.1098,0.953188,
47.1408,16.8504,0.240476,1.00049,0.184917,0.00962112,-0.0457725,0.71503,0.66554,0.996185,0.153627,1.20795,0.190691,-0.054467,32.9562,0.953714,
47.1447,16.8504,0.243606,1.0005,0.185029,0.00955592,-0.045775,0.715029,0.663541,0.990413,0.152112,1.2019,0.190797,-0.0534965,32.8027,0.95424,
47.1486,16.8504,0.246737,1.00051,0.185134,0.0094924,-0.045776,0.715028,0.661288,0.984473,0.150624,1.19559,0.190897,-0.0525726,32.6519,0.95474,
47.1525,16.8504,0.249867,1.00051,0.185235,0.00943049,-0.0457756,0.715026,0.658792,0.978375,0.149164,1.18904,0.190993,-0.0516935,32.5036,0.955214,
47.1564,16.8504,0.252998,1.00052,0.185336,0.00936858,-0.0457753,0.715025,0.656297,0.972276,0.147704,1.18249,0.191088,-0.0508144,32.3554,0.955688,
47.1603,16.8504,0.256128,1.00052,0.185436,0.00930668,-0.0457749,0.715024,0.653801,0.966178,0.146244,1.17594,0.191183,-0.0499353,32.2071,0.956162,
47.1642,16.8504,0.259259,1.00053,0.185537,0.00924477,-0.0457745,0.715023,0.651306,0.960079,0.144784,1.16939,0.191279,-0.0490562,32.0589,0.956636,
47.1681,16.8504,0.262389,1.00053,0.185638,0.00918286,-0.0457742,0.715022,0.648811,0.953981,0.143324,1.16284,0.191374,-0.0481771,31.9106,0.95711,
47.172,16.8504,0.26552,1.00054,0.18574,0.00912025,-0.0457745,0.715021,0.646404,0.947949,0.141856,1.15639,0.191472,-0.0472829,31.7616,0.957594,
47.1759,16.8504,0.26865,1.00054,0.185845,0.00905678,-0.0457757,0.715019,0.644108,0.941999,0.140378,1.15006,0.191572,-0.0463699,31.6117,0.958091,
47.1798,16.8504,0.271781,1.00055,0.185951,0.0089933,-0.0457769,0.715018,0.641812,0.936049,0.1389,1.14372,0.191672,-0.045457,31.4617,0.958588,
47.1837,16.8504,0.274911,1.00055,0.186056,0.00892983,-0.0457781,0.715017,0.639515,0.930099,0.137422,1.13739,0.191772,-0.0445441,31.3118,0.959085,
47.1876,16.8504,0.278041,1.00056,0.186161,0.00886635,-0.0457794,0.715016,0.637219,0.924149,0.135944,1.13106,0.191872,-0.0436311,31.1618,0.959583,
47.1915,16.8504,0.281172,1.00056,0.186266,0.00880287,-0.0457806,0.715014,0.634923,0.9182,0.134466,1.12472,0.191972,-0.0427182,31.0119,0.96008,
47.1955,16.8504,0.284302,1.00057,0.186371,0.0087394,-0.0457818,0.715013,0.632627,0.91225,0.132988,1.11839,0.192072,-0.0418052,30.8619,0.960577,
47.1994,16.8504,0.287433,1.00057,0.186477,0.00867592,-0.045783,0.715012,0.63033,0.9063,0.13151,1.11205,0.192172,-0.0408923,30.712,0.961074,
47.2033,16.8504,0.290563,1.00058,0.186582,0.00861245,-0.0457842,0.71501,0.628034,0.90035,0.130032,1.10572,0.192272,-0.0399793,30.562,0.961571,
47.2072,16.8504,0.293694,1.00058,0.186687,0.00854897,-0.0457854,0.715009,0.625738,0.894401,0.128554,1.09939,0.192372,-0.0390664,30.412,0.962068,
47.2111,16.8504,0.296824,1.00059,0.186792,0.0084855,-0.0457866,0.715008,0.623442,0.888451,0.127076,1.09305,0.192472,-0.0381534,30.2621,0.962566,
47.215,16.8504,0.299955,1.00059,0.186897,0.00842202,-0.0457878,0.715007,0.621146,0.882501,0.125598,1.08672,0.192572,-0.0372405,30.1121,0.963063,
47.2189,16.8504,0.303085,1.0006,0.187003,0.00835854,-0.045789,0.715005,0.618849,0.876551,0.12412,1.08039,0.192672,-0.0363275,29.9622,0.96356,
47.2228,16.8504,0.306216,1.0006,0.187108,0.00829507,-0.0457902,0.715004,0.616553,0.870601,0.122642,1.07405,0.192773,-0.0354146,29.8122,0.964057,
47.2267,16.8504,0.309346,1.00061,0.187213,0.00823159,-0.0457914,0.715003,0.614257,0.864652,0.121164,1.06772,0.192873,-0.0345016,29.6623,0.964554,
47.2306,16.8504,0.312477,1.00061,0.187313,0.00817003,-0.0457911,0.715001,0.611734,0.858583,0.119722,1.06118,0.192967,-0.0336376,29.5152,0.965024,
47.2345,16.8504,0.315607,1.00062,0.187407,0.00811019,-0.0457894,0.715,0.609008,0.852407,0.118312,1.05447,0.193057,-0.0328175,29.3706,0.965468,
47.2384,16.8504,0.318737,1.00062,0.187502,0.00805035,-0.0457877,0.714999,0.606282,0.846231,0.116902,1.04775,0.193146,-0.0319974,29.2261,0.965913,
47.2423,16.8504,0.321868,1.00062,0.187596,0.00799051,-0.0457861,0.714998,0.603556,0.840056,0.115492,1.04104,0.193236,-0.0311773,29.0815,0.966358,
47.2462,16.8504,0.324998,1.00063,0.187691,0.00793067,-0.0457844,0.714997,0.60083,0.83388,0.114082,1.03432,0.193325,-0.0303573,28.937,0.966803,
47.2501,16.8504,0.328129,1.00063,0.187786,0.00787083,-0.0457827,0.714996,0.598103,0.827704,0.112672,1.0276,0.193415,-0.0295372,28.7925,0.967247,
47.254,16.8504,0.331259,1.00064,0.18788,0.00781099,-0.045781,0.714994,0.595377,0.821528,0.111263,1.02089,0.193504,-0.0287171,28.6479,0.967692,
47.2579,16.8504,0.33439,1.00064,0.187975,0.00775115,-0.0457793,0.714993,0.592651,0.815352,0.109853,1.01417,0.193594,-0.027897,28.5034,0.968137,
47.2618,16.8504,0.33752,1.00064,0.18807,0.00769131,-0.0457776,0.714992,0.589925,0.809177,0.108443,1.00746,0.193683,-0.0270769,28.3588,0.968581,
47.2657,16.8504,0.340651,1.00065,0.188164,0.00763147,-0.0457759,0.714991,0.587199,0.803001,0.107033,1.00074,0.193773,-0.0262569,28.2143,0.969026,
47.2697,16.8504,0.343781,1.00065,0.188259,0.00757163,-0.0457743,0.71499,0.584473,0.796825,0.105623,0.994023,0.193862,-0.0254368,28.0697,0.969471,
47.2736,16.8504,0.346912,1.00066,0.188353,0.00751179,-0.0457726,0.714988,0.581746,0.790649,0.104213,0.987307,0.193952,-0.0246167,27.9252,0.969916,
47.2775,16.8504,0.350042,1.00066,0.188448,0.00745194,-0.0457709,0.714987,0.57902,0.784473,0.102803,0.980591,0.194041,-0.0237966,27.7807,0.97036,
47.2814,16.8504,0.353172,1.00067,0.188543,0.0073921,-0.0457692,0.714986,0.576294,0.778298,0.101393,0.973875,0.194131,-0.0229765,27.6361,0.970805,
47.2853,16.8504,0.356303,1.00067,0.188637,0.00733226,-0.0457675,0.714985,0.573568,0.772122,0.0999833,0.967159,0.19422,-0.0221565,27.4916,0.97125,
47.2892,16.8504,0.359433,1.00067,0.188732,0.00727242,-0.0457658,0.714984,0.570842,0.765946,0.0985734,0.960443,0.19431,-0.0213364,27.347,0.971695,
47.2931,16.8504,0.362564,1.00068,0.188827,0.00721258,-0.0457642,0.714983,0.568116,0.75977,0.0971635,0.953727,0.194399,-0.0205163,27.2025,0.972139,
47.297,16.8504,0.365694,1.00068,0.188921,0.00715274,-0.0457625,0.714981,0.56539,0.753594,0.0957536,0.947011,0.194489,-0.0196962,27.0579,0.972584,
47.3009,16.8504,0.368825,1.00069,0.189016,0.0070929,-0.0457608,0.71498,0.562663,0.747419,0.0943437,0.940295,0.194578,-0.0188761,26.9134,0.973029,
47.3048,16.8504,0.371955,1.00069,0.189099,0.0070376,-0.045754,0.714979,0.559517,0.740988,0.0930216,0.933178,0.194656,-0.0181594,26.7754,0.973417,
47.3087,16.8504,0.375086,1.00069,0.189182,0.00698272,-0.0457468,0.714978,0.556332,0.734534,0.0917077,0.926024,0.194733,-0.0174525,26.638,0.973801,
47.3126,16.8504,0.378216,1.0007,0.189259,0.00693045,-0.0457379,0.714977,0.553026,0.728139,0.0904588,0.918871,0.194805,-0.0168,26.5039,0.974155,
47.3165,16.8504,0.381347,1.0007,0.189331,0.00688037,-0.0457276,0.714976,0.549619,0.721794,0.0892645,0.911719,0.194871,-0.0161935,26.3727,0.974484,
47.3204,16.8504,0.384477,1.0007,0.189405,0.00682889,-0.0457184,0.714974,0.546272,0.715432,0.0880406,0.904578,0.19494,-0.0155621,26.24,0.974829,
47.3243,16.8504,0.387608,1.0007,0.189482,0.00677663,-0.0457098,0.714973,0.542958,0.709061,0.0868001,0.897443,0.195011,-0.0149169,26.1066,0.975183,
47.3282,16.8504,0.390738,1.00071,0.189558,0.00672437,-0.0457011,0.714972,0.539645,0.702689,0.0855595,0.890308,0.195082,-0.0142716,25.9732,0.975536,
47.3321,16.8504,0.393868,1.00071,0.189635,0.00667211,-0.0456925,0.714971,0.536331,0.696318,0.084319,0.883172,0.195154,-0.0136263,25.8398,0.97589,
47.336,16.8504,0.396999,1.00071,0.189711,0.00661986,-0.0456839,0.714969,0.533018,0.689946,0.0830785,0.876037,0.195225,-0.012981,25.7064,0.976244,
47.3399,16.8504,0.400129,1.00071,0.189788,0.0065676,-0.0456753,0.714968,0.529704,0.683575,0.081838,0.868902,0.195296,-0.0123357,25.573,0.976597,
47.3438,16.8504,0.40326,1.00071,0.189865,0.00651534,-0.0456666,0.714967,0.526391,0.677203,0.0805974,0.861766,0.195367,-0.0116904,25.4396,0.976951,
47.3478,16.8504,0.40639,1.00072,0.189941,0.00646308,-0.045658,0.714965,0.523077,0.670832,0.0793569,0.854631,0.195438,-0.0110451,25.3062,0.977304,
47.3517,16.8504,0.409521,1.00072,0.190018,0.00641082,-0.0456494,0.714964,0.519764,0.66446,0.0781164,0.847496,0.195509,-0.0103998,25.1728,0.977658,
47.3556,16.8504,0.412651,1.00072,0.190094,0.00635856,-0.0456408,0.714963,0.516451,0.658089,0.0768759,0.84036,0.19558,-0.00975455,25.0394,0.978012,
47.3595,16.8504,0.415782,1.00072,0.190171,0.00630631,-0.0456321,0.714962,0.513137,0.651717,0.0756353,0.833225,0.195651,-0.00910926,24.906,0.978365,
47.3634,16.8504,0.418912,1.00073,0.190247,0.00625405,-0.0456235,0.71496,0.509824,0.645346,0.0743948,0.82609,0.195723,-0.00846397,24.7726,0.978719,
47.3673,16.8504,0.422043,1.00073,0.190324,0.00620179,-0.0456149,0.714959,0.50651,0.638974,0.0731543,0.818954,0.195794,-0.00781869,24.6392,0.979072,
47.3712,16.8504,0.425173,1.00073,0.1904,0.00614953,-0.0456063,0.714958,0.503197,0.632603,0.0719137,0.811819,0.195865,-0.0071734,24.5058,0.979426,
