10.6512,16.8504,-1.94066,0.913763,0.0963036,-0.0105013,0.0908033,0.654212,1148.79,2712.94,-790.424,3050.45,0.13263,-3.60482,0.688846,0.663908,
10.6493,16.8504,-1.93839,0.91763,0.148094,-0.0198784,0.1422,0.654245,204.782,421.14,-99.6156,478.8,0.206469,-3.0245,12.9586,1.03139,
10.6473,16.8504,-1.93613,0.919481,0.165462,-0.0245481,0.160572,0.654284,145.541,276.955,-56.7834,317.983,0.232316,-2.75724,22.6939,1.15938,
10.6453,16.8504,-1.93386,0.921067,0.178341,-0.0286913,0.174791,0.654328,128.392,233.962,-43.2109,270.362,0.252054,-2.5285,29.6339,1.25683,
10.6433,16.8504,-1.93159,0.922577,0.189555,-0.0326399,0.187433,0.654374,119.67,211.433,-35.9288,245.594,0.269517,-2.31113,34.8353,1.34286,
10.6414,16.8504,-1.92933,0.924098,0.199782,-0.0365096,0.19927,0.654425,114.485,198.148,-31.6944,231.03,0.285761,-2.09277,38.2925,1.42267,
10.6394,16.8504,-1.92706,0.925613,0.209337,-0.0402777,0.210446,0.654479,110.565,188.466,-28.7674,220.39,0.301084,-1.87578,40.5202,1.4978,
10.6374,16.8504,-1.92479,0.927196,0.218366,-0.0439675,0.221219,0.654538,106.823,180.307,-26.6971,211.271,0.315804,-1.65203,41.1766,1.56973,
10.6355,16.8504,-1.92253,0.928811,0.22699,-0.0475436,0.231617,0.654602,102.37,171.618,-24.8965,201.376,0.329998,-1.42511,40.7001,1.6389,
10.6335,16.8504,-1.92026,0.93038,0.235259,-0.0510187,0.241537,0.654665,98.1557,163.562,-23.3205,192.175,0.343587,-1.20471,39.7912,1.70509,
10.6315,16.8504,-1.91799,0.93204,0.242798,-0.0541962,0.250808,0.654742,90.2176,150.236,-21.4664,176.553,0.356243,-0.979413,36.9087,1.76636,
10.6296,16.8504,-1.91573,0.933635,0.250157,-0.057316,0.259769,0.654815,82.9504,137.928,-19.7133,162.153,0.368521,-0.762822,34.1247,1.82584,
10.6276,16.8504,-1.91346,0.93516,0.256028,-0.0597323,0.267067,0.654899,70.0365,116.578,-16.7856,137.031,0.378504,-0.570476,29.7024,1.87383,
10.6256,16.8504,-1.91119,0.936682,0.262089,-0.0622646,0.274524,0.654982,58.3673,97.2701,-14.1841,114.322,0.38874,-0.376013,25.433,1.92312,
10.6236,16.8504,-1.90893,0.937706,0.265545,-0.063639,0.27888,0.655054,46.1572,77.0073,-11.2757,90.4865,0.394681,-0.257063,20.867,1.95155,
10.6217,16.8504,-1.90666,0.93867,0.268643,-0.0648628,0.282782,0.655119,33.6963,56.337,-8.32436,66.1713,0.400019,-0.148288,16.085,1.97703,
10.6197,16.8504,-1.90439,0.939647,0.271802,-0.0661139,0.286751,0.655184,21.2258,35.6543,-5.37987,41.8415,0.405454,-0.0377648,11.288,2.00297,
10.6177,16.8504,-1.90213,0.939892,0.272059,-0.0661369,0.287199,0.655264,15.6741,26.4,-4.0075,30.9653,0.405986,-0.0225369,8.66289,2.00546,
10.6158,16.8504,-1.89986,0.940149,0.272377,-0.0661869,0.287718,0.65534,9.75573,16.5393,-2.55495,19.3751,0.406621,-0.00547674,5.74837,2.00844,
10.6138,16.8504,-1.89759,0.940414,0.272729,-0.0662513,0.288278,0.655414,3.70628,6.46176,-1.07334,7.52972,0.407314,0.0126455,2.7524,2.01169,
10.6118,16.8504,-1.89533,0.940553,0.272641,-0.0661328,0.288288,0.655499,1.06875,2.05164,-0.42083,3.16625,0.407244,0.015979,1.44405,2.01133,
10.6099,16.8504,-1.89306,0.940619,0.272295,-0.0659074,0.287977,0.655591,0.423787,0.951298,-0.252528,3.17227,0.406729,0.0106758,1.12128,2.00886,
10.6079,16.8504,-1.89079,0.940683,0.271951,-0.0656841,0.287668,0.65568,-0.345541,-0.357055,-0.0538568,2.97188,0.406217,0.00535501,0.751813,2.0064,
10.6059,16.8504,-1.88852,0.940747,0.271608,-0.0654611,0.287359,0.65577,-1.13724,-1.70282,0.150276,2.73436,0.405706,3.10526e-05,0.373939,2.00394,
10.6039,16.8504,-1.88626,0.940817,0.271328,-0.0652692,0.287127,0.655856,-1.31296,-2.01863,0.205515,2.41683,0.405303,-0.00325398,0.221823,2.00201,
10.602,16.8504,-1.88399,0.940892,0.271087,-0.0650961,0.286942,0.655942,-1.11638,-1.71195,0.170762,2.05096,0.404965,-0.00530669,0.206153,2.00039,
10.6,16.8504,-1.88172,0.940967,0.270847,-0.064923,0.286756,0.656027,-0.919799,-1.40526,0.136009,1.68508,0.404626,-0.00735941,0.190483,1.99876,
10.598,16.8504,-1.87946,0.941042,0.270606,-0.0647499,0.286571,0.656112,-0.72322,-1.09857,0.101256,1.3192,0.404288,-0.00941212,0.174813,1.99714,
10.5961,16.8504,-1.87719,0.941117,0.270365,-0.0645769,0.286386,0.656197,-0.526648,-0.791871,0.0664865,0.953336,0.40395,-0.0114445,0.159153,1.99552,
10.5941,16.8504,-1.87492,0.9412,0.270163,-0.0644241,0.286247,0.656282,-0.443796,-0.665195,0.054292,0.801492,0.403678,-0.0121868,0.158628,1.99422,
10.5921,16.8504,-1.87266,0.941282,0.269971,-0.064277,0.286122,0.656364,-0.383489,-0.574101,0.0465486,0.691973,0.403423,-0.012698,0.160499,1.993,
10.5902,16.8504,-1.87039,0.941364,0.269777,-0.0641285,0.286001,0.656445,-0.323131,-0.482939,0.0388053,0.58237,0.403171,-0.0132162,0.162378,1.99179,
10.5882,16.8504,-1.86812,0.941445,0.269583,-0.0639799,0.28588,0.656527,-0.262773,-0.391777,0.0310621,0.472767,0.402918,-0.0137345,0.164256,1.99058,
10.5862,16.8504,-1.86586,0.941526,0.269389,-0.0638313,0.28576,0.656608,-0.202415,-0.300615,0.0233189,0.363164,0.402666,-0.0142527,0.166135,1.98937,
10.5843,16.8504,-1.86359,0.941607,0.269195,-0.0636835,0.28564,0.656689,-0.144764,-0.21366,0.0160171,0.258584,0.402414,-0.0147558,0.167973,1.98817,
10.5823,16.8504,-1.86132,0.941686,0.269015,-0.0635453,0.285527,0.656768,-0.131777,-0.196129,0.0159897,0.236897,0.40218,-0.0150234,0.16913,1.98704,
10.5803,16.8504,-1.85906,0.941768,0.26883,-0.0634036,0.285411,0.656849,-0.119682,-0.179975,0.0160913,0.216861,0.401938,-0.0153057,0.170274,1.98589,
10.5783,16.8504,-1.85679,0.94185,0.268645,-0.063262,0.285295,0.65693,-0.107586,-0.16382,0.0161929,0.196826,0.401697,-0.0155881,0.171418,1.98473,
10.5764,16.8504,-1.85452,0.941932,0.26846,-0.0631204,0.285179,0.657012,-0.0954911,-0.147665,0.0162945,0.176791,0.401456,-0.0158704,0.172561,1.98358,
10.5744,16.8504,-1.85226,0.942014,0.268275,-0.0629788,0.285063,0.657093,-0.0833959,-0.131511,0.0163961,0.156756,0.401215,-0.0161527,0.173705,1.98242,
10.5724,16.8504,-1.84999,0.942095,0.26809,-0.0628371,0.284946,0.657174,-0.0713007,-0.115356,0.0164977,0.136721,0.400974,-0.016435,0.174849,1.98127,
10.5705,16.8504,-1.84772,0.942176,0.267909,-0.0626979,0.284832,0.657254,-0.0600491,-0.1003,0.0165731,0.118127,0.400737,-0.0166867,0.175914,1.98013,
10.5685,16.8504,-1.84546,0.942252,0.267744,-0.0625718,0.284728,0.657329,-0.0533313,-0.0911482,0.0165078,0.107277,0.400522,-0.0167733,0.176557,1.9791,
10.5665,16.8504,-1.84319,0.942334,0.267567,-0.0624364,0.284614,0.65741,-0.0464209,-0.0816306,0.016352,0.0961953,0.400289,-0.0168892,0.177168,1.97799,
10.5646,16.8504,-1.84092,0.942416,0.26739,-0.0623008,0.284499,0.657491,-0.0395085,-0.0721093,0.0161952,0.0851116,0.400057,-0.0170054,0.17778,1.97687,
10.5626,16.8504,-1.83866,0.942498,0.267213,-0.0621652,0.284385,0.657572,-0.0325961,-0.0625879,0.0160384,0.074028,0.399824,-0.0171217,0.178391,1.97576,
10.5606,16.8504,-1.83639,0.94258,0.267036,-0.0620297,0.28427,0.657653,-0.0256837,-0.0530666,0.0158817,0.0629443,0.399591,-0.0172379,0.179003,1.97464,
10.5586,16.8504,-1.83412,0.942662,0.266859,-0.0618941,0.284156,0.657734,-0.0187713,-0.0435453,0.0157249,0.0518606,0.399358,-0.0173541,0.179615,1.97353,
10.5567,16.8504,-1.83186,0.942744,0.266682,-0.0617585,0.284041,0.657815,-0.0118588,-0.0340239,0.0155681,0.0407769,0.399125,-0.0174703,0.180226,1.97241,
10.5547,16.8504,-1.82959,0.942826,0.266505,-0.061623,0.283927,0.657896,-0.00494644,-0.0245026,0.0154114,0.0296932,0.398892,-0.0175865,0.180838,1.9713,
10.5527,16.8504,-1.82732,0.942901,0.266347,-0.0615012,0.283823,0.65797,-0.00136783,-0.0190849,0.0150064,0.026002,0.398682,-0.0175857,0.181243,1.97029,
10.5508,16.8504,-1.82505,0.942976,0.266191,-0.0613814,0.28372,0.658043,0.00171927,-0.0142804,0.0145524,0.027769,0.398475,-0.0175902,0.181617,1.9693,
10.5488,16.8504,-1.82279,0.943056,0.266025,-0.0612539,0.283608,0.658122,0.00468154,-0.00960868,0.0140674,0.0289484,0.398253,-0.0175933,0.181982,1.96824,
10.5468,16.8504,-1.82052,0.943138,0.265855,-0.0611238,0.283493,0.658203,0.00760088,-0.00498267,0.0135719,0.0299256,0.398027,-0.0175959,0.182344,1.96715,
10.5449,16.8504,-1.81825,0.94322,0.265686,-0.0609936,0.283378,0.658283,0.0105202,-0.000356663,0.0130763,0.0309029,0.3978,-0.0175986,0.182706,1.96607,
10.5429,16.8504,-1.81599,0.943302,0.265517,-0.0608635,0.283263,0.658364,0.0134396,0.00426934,0.0125808,0.0318802,0.397573,-0.0176012,0.183068,1.96498,
10.5409,16.8504,-1.81372,0.943384,0.265347,-0.0607333,0.283148,0.658444,0.0163589,0.00889535,0.0120852,0.0328574,0.397347,-0.0176038,0.183429,1.9639,
10.5389,16.8504,-1.81145,0.943466,0.265178,-0.0606032,0.283033,0.658525,0.0192782,0.0135214,0.0115897,0.0338347,0.39712,-0.0176064,0.183791,1.96281,
10.537,16.8504,-1.80919,0.943548,0.265008,-0.060473,0.282918,0.658605,0.0221976,0.0181474,0.0110941,0.0348119,0.396893,-0.017609,0.184153,1.96172,
10.535,16.8504,-1.80692,0.94363,0.264839,-0.0603428,0.282803,0.658686,0.0251169,0.0227734,0.0105986,0.0357892,0.396667,-0.0176116,0.184514,1.96064,
10.533,16.8504,-1.80465,0.943713,0.264674,-0.0602157,0.282683,0.658767,0.0256668,0.0245831,0.00976019,0.0371137,0.396441,-0.0175704,0.184686,1.95956,
10.5311,16.8504,-1.80239,0.943796,0.26451,-0.0600888,0.282563,0.658848,0.0260505,0.0261953,0.00889776,0.0384627,0.396215,-0.0175261,0.184845,1.95848,
10.5291,16.8504,-1.80012,0.943879,0.264346,-0.0599619,0.282442,0.658929,0.0264342,0.0278075,0.00803533,0.0398116,0.395989,-0.0174818,0.185004,1.95739,
10.5271,16.8504,-1.79785,0.943961,0.264181,-0.059835,0.282322,0.659009,0.0268179,0.0294197,0.0071729,0.0411605,0.395763,-0.0174375,0.185163,1.95631,
10.5252,16.8504,-1.79559,0.944044,0.264017,-0.0597081,0.282201,0.65909,0.0272016,0.031032,0.00631047,0.0425094,0.395537,-0.0173933,0.185322,1.95523,
10.5232,16.8504,-1.79332,0.944127,0.263853,-0.0595811,0.282081,0.659171,0.0275853,0.0326442,0.00544805,0.0438583,0.395312,-0.017349,0.18548,1.95415,
10.5212,16.8504,-1.79105,0.94421,0.263689,-0.0594542,0.281961,0.659252,0.027969,0.0342564,0.00458562,0.0452073,0.395086,-0.0173047,0.185639,1.95307,
10.5193,16.8504,-1.78879,0.944289,0.26353,-0.0593321,0.281847,0.659329,0.02841,0.0359255,0.00375401,0.0466234,0.394869,-0.017261,0.185803,1.95203,
10.5173,16.8504,-1.78652,0.944363,0.263382,-0.0592174,0.281742,0.659401,0.0289413,0.0376844,0.00297093,0.0481456,0.394667,-0.0172183,0.185976,1.95106,
10.5153,16.8504,-1.78425,0.944436,0.263234,-0.0591027,0.281638,0.659473,0.0294726,0.0394433,0.00218786,0.0496677,0.394465,-0.0171756,0.186148,1.95009,
10.5133,16.8504,-1.78199,0.94451,0.263086,-0.058988,0.281534,0.659545,0.0300039,0.0412021,0.00140478,0.0511898,0.394263,-0.0171329,0.18632,1.94912,
10.5114,16.8504,-1.77972,0.944583,0.262937,-0.0588733,0.281429,0.659617,0.0305334,0.0429584,0.000621393,0.0527097,0.394061,-0.0170902,0.186492,1.94815,
10.5094,16.8504,-1.77745,0.944658,0.262794,-0.0587608,0.281318,0.65969,0.0303726,0.0437439,-0.000280046,0.0533787,0.393858,-0.0170299,0.186575,1.94718,
10.5074,16.8504,-1.77519,0.944732,0.26265,-0.0586484,0.281208,0.659762,0.0302118,0.0445293,-0.00118149,0.0540477,0.393655,-0.0169697,0.186657,1.94621,
10.5055,16.8504,-1.77292,0.944806,0.262506,-0.058536,0.281097,0.659834,0.030051,0.0453147,-0.00208293,0.0547168,0.393453,-0.0169095,0.186739,1.94523,
10.5035,16.8504,-1.77065,0.94488,0.262363,-0.0584235,0.280986,0.659906,0.0298902,0.0461001,-0.00298437,0.0553858,0.39325,-0.0168492,0.186822,1.94426,
10.5015,16.8504,-1.76838,0.944955,0.262219,-0.0583111,0.280875,0.659979,0.0297294,0.0468855,-0.00388581,0.0560548,0.393047,-0.016789,0.186904,1.94329,
10.4996,16.8504,-1.76612,0.945029,0.262075,-0.0581987,0.280764,0.660051,0.0295686,0.0476709,-0.00478725,0.0567238,0.392845,-0.0167288,0.186986,1.94232,
10.4976,16.8504,-1.76385,0.945105,0.261928,-0.0580838,0.28065,0.660125,0.0294066,0.0484501,-0.00570169,0.0573912,0.392637,-0.0166756,0.187067,1.94132,
10.4956,16.8504,-1.76158,0.945186,0.261773,-0.0579625,0.280526,0.660204,0.0292412,0.0492127,-0.00665069,0.0580544,0.392415,-0.0166413,0.187143,1.94026,
10.4936,16.8504,-1.75932,0.945267,0.261618,-0.0578412,0.280403,0.660283,0.0290757,0.0499752,-0.00759969,0.0587175,0.392193,-0.016607,0.18722,1.93919,
10.4917,16.8504,-1.75705,0.945348,0.261463,-0.0577199,0.280279,0.660362,0.0289103,0.0507378,-0.00854869,0.0593807,0.391971,-0.0165727,0.187297,1.93813,
10.4897,16.8504,-1.75478,0.94543,0.261308,-0.0575986,0.280155,0.66044,0.0287449,0.0515004,-0.00949769,0.0600438,0.39175,-0.0165384,0.187373,1.93707,
10.4877,16.8504,-1.75252,0.945511,0.261153,-0.0574772,0.280031,0.660519,0.0285795,0.052263,-0.0104467,0.060707,0.391528,-0.0165041,0.18745,1.936,
10.4858,16.8504,-1.75025,0.945592,0.260998,-0.0573559,0.279908,0.660598,0.0284141,0.0530256,-0.0113957,0.0613701,0.391306,-0.0164698,0.187526,1.93494,
10.4838,16.8504,-1.74798,0.945673,0.260842,-0.0572346,0.279784,0.660677,0.0282487,0.0537881,-0.0123447,0.0620333,0.391085,-0.0164355,0.187603,1.93388,
10.4818,16.8504,-1.74572,0.945749,0.2607,-0.0571223,0.279665,0.660751,0.0285285,0.0544643,-0.0128628,0.0628171,0.390878,-0.0163727,0.187663,1.93288,
10.4799,16.8504,-1.74345,0.945822,0.260564,-0.0570141,0.279549,0.660822,0.0290184,0.0550996,-0.0131775,0.0636578,0.390677,-0.0162964,0.187716,1.93192,
10.4779,16.8504,-1.74118,0.945896,0.260427,-0.056906,0.279433,0.660893,0.0295083,0.055735,-0.0134923,0.0644985,0.390477,-0.0162201,0.187768,1.93096,
10.4759,16.8504,-1.73892,0.94597,0.260291,-0.0567979,0.279317,0.660965,0.0300005,0.0563683,-0.0138032,0.0653377,0.390277,-0.0161391,0.187821,1.93,
10.474,16.8504,-1.73665,0.946043,0.260154,-0.0566897,0.279201,0.661036,0.0305051,0.0569905,-0.0140934,0.0661688,0.390078,-0.0160333,0.187874,1.92905,
10.472,16.8504,-1.73438,0.946117,0.260018,-0.0565815,0.279085,0.661107,0.0310098,0.0576126,-0.0143836,0.0669999,0.389879,-0.0159274,0.187926,1.92809,
10.47,16.8504,-1.73212,0.94619,0.259881,-0.0564733,0.278968,0.661179,0.0315144,0.0582347,-0.0146738,0.067831,0.38968,-0.0158216,0.187979,1.92713,
10.468,16.8504,-1.72985,0.946264,0.259745,-0.0563652,0.278852,0.66125,0.0320191,0.0588569,-0.0149641,0.0686621,0.389481,-0.0157157,0.188031,1.92618,
10.4661,16.8504,-1.72758,0.946338,0.259608,-0.056257,0.278736,0.661322,0.0325237,0.059479,-0.0152543,0.0694931,0.389282,-0.0156099,0.188084,1.92522,
10.4641,16.8504,-1.72532,0.946411,0.259472,-0.0561488,0.27862,0.661393,0.0330508,0.0601255,-0.0155183,0.0703524,0.389082,-0.0155229,0.188137,1.92426,
10.4621,16.8504,-1.72305,0.946485,0.259335,-0.0560406,0.278503,0.661464,0.033583,0.0607776,-0.0157763,0.0712183,0.388882,-0.0154403,0.18819,1.9233,
10.4602,16.8504,-1.72078,0.946562,0.259193,-0.055928,0.27838,0.661539,0.0341464,0.061448,-0.016028,0.0721127,0.388672,-0.0153626,0.188244,1.92229,
10.4582,16.8504,-1.71852,0.946642,0.259047,-0.055812,0.278251,0.661617,0.0347335,0.0621324,-0.0162749,0.0730291,0.388455,-0.0152888,0.188299,1.92125,
10.4562,16.8504,-1.71625,0.946722,0.2589,-0.055696,0.278122,0.661694,0.0353206,0.0628167,-0.0165218,0.0739454,0.388237,-0.015215,0.188353,1.92021,
10.4543,16.8504,-1.71398,0.946802,0.258754,-0.05558,0.277992,0.661772,0.0359077,0.0635011,-0.0167687,0.0748617,0.38802,-0.0151411,0.188408,1.91916,
10.4523,16.8504,-1.71171,0.946882,0.258607,-0.0554641,0.277863,0.661849,0.0364947,0.0641855,-0.0170156,0.075778,0.387803,-0.0150673,0.188463,1.91812,
10.4503,16.8504,-1.70945,0.946962,0.25846,-0.0553481,0.277734,0.661927,0.0370818,0.0648699,-0.0172626,0.0766944,0.387585,-0.0149934,0.188517,1.91708,
10.4483,16.8504,-1.70718,0.947038,0.258323,-0.0552392,0.277609,0.662001,0.0382508,0.0659645,-0.0171719,0.0782258,0.387378,-0.0149111,0.188576,1.91608,
10.4464,16.8504,-1.70491,0.947111,0.258195,-0.0551379,0.277488,0.662071,0.0400395,0.0674959,-0.0167216,0.0804122,0.387182,-0.0148198,0.18864,1.91514,
10.4444,16.8504,-1.70265,0.947183,0.258066,-0.0550366,0.277367,0.66214,0.0418282,0.0690274,-0.0162713,0.0825987,0.386985,-0.0147285,0.188704,1.9142,
10.4424,16.8504,-1.70038,0.947255,0.257938,-0.0549354,0.277246,0.66221,0.0436169,0.0705589,-0.015821,0.0847852,0.386789,-0.0146372,0.188767,1.91325,
10.4405,16.8504,-1.69811,0.947328,0.25781,-0.0548341,0.277125,0.66228,0.0454056,0.0720903,-0.0153708,0.0869716,0.386593,-0.0145459,0.188831,1.91231,
10.4385,16.8504,-1.69585,0.9474,0.257682,-0.0547328,0.277004,0.66235,0.0471943,0.0736218,-0.0149205,0.0891581,0.386396,-0.0144546,0.188895,1.91136,
10.4365,16.8504,-1.69358,0.947472,0.257554,-0.0546315,0.276884,0.66242,0.048983,0.0751533,-0.0144702,0.0913446,0.3862,-0.0143633,0.188959,1.91042,
10.4346,16.8504,-1.69131,0.947545,0.257426,-0.0545302,0.276763,0.662489,0.0507718,0.0766847,-0.01402,0.0935311,0.386004,-0.014272,0.189022,1.90948,
10.4326,16.8504,-1.68905,0.947617,0.257298,-0.054429,0.276642,0.662559,0.0525605,0.0782162,-0.0135697,0.0957175,0.385807,-0.0141807,0.189086,1.90853,
10.4306,16.8504,-1.68678,0.947689,0.257169,-0.0543277,0.276521,0.662629,0.0543492,0.0797477,-0.0131194,0.097904,0.385611,-0.0140894,0.18915,1.90759,
10.4286,16.8504,-1.68451,0.947762,0.257041,-0.0542264,0.2764,0.662699,0.0561379,0.0812791,-0.0126692,0.10009,0.385415,-0.0139981,0.189214,1.90665,
10.4267,16.8504,-1.68225,0.947834,0.256913,-0.0541251,0.276279,0.662769,0.0579266,0.0828106,-0.0122189,0.102277,0.385218,-0.0139068,0.189278,1.9057,
10.4247,16.8504,-1.67998,0.947906,0.256785,-0.0540238,0.276158,0.662839,0.0597153,0.0843421,-0.0117686,0.104463,0.385022,-0.0138155,0.189341,1.90476,
10.4227,16.8504,-1.67771,0.947979,0.256657,-0.0539226,0.276038,0.662908,0.061504,0.0858735,-0.0113184,0.10665,0.384825,-0.0137242,0.189405,1.90381,
10.4208,16.8504,-1.67545,0.948051,0.256529,-0.0538213,0.275917,0.662978,0.0632927,0.087405,-0.0108681,0.108836,0.384629,-0.0136329,0.189469,1.90287,
10.4188,16.8504,-1.67318,0.948123,0.2564,-0.05372,0.275796,0.663048,0.0650814,0.0889364,-0.0104178,0.111023,0.384433,-0.0135416,0.189533,1.90193,
10.4168,16.8504,-1.67091,0.948196,0.256272,-0.0536187,0.275675,0.663118,0.0668701,0.0904679,-0.00996754,0.113209,0.384236,-0.0134503,0.189596,1.90098,
10.4149,16.8504,-1.66865,0.948268,0.256144,-0.0535174,0.275554,0.663188,0.0686588,0.0919994,-0.00951727,0.115396,0.38404,-0.013359,0.18966,1.90004,
10.4129,16.8504,-1.66638,0.948344,0.256011,-0.0534126,0.275426,0.663261,0.0704785,0.0935711,-0.00905892,0.117638,0.383835,-0.0132682,0.189726,1.89905,
10.4109,16.8504,-1.66411,0.948422,0.255875,-0.0533047,0.275292,0.663336,0.0723231,0.0951754,-0.00859404,0.119926,0.383623,-0.0131777,0.189792,1.89804,
10.4089,16.8504,-1.66185,0.9485,0.255738,-0.0531969,0.275159,0.663412,0.0741677,0.0967796,-0.00812916,0.122214,0.383411,-0.0130873,0.189859,1.89702,
10.407,16.8504,-1.65958,0.948572,0.255618,-0.053103,0.275034,0.663481,0.0758864,0.0987493,-0.00778352,0.124797,0.383219,-0.0129255,0.189929,1.89609,
10.405,16.8504,-1.65731,0.948643,0.255501,-0.0530118,0.274912,0.663549,0.0775809,0.100789,-0.00746085,0.127436,0.383031,-0.01275,0.189999,1.89519,
10.403,16.8504,-1.65505,0.948713,0.255384,-0.0529205,0.274789,0.663617,0.0792754,0.102829,-0.00713818,0.130076,0.382843,-0.0125745,0.190069,1.89429,
10.4011,16.8504,-1.65278,0.948784,0.255267,-0.0528293,0.274667,0.663685,0.0809699,0.10487,-0.00681551,0.132716,0.382655,-0.012399,0.190139,1.89338,
10.3991,16.8504,-1.65051,0.948854,0.25515,-0.0527381,0.274544,0.663753,0.0826644,0.10691,-0.00649284,0.135355,0.382467,-0.0122236,0.190209,1.89248,
10.3971,16.8504,-1.64824,0.948925,0.255033,-0.0526468,0.274422,0.663821,0.0843589,0.10895,-0.00617017,0.137995,0.38228,-0.0120481,0.190279,1.89158,
10.3952,16.8504,-1.64598,0.948996,0.254916,-0.0525556,0.274299,0.663889,0.0860534,0.11099,-0.00584751,0.140635,0.382092,-0.0118726,0.190349,1.89067,
10.3932,16.8504,-1.64371,0.949066,0.254799,-0.0524643,0.274177,0.663956,0.0877479,0.11303,-0.00552484,0.143275,0.381904,-0.0116971,0.19042,1.88977,
10.3912,16.8504,-1.64144,0.949137,0.254682,-0.0523731,0.274054,0.664024,0.0894424,0.11507,-0.00520217,0.145914,0.381716,-0.0115216,0.19049,1.88887,
10.3893,16.8504,-1.63918,0.949207,0.254564,-0.0522818,0.273931,0.664092,0.0911369,0.11711,-0.0048795,0.148554,0.381528,-0.0113461,0.19056,1.88797,
10.3873,16.8504,-1.63691,0.949278,0.254447,-0.0521906,0.273809,0.66416,0.0928314,0.11915,-0.00455683,0.151194,0.38134,-0.0111706,0.19063,1.88706,
10.3853,16.8504,-1.63464,0.949349,0.25433,-0.052099,0.273687,0.664228,0.0945274,0.121192,-0.00423502,0.153835,0.381153,-0.0109952,0.1907,1.88616,
10.3833,16.8504,-1.63238,0.949419,0.25421,-0.0520055,0.273567,0.664296,0.0962321,0.123241,-0.00391815,0.15649,0.380965,-0.0108208,0.19077,1.88526,
10.3814,16.8504,-1.63011,0.949489,0.25409,-0.0519119,0.273448,0.664364,0.0979369,0.125291,-0.00360128,0.159144,0.380778,-0.0106464,0.19084,1.88436,
10.3794,16.8504,-1.62784,0.94956,0.253969,-0.0518183,0.273329,0.664431,0.0996416,0.12734,-0.0032844,0.161798,0.380591,-0.0104719,0.19091,1.88346,
10.3774,16.8504,-1.62558,0.94963,0.253849,-0.0517248,0.273209,0.664499,0.101346,0.12939,-0.00296753,0.164452,0.380403,-0.0102975,0.19098,1.88256,
10.3755,16.8504,-1.62331,0.9497,0.253729,-0.0516312,0.27309,0.664567,0.103051,0.13144,-0.00265066,0.167106,0.380216,-0.010123,0.191051,1.88166,
10.3735,16.8504,-1.62104,0.949771,0.253609,-0.0515376,0.272971,0.664634,0.104756,0.133489,-0.00233379,0.16976,0.380029,-0.0099486,0.191121,1.88075,
10.3715,16.8504,-1.61878,0.949841,0.253489,-0.0514441,0.272851,0.664702,0.106461,0.135539,-0.00201691,0.172414,0.379841,-0.00977416,0.191191,1.87985,
10.3696,16.8504,-1.61651,0.949912,0.253369,-0.0513505,0.272732,0.66477,0.108165,0.137589,-0.00170004,0.175068,0.379654,-0.00959972,0.191261,1.87895,
10.3676,16.8504,-1.61424,0.949982,0.253248,-0.0512569,0.272613,0.664837,0.10987,0.139638,-0.00138317,0.177722,0.379467,-0.00942528,0.191331,1.87805,
10.3656,16.8504,-1.61198,0.95005,0.253131,-0.0511655,0.272498,0.664903,0.111566,0.141683,-0.00105339,0.180369,0.379284,-0.00925456,0.191401,1.87717,
10.3636,16.8504,-1.60971,0.950117,0.253016,-0.0510758,0.272386,0.664967,0.113255,0.143723,-0.000712992,0.183011,0.379106,-0.00908688,0.191471,1.87632,
10.3617,16.8504,-1.60744,0.950182,0.252903,-0.0509881,0.272279,0.66503,0.11493,0.145698,-0.000367353,0.185585,0.378933,-0.00891526,0.19154,1.87549,
10.3597,16.8504,-1.60518,0.950245,0.252794,-0.0509031,0.272175,0.66509,0.116394,0.147449,-5.34386e-05,0.187854,0.378766,-0.00874157,0.191603,1.87468,
10.3577,16.8504,-1.60291,0.950307,0.252694,-0.0508247,0.272067,0.665149,0.115897,0.147288,-0.000143168,0.187426,0.378603,-0.00853593,0.191618,1.8739,
10.3558,16.8504,-1.60064,0.950369,0.252594,-0.0507464,0.271959,0.665209,0.115399,0.147126,-0.000232896,0.186997,0.37844,-0.00833029,0.191634,1.87311,
10.3538,16.8504,-1.59838,0.950431,0.252495,-0.0506681,0.27185,0.665268,0.114888,0.146963,-0.000311669,0.186559,0.378278,-0.0081087,0.191649,1.87233,
10.3518,16.8504,-1.59611,0.950493,0.252395,-0.0505899,0.271742,0.665327,0.114363,0.146787,-0.000402389,0.186106,0.378116,-0.00788221,0.191663,1.87155,
10.3499,16.8504,-1.59384,0.950556,0.252293,-0.0505098,0.271629,0.665388,0.113775,0.14653,-0.000522961,0.185552,0.377948,-0.00766439,0.191679,1.87074,
10.3479,16.8504,-1.59157,0.950622,0.252188,-0.0504276,0.271511,0.665451,0.113133,0.146202,-0.000639127,0.184905,0.377774,-0.00745105,0.191694,1.86991,
10.3459,16.8504,-1.58931,0.950688,0.252083,-0.0503454,0.271393,0.665514,0.11249,0.145873,-0.000755294,0.184258,0.377601,-0.00723772,0.19171,1.86907,
10.344,16.8504,-1.58704,0.950754,0.251978,-0.0502632,0.271275,0.665577,0.111848,0.145544,-0.000871461,0.183611,0.377427,-0.00702438,0.191725,1.86824,
10.342,16.8504,-1.58477,0.95082,0.251873,-0.0501809,0.271157,0.665641,0.111205,0.145216,-0.000987628,0.182964,0.377254,-0.00681104,0.191741,1.8674,
10.34,16.8504,-1.58251,0.950886,0.251769,-0.0500987,0.271039,0.665704,0.110563,0.144887,-0.00110379,0.182317,0.37708,-0.0065977,0.191756,1.86656,
10.338,16.8504,-1.58024,0.950952,0.251664,-0.0500165,0.270921,0.665767,0.10992,0.144559,-0.00121996,0.18167,0.376906,-0.00638436,0.191772,1.86573,
10.3361,16.8504,-1.57797,0.951018,0.251559,-0.0499343,0.270803,0.66583,0.109278,0.14423,-0.00133613,0.181024,0.376733,-0.00617103,0.191787,1.86489,
10.3341,16.8504,-1.57571,0.951084,0.251454,-0.0498521,0.270684,0.665893,0.108635,0.143902,-0.0014523,0.180377,0.376559,-0.00595769,0.191803,1.86406,
10.3321,16.8504,-1.57344,0.95115,0.251349,-0.0497699,0.270566,0.665956,0.107993,0.143573,-0.00156846,0.17973,0.376385,-0.00574435,0.191818,1.86322,
10.3302,16.8504,-1.57117,0.951215,0.251245,-0.0496876,0.270448,0.666019,0.10735,0.143245,-0.00168463,0.179083,0.376212,-0.00553101,0.191834,1.86238,
10.3282,16.8504,-1.56891,0.951281,0.25114,-0.0496054,0.27033,0.666082,0.106708,0.142916,-0.0018008,0.178436,0.376038,-0.00531768,0.191849,1.86155,
10.3262,16.8504,-1.56664,0.951347,0.251035,-0.0495232,0.270212,0.666146,0.106065,0.142587,-0.00191696,0.177789,0.375864,-0.00510434,0.191865,1.86071,
10.3243,16.8504,-1.56437,0.951413,0.25093,-0.049441,0.270094,0.666209,0.105423,0.142259,-0.00203313,0.177142,0.375691,-0.004891,0.19188,1.85988,
10.3223,16.8504,-1.56211,0.951479,0.250825,-0.0493588,0.269976,0.666272,0.10478,0.14193,-0.0021493,0.176495,0.375517,-0.00467766,0.191896,1.85904,
10.3203,16.8504,-1.55984,0.951545,0.250721,-0.0492765,0.269858,0.666335,0.104138,0.141602,-0.00226546,0.175848,0.375343,-0.00446433,0.191911,1.85821,
10.3183,16.8504,-1.55757,0.951611,0.250616,-0.0491943,0.26974,0.666398,0.103495,0.141273,-0.00238163,0.175202,0.37517,-0.00425099,0.191927,1.85737,
10.3164,16.8504,-1.55531,0.951677,0.250511,-0.0491121,0.269621,0.666461,0.102853,0.140945,-0.0024978,0.174555,0.374996,-0.00403765,0.191942,1.85653,
10.3144,16.8504,-1.55304,0.951743,0.250406,-0.0490299,0.269503,0.666524,0.10221,0.140616,-0.00261396,0.173908,0.374822,-0.00382431,0.191958,1.8557,
10.3124,16.8504,-1.55077,0.951809,0.250301,-0.0489477,0.269385,0.666588,0.101568,0.140287,-0.00273013,0.173261,0.374649,-0.00361097,0.191973,1.85486,
10.3105,16.8504,-1.54851,0.951875,0.250197,-0.0488654,0.269267,0.666651,0.100925,0.139959,-0.0028463,0.172614,0.374475,-0.00339764,0.191989,1.85403,
10.3085,16.8504,-1.54624,0.951941,0.250092,-0.0487832,0.269149,0.666714,0.100283,0.13963,-0.00296246,0.171967,0.374301,-0.0031843,0.192004,1.85319,
10.3065,16.8504,-1.54397,0.952006,0.249987,-0.048701,0.269031,0.666777,0.09964,0.139302,-0.00307863,0.17132,0.374128,-0.00297096,0.19202,1.85235,
10.3046,16.8504,-1.54171,0.952072,0.249882,-0.0486188,0.268913,0.66684,0.0989975,0.138973,-0.0031948,0.170673,0.373954,-0.00275762,0.192035,1.85152,
10.3026,16.8504,-1.53944,0.952138,0.249777,-0.0485366,0.268795,0.666903,0.0983549,0.138645,-0.00331097,0.170026,0.373781,-0.00254429,0.192051,1.85068,
10.3006,16.8504,-1.53717,0.952201,0.249678,-0.0484579,0.268678,0.666964,0.0969509,0.137297,-0.00351169,0.168138,0.373612,-0.00235544,0.19206,1.84987,
10.2986,16.8504,-1.5349,0.952261,0.249586,-0.048384,0.268562,0.667021,0.0945281,0.134587,-0.00382554,0.164588,0.37345,-0.00219937,0.192059,1.84909,
10.2967,16.8504,-1.53264,0.95232,0.249494,-0.04831,0.268447,0.667079,0.0921053,0.131876,-0.00413939,0.161038,0.373289,-0.00204329,0.192059,1.84831,
10.2947,16.8504,-1.53037,0.952379,0.249402,-0.0482361,0.268332,0.667136,0.0896825,0.129165,-0.00445324,0.157488,0.373127,-0.00188722,0.192059,1.84754,
10.2927,16.8504,-1.5281,0.952438,0.24931,-0.0481621,0.268216,0.667193,0.0872597,0.126455,-0.00476709,0.153938,0.372966,-0.00173115,0.192059,1.84676,
10.2908,16.8504,-1.52584,0.952497,0.249218,-0.0480882,0.268101,0.667251,0.0848369,0.123744,-0.00508094,0.150388,0.372804,-0.00157507,0.192058,1.84598,
10.2888,16.8504,-1.52357,0.952557,0.249126,-0.0480143,0.267986,0.667308,0.0824141,0.121034,-0.00539479,0.146838,0.372643,-0.001419,0.192058,1.8452,
10.2868,16.8504,-1.5213,0.952616,0.249034,-0.0479403,0.26787,0.667365,0.0799913,0.118323,-0.00570864,0.143288,0.372481,-0.00126293,0.192058,1.84442,
10.2849,16.8504,-1.51904,0.952675,0.248942,-0.0478664,0.267755,0.667423,0.0775684,0.115613,-0.0060225,0.139738,0.372319,-0.00110685,0.192058,1.84364,
10.2829,16.8504,-1.51677,0.952734,0.24885,-0.0477925,0.26764,0.66748,0.0751456,0.112902,-0.00633635,0.136188,0.372158,-0.00095078,0.192057,1.84287,
10.2809,16.8504,-1.5145,0.952793,0.248758,-0.0477185,0.267524,0.667538,0.0727228,0.110192,-0.0066502,0.132638,0.371996,-0.000794707,0.192057,1.84209,
10.279,16.8504,-1.51224,0.952853,0.248666,-0.0476446,0.267409,0.667595,0.0703,0.107481,-0.00696405,0.129088,0.371835,-0.000638633,0.192057,1.84131,
10.277,16.8504,-1.50997,0.952912,0.248575,-0.0475707,0.267294,0.667652,0.0678772,0.10477,-0.0072779,0.125538,0.371673,-0.00048256,0.192057,1.84053,
10.275,16.8504,-1.5077,0.952973,0.24848,-0.047495,0.267173,0.667712,0.0654004,0.10196,-0.00759536,0.121878,0.371506,-0.000333303,0.192058,1.83973,
10.273,16.8504,-1.50544,0.953036,0.248384,-0.0474175,0.267047,0.667773,0.0628705,0.0990508,-0.00791636,0.11811,0.371333,-0.000190736,0.192062,1.83889,
10.2711,16.8504,-1.50317,0.953099,0.248288,-0.0473401,0.266921,0.667834,0.0603407,0.0961419,-0.00823735,0.114342,0.37116,-4.81688e-05,0.192066,1.83806,
10.2691,16.8504,-1.5009,0.953162,0.248191,-0.0472626,0.266795,0.667895,0.0578108,0.093233,-0.00855835,0.110574,0.370987,9.43983e-05,0.19207,1.83723,
10.2671,16.8504,-1.49864,0.953225,0.248095,-0.0471852,0.266669,0.667956,0.055281,0.0903241,-0.00887935,0.106806,0.370814,0.000236965,0.192074,1.83639,
10.2652,16.8504,-1.49637,0.953288,0.247999,-0.0471078,0.266543,0.668017,0.0527511,0.0874152,-0.00920035,0.103038,0.370641,0.000379533,0.192077,1.83556,
10.2632,16.8504,-1.4941,0.953351,0.247902,-0.0470303,0.266417,0.668078,0.0502213,0.0845062,-0.00952135,0.09927,0.370468,0.0005221,0.192081,1.83473,
10.2612,16.8504,-1.49184,0.953414,0.247806,-0.0469529,0.266291,0.66814,0.0476914,0.0815973,-0.00984234,0.095502,0.370295,0.000664667,0.192085,1.83389,
10.2593,16.8504,-1.48957,0.953477,0.24771,-0.0468755,0.266165,0.668201,0.0451616,0.0786884,-0.0101633,0.0917339,0.370122,0.000807234,0.192089,1.83306,
10.2573,16.8504,-1.4873,0.95354,0.247614,-0.046798,0.266039,0.668262,0.0426317,0.0757794,-0.0104843,0.0879659,0.369949,0.000949801,0.192092,1.83222,
10.2553,16.8504,-1.48504,0.953603,0.247517,-0.0467206,0.265913,0.668323,0.0401019,0.0728705,-0.0108053,0.0841978,0.369775,0.00109237,0.192096,1.83139,
10.2533,16.8504,-1.48277,0.953666,0.247421,-0.0466432,0.265787,0.668384,0.037572,0.0699616,-0.0111263,0.0804298,0.369602,0.00123494,0.1921,1.83056,
10.2514,16.8504,-1.4805,0.953729,0.247325,-0.0465657,0.265661,0.668445,0.0350422,0.0670527,-0.0114473,0.0766618,0.369429,0.0013775,0.192104,1.82972,
10.2494,16.8504,-1.47824,0.953792,0.247228,-0.0464883,0.265535,0.668506,0.0325123,0.0641437,-0.0117683,0.0728937,0.369256,0.00152007,0.192108,1.82889,
10.2474,16.8504,-1.47597,0.953849,0.247139,-0.0464163,0.265411,0.668562,0.0302002,0.06116,-0.0118223,0.0695513,0.369092,0.00155693,0.192135,1.8281,
10.2455,16.8504,-1.4737,0.953905,0.247052,-0.0463454,0.265288,0.668617,0.027932,0.0581612,-0.0118224,0.0662946,0.368928,0.00157246,0.192167,1.82731,
10.2435,16.8504,-1.47143,0.953961,0.246964,-0.0462746,0.265166,0.668672,0.0256637,0.0551624,-0.0118225,0.0630379,0.368765,0.001588,0.1922,1.82652,
10.2415,16.8504,-1.46917,0.954017,0.246877,-0.0462037,0.265043,0.668727,0.0233955,0.0521635,-0.0118226,0.0597813,0.368602,0.00160354,0.192232,1.82574,
10.2396,16.8504,-1.4669,0.954073,0.246789,-0.0461328,0.26492,0.668782,0.0211273,0.0491647,-0.0118227,0.0565246,0.368439,0.00161908,0.192264,1.82495,
10.2376,16.8504,-1.46463,0.954129,0.246702,-0.0460619,0.264797,0.668837,0.0188591,0.0461659,-0.0118229,0.053268,0.368276,0.00163462,0.192297,1.82416,
10.2356,16.8504,-1.46237,0.954185,0.246614,-0.0459911,0.264674,0.668892,0.0165909,0.0431671,-0.011823,0.0500113,0.368112,0.00165016,0.192329,1.82337,
10.2336,16.8504,-1.4601,0.954241,0.246526,-0.0459202,0.264552,0.668947,0.0143148,0.0401683,-0.0118266,0.0467521,0.367949,0.00166945,0.192361,1.82259,
10.2317,16.8504,-1.45783,0.954297,0.246439,-0.0458493,0.264429,0.669002,0.0120063,0.0371698,-0.0118443,0.0434821,0.367787,0.00170411,0.192394,1.82181,
10.2297,16.8504,-1.45557,0.954353,0.246351,-0.0457784,0.264306,0.669057,0.00969789,0.0341713,-0.0118621,0.0402122,0.367625,0.00173877,0.192426,1.82102,
10.2277,16.8504,-1.4533,0.954409,0.246264,-0.0457075,0.264183,0.669112,0.00738946,0.0311729,-0.0118799,0.0369422,0.367463,0.00177343,0.192459,1.82024,
10.2258,16.8504,-1.45103,0.954465,0.246176,-0.0456366,0.26406,0.669167,0.00507903,0.0281804,-0.0119013,0.034114,0.3673,0.00180693,0.192491,1.81946,
10.2238,16.8504,-1.44877,0.954521,0.246088,-0.0455656,0.263938,0.669222,0.00275427,0.0252314,-0.0119494,0.0344491,0.367137,0.00183208,0.192524,1.81867,
10.2218,16.8504,-1.4465,0.954577,0.246001,-0.0454946,0.263815,0.669277,0.000429505,0.0222824,-0.0119975,0.0347843,0.366974,0.00185724,0.192556,1.81789,
10.2199,16.8504,-1.44423,0.954633,0.245913,-0.0454237,0.263692,0.669332,-0.00189526,0.0193334,-0.0120456,0.0351194,0.366811,0.0018824,0.192588,1.8171,
10.2179,16.8504,-1.44197,0.954689,0.245826,-0.0453527,0.26357,0.669387,-0.00422002,0.0163844,-0.0120937,0.0354546,0.366648,0.00190755,0.192621,1.81631,
10.2159,16.8504,-1.4397,0.954745,0.245738,-0.0452818,0.263447,0.669442,-0.00654478,0.0134354,-0.0121417,0.0357897,0.366485,0.00193271,0.192653,1.81553,
10.214,16.8504,-1.43743,0.954801,0.24565,-0.0452108,0.263324,0.669497,-0.00886954,0.0104864,-0.0121898,0.0361249,0.366322,0.00195786,0.192685,1.81474,
10.212,16.8504,-1.43517,0.95486,0.24556,-0.0451378,0.263193,0.669555,-0.0111723,0.00755517,-0.0122129,0.0350585,0.366151,0.00197162,0.19272,1.81391,
10.21,16.8504,-1.4329,0.95492,0.245469,-0.0450641,0.26306,0.669613,-0.0134673,0.00463026,-0.0122272,0.0334997,0.365977,0.00198136,0.192757,1.81308,
10.208,16.8504,-1.43063,0.954979,0.245378,-0.0449903,0.262926,0.669672,-0.0157623,0.00170534,-0.0122415,0.031941,0.365803,0.00199111,0.192793,1.81224,
10.2061,16.8504,-1.42837,0.955039,0.245286,-0.0449166,0.262793,0.66973,-0.0180573,-0.00121957,-0.0122558,0.0303822,0.365629,0.00200085,0.192829,1.8114,
10.2041,16.8504,-1.4261,0.955098,0.245195,-0.0448429,0.262659,0.669789,-0.0203523,-0.00414449,-0.0122701,0.0288235,0.365455,0.0020106,0.192866,1.81056,
10.2021,16.8504,-1.42383,0.955158,0.245104,-0.0447692,0.262525,0.669847,-0.0226473,-0.0070694,-0.0122845,0.0272647,0.365281,0.00202035,0.192902,1.80972,
10.2002,16.8504,-1.42157,0.955212,0.24502,-0.0447015,0.262398,0.669901,-0.0240017,-0.00887316,-0.0121045,0.0286623,0.365118,0.00197868,0.192943,1.80893,
10.1982,16.8504,-1.4193,0.955266,0.244938,-0.0446347,0.262272,0.669954,-0.0252274,-0.0105237,-0.011898,0.0304639,0.364957,0.00192998,0.192984,1.80815,
10.1962,16.8504,-1.41703,0.955319,0.244855,-0.0445679,0.262146,0.670006,-0.0264532,-0.0121742,-0.0116914,0.0322656,0.364795,0.00188128,0.193025,1.80737,
10.1943,16.8504,-1.41476,0.955373,0.244772,-0.0445011,0.262019,0.670059,-0.027679,-0.0138247,-0.0114849,0.0340672,0.364634,0.00183258,0.193066,1.80659,
10.1923,16.8504,-1.4125,0.955427,0.244689,-0.0444343,0.261893,0.670112,-0.0289048,-0.0154752,-0.0112784,0.0358689,0.364472,0.00178388,0.193107,1.80581,
10.1903,16.8504,-1.41023,0.95548,0.244607,-0.0443675,0.261767,0.670165,-0.0301305,-0.0171258,-0.0110719,0.0376705,0.36431,0.00173518,0.193149,1.80503,
10.1883,16.8504,-1.40796,0.955534,0.244524,-0.0443007,0.26164,0.670218,-0.0313563,-0.0187763,-0.0108653,0.0394721,0.364149,0.00168649,0.19319,1.80425,
10.1864,16.8504,-1.4057,0.955588,0.244441,-0.0442339,0.261514,0.670271,-0.0325821,-0.0204268,-0.0106588,0.0412738,0.363987,0.00163779,0.193231,1.80347,
10.1844,16.8504,-1.40343,0.955641,0.244358,-0.0441671,0.261388,0.670323,-0.0338078,-0.0220773,-0.0104523,0.0430754,0.363825,0.00158909,0.193272,1.80269,
10.1824,16.8504,-1.40116,0.955695,0.244276,-0.0441003,0.261261,0.670376,-0.0350336,-0.0237278,-0.0102458,0.0448771,0.363664,0.00154039,0.193314,1.80191,
10.1805,16.8504,-1.3989,0.955749,0.244193,-0.0440335,0.261135,0.670429,-0.0362594,-0.0253784,-0.0100392,0.0466787,0.363502,0.00149169,0.193355,1.80113,
10.1785,16.8504,-1.39663,0.955802,0.24411,-0.0439667,0.261009,0.670482,-0.0374852,-0.0270289,-0.00983271,0.0484803,0.363341,0.001443,0.193396,1.80035,
10.1765,16.8504,-1.39436,0.955856,0.244028,-0.0438999,0.260882,0.670535,-0.0387109,-0.0286794,-0.00962619,0.050282,0.363179,0.0013943,0.193437,1.79957,
10.1746,16.8504,-1.3921,0.955909,0.243945,-0.0438331,0.260756,0.670588,-0.0399367,-0.0303299,-0.00941966,0.0520836,0.363017,0.0013456,0.193478,1.79879,
10.1726,16.8504,-1.38983,0.955963,0.243862,-0.0437663,0.26063,0.67064,-0.0411625,-0.0319805,-0.00921314,0.0538853,0.362856,0.0012969,0.19352,1.79801,
10.1706,16.8504,-1.38756,0.956017,0.243779,-0.0436995,0.260503,0.670693,-0.0423883,-0.033631,-0.00900661,0.0556869,0.362694,0.0012482,0.193561,1.79723,
10.1686,16.8504,-1.3853,0.95607,0.243697,-0.0436327,0.260377,0.670746,-0.043614,-0.0352815,-0.00880009,0.0574885,0.362533,0.0011995,0.193602,1.79645,
10.1667,16.8504,-1.38303,0.956124,0.243614,-0.0435659,0.26025,0.670799,-0.0448398,-0.036932,-0.00859357,0.0592902,0.362371,0.00115081,0.193643,1.79567,
10.1647,16.8504,-1.38076,0.956178,0.243531,-0.043499,0.260124,0.670852,-0.0460656,-0.0385825,-0.00838704,0.0610918,0.362209,0.00110211,0.193685,1.79489,
10.1627,16.8504,-1.3785,0.956231,0.243448,-0.0434322,0.259998,0.670905,-0.0472913,-0.0402331,-0.00818052,0.0628935,0.362048,0.00105341,0.193726,1.79411,
10.1608,16.8504,-1.37623,0.956285,0.243366,-0.0433654,0.259871,0.670957,-0.0485171,-0.0418836,-0.00797399,0.0646951,0.361886,0.00100471,0.193767,1.79333,
10.1588,16.8504,-1.37396,0.95634,0.243283,-0.0432989,0.25974,0.671011,-0.04993,-0.0430072,-0.00828927,0.0665095,0.361721,0.000943514,0.193806,1.79253,
10.1568,16.8504,-1.3717,0.956391,0.243205,-0.0432364,0.259612,0.671062,-0.0518524,-0.0430429,-0.00990006,0.0685044,0.361563,0.00086826,0.193837,1.79177,
10.1549,16.8504,-1.36943,0.956443,0.243127,-0.0431738,0.259485,0.671113,-0.0537836,-0.0430858,-0.011513,0.0705177,0.361405,0.000792257,0.193867,1.791,
10.1529,16.8504,-1.36716,0.956494,0.243047,-0.0431099,0.25936,0.671163,-0.0557506,-0.043152,-0.0131288,0.072576,0.361247,0.000713533,0.193898,1.79024,
10.1509,16.8504,-1.3649,0.956546,0.242968,-0.043046,0.259235,0.671214,-0.0577158,-0.0432145,-0.0147418,0.0746185,0.361089,0.000635108,0.193929,1.78948,
10.149,16.8504,-1.36263,0.956597,0.242888,-0.0429822,0.25911,0.671265,-0.0596809,-0.0432769,-0.0163548,0.0766611,0.360932,0.000556683,0.193959,1.78872,
10.147,16.8504,-1.36036,0.956648,0.242808,-0.0429183,0.258984,0.671315,-0.0616461,-0.0433394,-0.0179678,0.0787036,0.360774,0.000478257,0.19399,1.78795,
10.145,16.8504,-1.35809,0.9567,0.242728,-0.0428545,0.258859,0.671366,-0.0636112,-0.0434019,-0.0195808,0.0807462,0.360617,0.000399832,0.194021,1.78719,
10.143,16.8504,-1.35583,0.956751,0.242648,-0.0427906,0.258734,0.671416,-0.0655764,-0.0434644,-0.0211938,0.0827887,0.360459,0.000321406,0.194052,1.78643,
10.1411,16.8504,-1.35356,0.956803,0.242568,-0.0427267,0.258609,0.671467,-0.0675415,-0.0435269,-0.0228069,0.0848313,0.360302,0.000242981,0.194082,1.78567,
10.1391,16.8504,-1.35129,0.956854,0.242489,-0.0426629,0.258484,0.671517,-0.0695067,-0.0435894,-0.0244199,0.0868738,0.360144,0.000164556,0.194113,1.78491,
10.1371,16.8504,-1.34903,0.956905,0.242409,-0.042599,0.258359,0.671568,-0.0714718,-0.0436519,-0.0260329,0.0889164,0.359987,8.61301e-05,0.194144,1.78415,
10.1352,16.8504,-1.34676,0.956957,0.242329,-0.0425351,0.258233,0.671619,-0.0734369,-0.0437144,-0.0276459,0.0909589,0.359829,7.70466e-06,0.194175,1.78338,
10.1332,16.8504,-1.34449,0.957008,0.242249,-0.0424713,0.258108,0.671669,-0.0754021,-0.0437768,-0.0292589,0.0930015,0.359671,-7.07208e-05,0.194205,1.78262,
10.1312,16.8504,-1.34223,0.95706,0.242169,-0.0424074,0.257983,0.67172,-0.0773672,-0.0438393,-0.0308719,0.095044,0.359514,-0.000149146,0.194236,1.78186,
10.1293,16.8504,-1.33996,0.957111,0.24209,-0.0423436,0.257858,0.67177,-0.0793324,-0.0439018,-0.0324849,0.0970866,0.359356,-0.000227572,0.194267,1.7811,
10.1273,16.8504,-1.33769,0.957162,0.24201,-0.0422797,0.257733,0.671821,-0.0812975,-0.0439643,-0.0340979,0.0991291,0.359199,-0.000305997,0.194297,1.78034,
10.1253,16.8504,-1.33543,0.957214,0.24193,-0.0422158,0.257608,0.671871,-0.0832627,-0.0440268,-0.0357109,0.101172,0.359041,-0.000384422,0.194328,1.77958,
10.1233,16.8504,-1.33316,0.957265,0.24185,-0.042152,0.257483,0.671922,-0.0852278,-0.0440893,-0.037324,0.103214,0.358884,-0.000462848,0.194359,1.77882,
10.1214,16.8504,-1.33089,0.957316,0.24177,-0.0420881,0.257357,0.671973,-0.087193,-0.0441518,-0.038937,0.105257,0.358726,-0.000541273,0.19439,1.77805,
10.1194,16.8504,-1.32863,0.957365,0.241698,-0.0420236,0.257236,0.67202,-0.0853043,-0.0412894,-0.0393819,0.103486,0.358576,-0.000623266,0.194405,1.77733,
10.1174,16.8504,-1.32636,0.957413,0.241628,-0.0419588,0.257115,0.672067,-0.0824823,-0.0377188,-0.0395439,0.100792,0.358428,-0.000706123,0.194418,1.77661,
10.1155,16.8504,-1.32409,0.95746,0.241558,-0.0418941,0.256994,0.672114,-0.0796604,-0.0341481,-0.0397059,0.0980984,0.35828,-0.00078898,0.19443,1.7759,
10.1135,16.8504,-1.32183,0.957508,0.241487,-0.0418294,0.256873,0.672161,-0.0768384,-0.0305775,-0.039868,0.0954045,0.358132,-0.000871836,0.194442,1.77518,
10.1115,16.8504,-1.31956,0.957556,0.241417,-0.0417645,0.256752,0.672208,-0.073897,-0.0270088,-0.0399447,0.0925826,0.357984,-0.000946667,0.194454,1.77447,
10.1096,16.8504,-1.31729,0.957605,0.241346,-0.041699,0.256626,0.672257,-0.0708415,-0.0232875,-0.0398452,0.089726,0.357832,-0.00101669,0.194466,1.77373,
10.1076,16.8504,-1.31503,0.957654,0.241274,-0.0416335,0.2565,0.672306,-0.0677819,-0.0195558,-0.0397365,0.0868711,0.35768,-0.00108664,0.194478,1.773,
10.1056,16.8504,-1.31276,0.957704,0.241203,-0.041568,0.256374,0.672354,-0.0647223,-0.0158242,-0.0396277,0.0840162,0.357528,-0.00115659,0.194491,1.77226,
10.1036,16.8504,-1.31049,0.957753,0.241131,-0.0415025,0.256248,0.672403,-0.0616628,-0.0120925,-0.039519,0.0811612,0.357376,-0.00122654,0.194503,1.77152,
10.1017,16.8504,-1.30823,0.957803,0.24106,-0.0414369,0.256123,0.672452,-0.0586032,-0.00836079,-0.0394102,0.0783063,0.357224,-0.00129649,0.194515,1.77079,
10.0997,16.8504,-1.30596,0.957852,0.240989,-0.0413714,0.255997,0.6725,-0.0555436,-0.0046291,-0.0393015,0.0754514,0.357071,-0.00136644,0.194527,1.77005,
10.0977,16.8504,-1.30369,0.957901,0.240917,-0.0413059,0.255871,0.672549,-0.0524841,-0.000897411,-0.0391927,0.0725965,0.356919,-0.00143639,0.19454,1.76932,
10.0958,16.8504,-1.30143,0.957951,0.240846,-0.0412404,0.255745,0.672598,-0.0494245,0.00283428,-0.039084,0.0697415,0.356767,-0.00150633,0.194552,1.76858,
10.0938,16.8504,-1.29916,0.958,0.240775,-0.0411748,0.255619,0.672646,-0.0463649,0.00656596,-0.0389752,0.0668866,0.356615,-0.00157628,0.194564,1.76784,
10.0918,16.8504,-1.29689,0.95805,0.240703,-0.0411093,0.255493,0.672695,-0.0433053,0.0102977,-0.0388664,0.0640317,0.356463,-0.00164623,0.194577,1.76711,
10.0899,16.8504,-1.29462,0.958099,0.240632,-0.0410438,0.255367,0.672743,-0.0402458,0.0140293,-0.0387577,0.0611767,0.35631,-0.00171618,0.194589,1.76637,
10.0879,16.8504,-1.29236,0.958148,0.240561,-0.0409783,0.255241,0.672792,-0.0371862,0.017761,-0.0386489,0.0583218,0.356158,-0.00178613,0.194601,1.76564,
10.0859,16.8504,-1.29009,0.958197,0.240491,-0.0409152,0.255118,0.67284,-0.0342394,0.0210276,-0.0382595,0.0560131,0.356009,-0.00182657,0.194615,1.76492,
10.084,16.8504,-1.28782,0.958244,0.240429,-0.0408618,0.255003,0.672886,-0.0317334,0.022475,-0.0367723,0.0558407,0.355873,-0.00175158,0.194636,1.76426,
10.082,16.8504,-1.28556,0.95829,0.240367,-0.0408083,0.254887,0.672932,-0.0292275,0.0239225,-0.0352851,0.0556682,0.355737,-0.00167659,0.194657,1.7636,
10.08,16.8504,-1.28329,0.958337,0.240305,-0.0407549,0.254772,0.672978,-0.0267216,0.0253699,-0.0337978,0.0554958,0.355601,-0.00160161,0.194678,1.76294,
10.078,16.8504,-1.28102,0.958383,0.240243,-0.0407014,0.254657,0.673023,-0.0242157,0.0268174,-0.0323106,0.0553234,0.355465,-0.00152662,0.194699,1.76228,
10.0761,16.8504,-1.27876,0.95843,0.240181,-0.040648,0.254542,0.673069,-0.0217097,0.0282648,-0.0308234,0.0551509,0.355328,-0.00145164,0.19472,1.76162,
10.0741,16.8504,-1.27649,0.958477,0.24012,-0.0405945,0.254427,0.673115,-0.0192038,0.0297122,-0.0293362,0.0549785,0.355192,-0.00137665,0.194741,1.76097,
10.0721,16.8504,-1.27422,0.958523,0.240058,-0.0405411,0.254312,0.673161,-0.0166979,0.0311597,-0.027849,0.0548061,0.355056,-0.00130167,0.194762,1.76031,
10.0702,16.8504,-1.27196,0.95857,0.239996,-0.0404876,0.254197,0.673206,-0.0141919,0.0326071,-0.0263618,0.0546336,0.35492,-0.00122668,0.194783,1.75965,
10.0682,16.8504,-1.26969,0.958616,0.239934,-0.0404342,0.254082,0.673252,-0.011686,0.0340546,-0.0248746,0.0544612,0.354784,-0.0011517,0.194805,1.75899,
10.0662,16.8504,-1.26742,0.958663,0.239872,-0.0403807,0.253967,0.673298,-0.00918008,0.035502,-0.0233873,0.0542888,0.354647,-0.00107671,0.194826,1.75833,
10.0643,16.8504,-1.26516,0.958709,0.23981,-0.0403273,0.253851,0.673344,-0.00667415,0.0369495,-0.0219001,0.0541163,0.354511,-0.00100173,0.194847,1.75768,
10.0623,16.8504,-1.26289,0.958756,0.239748,-0.0402738,0.253736,0.673389,-0.00416822,0.0383969,-0.0204129,0.0539439,0.354375,-0.00092674,0.194868,1.75702,
10.0603,16.8504,-1.26062,0.958803,0.239686,-0.0402204,0.253621,0.673435,-0.0016623,0.0398444,-0.0189257,0.0537715,0.354239,-0.000851754,0.194889,1.75636,
10.0583,16.8504,-1.25836,0.958849,0.239624,-0.0401669,0.253506,0.673481,0.000843633,0.0412918,-0.0174385,0.053599,0.354103,-0.000776769,0.19491,1.7557,
10.0564,16.8504,-1.25609,0.958896,0.239562,-0.0401135,0.253391,0.673527,0.00334956,0.0427393,-0.0159513,0.0534266,0.353967,-0.000701783,0.194931,1.75504,
10.0544,16.8504,-1.25382,0.958943,0.239499,-0.0400589,0.253273,0.673573,0.00568658,0.0437922,-0.014608,0.0530303,0.353827,-0.000634643,0.194953,1.75437,
10.0524,16.8504,-1.25156,0.958991,0.239435,-0.0400039,0.253155,0.67362,0.00795447,0.0446826,-0.0133238,0.052397,0.353687,-0.000572284,0.194975,1.75369,
10.0505,16.8504,-1.24929,0.959039,0.23937,-0.0399489,0.253036,0.673667,0.0102224,0.0455731,-0.0120396,0.0517637,0.353547,-0.000509925,0.194998,1.75301,
10.0485,16.8504,-1.24702,0.959086,0.239306,-0.0398938,0.252917,0.673714,0.0124903,0.0464635,-0.0107554,0.0511305,0.353407,-0.000447567,0.19502,1.75234,
10.0465,16.8504,-1.24476,0.959134,0.239242,-0.0398396,0.252799,0.673761,0.0158115,0.0479617,-0.00908872,0.0520708,0.353266,-0.000391584,0.195041,1.75166,
10.0446,16.8504,-1.24249,0.959181,0.239178,-0.0397867,0.252685,0.673807,0.0183162,0.0484411,-0.00687127,0.0529124,0.35313,-0.000300616,0.195064,1.751,
10.0426,16.8504,-1.24022,0.959227,0.239115,-0.0397351,0.252576,0.673852,0.0195365,0.0474892,-0.00405214,0.0534658,0.352997,-0.000163883,0.19509,1.75036,
10.0406,16.8504,-1.23795,0.959273,0.239051,-0.0396836,0.252468,0.673898,0.0207568,0.0465373,-0.00123302,0.0540192,0.352865,-2.71509e-05,0.195115,1.74972,
10.0386,16.8504,-1.23569,0.95932,0.238987,-0.0396321,0.252359,0.673943,0.021977,0.0455854,0.0015861,0.0545727,0.352733,0.000109582,0.19514,1.74908,
10.0367,16.8504,-1.23342,0.959366,0.238923,-0.0395805,0.252251,0.673989,0.0231973,0.0446335,0.00440522,0.0551261,0.3526,0.000246314,0.195165,1.74844,
10.0347,16.8504,-1.23115,0.959412,0.238859,-0.039529,0.252143,0.674034,0.0243782,0.0433908,0.00681366,0.0553038,0.352468,0.000362316,0.195189,1.7478,
10.0327,16.8504,-1.22889,0.959457,0.238795,-0.0394775,0.252034,0.674079,0.0255268,0.041909,0.00888437,0.0551726,0.352336,0.000461272,0.195213,1.74716,
10.0308,16.8504,-1.22662,0.959503,0.23873,-0.039426,0.251926,0.674123,0.0266753,0.0404273,0.0109551,0.0550414,0.352203,0.000560228,0.195238,1.74652,
10.0288,16.8504,-1.22435,0.959548,0.238666,-0.0393745,0.251817,0.674168,0.0278239,0.0389455,0.0130258,0.0549102,0.352071,0.000659183,0.195262,1.74588,
10.0268,16.8504,-1.22209,0.959594,0.238602,-0.039323,0.251709,0.674213,0.0289724,0.0374637,0.0150965,0.054779,0.351939,0.000758139,0.195286,1.74524,
10.0249,16.8504,-1.21982,0.95964,0.238537,-0.0392715,0.2516,0.674258,0.030121,0.035982,0.0171672,0.0546477,0.351806,0.000857095,0.19531,1.7446,
10.0229,16.8504,-1.21755,0.959685,0.238473,-0.03922,0.251492,0.674302,0.0312696,0.0345002,0.0192379,0.0545165,0.351674,0.00095605,0.195334,1.74396,
10.0209,16.8504,-1.21529,0.959731,0.238409,-0.0391685,0.251384,0.674347,0.0324181,0.0330184,0.0213086,0.0543853,0.351541,0.00105501,0.195358,1.74332,
10.019,16.8504,-1.21302,0.959776,0.238344,-0.039117,0.251275,0.674392,0.0335667,0.0315367,0.0233793,0.0542541,0.351409,0.00115396,0.195383,1.74268,
10.017,16.8504,-1.21075,0.959822,0.23828,-0.0390655,0.251167,0.674436,0.0347153,0.0300549,0.02545,0.0541228,0.351277,0.00125292,0.195407,1.74204,
10.015,16.8504,-1.20849,0.959867,0.238216,-0.039014,0.251058,0.674481,0.0358638,0.0285731,0.0275208,0.0539916,0.351144,0.00135187,0.195431,1.7414,
10.013,16.8504,-1.20622,0.959913,0.238156,-0.0389663,0.250946,0.674526,0.0369654,0.0276779,0.0287952,0.0544455,0.351013,0.00146351,0.195455,1.74076,
10.0111,16.8504,-1.20395,0.959958,0.2381,-0.0389237,0.250833,0.674571,0.0377498,0.0273647,0.0290507,0.0550182,0.350884,0.00163813,0.19548,1.74014,
10.0091,16.8504,-1.20169,0.960004,0.238045,-0.0388818,0.250719,0.674616,0.0384574,0.0270953,0.0291849,0.0555093,0.350756,0.00182736,0.195505,1.73952,
10.0071,16.8504,-1.19942,0.96005,0.237991,-0.0388399,0.250606,0.67466,0.0391651,0.0268259,0.0293191,0.0560004,0.350628,0.00201659,0.19553,1.73891,
10.0052,16.8504,-1.19715,0.960095,0.237936,-0.0387979,0.250492,0.674705,0.0398727,0.0265565,0.0294533,0.0564915,0.3505,0.00220582,0.195555,1.73829,
10.0032,16.8504,-1.19489,0.960141,0.237881,-0.038756,0.250379,0.67475,0.0405803,0.0262871,0.0295875,0.0569826,0.350372,0.00239505,0.19558,1.73767,
10.0012,16.8504,-1.19262,0.960187,0.237826,-0.038714,0.250265,0.674795,0.0412879,0.0260176,0.0297217,0.0574736,0.350244,0.00258428,0.195605,1.73705,
9.99926,16.8504,-1.19035,0.960232,0.237771,-0.0386721,0.250152,0.67484,0.0419955,0.0257482,0.0298559,0.0579647,0.350115,0.00277351,0.19563,1.73643,
9.99729,16.8504,-1.18809,0.960278,0.237716,-0.0386302,0.250038,0.674885,0.0427031,0.0254788,0.0299901,0.0584558,0.349987,0.00296275,0.195655,1.73581,
9.99532,16.8504,-1.18582,0.960324,0.237662,-0.0385882,0.249925,0.674929,0.0434107,0.0252094,0.0301243,0.0589332,0.349859,0.003152,0.19568,1.73519,
9.99335,16.8504,-1.18355,0.960369,0.237607,-0.0385463,0.249812,0.674974,0.0441183,0.02494,0.0302585,0.0593854,0.349731,0.00334131,0.195705,1.73457,
9.99138,16.8504,-1.18129,0.960415,0.237552,-0.0385043,0.249698,0.675019,0.044826,0.0246706,0.0303927,0.0598376,0.349602,0.00353062,0.19573,1.73395,
9.98941,16.8504,-1.17902,0.960461,0.237497,-0.0384624,0.249585,0.675064,0.0455336,0.0244012,0.0305269,0.0602898,0.349474,0.00371993,0.195755,1.73333,
9.98744,16.8504,-1.17675,0.960506,0.237442,-0.0384205,0.249471,0.675109,0.0462412,0.0241318,0.0306611,0.060742,0.349346,0.00390923,0.19578,1.73271,
9.98547,16.8504,-1.17448,0.960552,0.237388,-0.0383785,0.249358,0.675154,0.0469488,0.0238623,0.0307953,0.0611942,0.349217,0.00409854,0.195805,1.73209,
9.9835,16.8504,-1.17222,0.960595,0.237335,-0.0383396,0.249241,0.675196,0.0475866,0.0234458,0.0312177,0.0617645,0.349089,0.00416479,0.195829,1.73147,
9.98153,16.8504,-1.16995,0.960639,0.237282,-0.038301,0.249124,0.675239,0.0482151,0.0230098,0.0316783,0.0623504,0.34896,0.00421468,0.195853,1.73085,
9.97956,16.8504,-1.16768,0.960682,0.23723,-0.0382624,0.249007,0.675281,0.0488436,0.0225737,0.032139,0.0629364,0.348831,0.00426456,0.195877,1.73022,
9.97759,16.8504,-1.16542,0.960725,0.237177,-0.0382239,0.24889,0.675323,0.0494721,0.0221377,0.0325996,0.0635223,0.348703,0.00431444,0.195902,1.7296,
9.97562,16.8504,-1.16315,0.960768,0.237125,-0.0381853,0.248773,0.675366,0.0501006,0.0217016,0.0330603,0.0641083,0.348574,0.00436432,0.195926,1.72898,
9.97365,16.8504,-1.16088,0.960811,0.237072,-0.038147,0.248657,0.675408,0.0504727,0.0208222,0.033568,0.0644982,0.348446,0.00442287,0.19595,1.72836,
9.97168,16.8504,-1.15862,0.960854,0.237018,-0.0381096,0.248544,0.67545,0.050012,0.0185025,0.0342287,0.0642515,0.348319,0.00450959,0.195973,1.72775,
9.96971,16.8504,-1.15635,0.960897,0.236964,-0.0380718,0.248431,0.675492,0.0497105,0.0164322,0.0349886,0.0642153,0.348193,0.00458721,0.195997,1.72713,
9.96774,16.8504,-1.15408,0.960939,0.236908,-0.0380322,0.248317,0.675534,0.0500265,0.015329,0.0361334,0.0649954,0.348065,0.00462953,0.196021,1.72651,
9.96577,16.8504,-1.15182,0.960982,0.236852,-0.0379926,0.248204,0.675576,0.0503424,0.0142259,0.0372781,0.0657755,0.347937,0.00467185,0.196045,1.72589,
9.9638,16.8504,-1.14955,0.961025,0.236796,-0.037953,0.248091,0.675618,0.0506584,0.0131227,0.0384229,0.0665555,0.347809,0.00471418,0.196069,1.72527,
9.96183,16.8504,-1.14728,0.961067,0.236741,-0.0379134,0.247978,0.67566,0.0509743,0.0120196,0.0395676,0.0673356,0.347681,0.0047565,0.196093,1.72465,
9.95986,16.8504,-1.14502,0.96111,0.236685,-0.0378738,0.247865,0.675702,0.0512902,0.0109164,0.0407124,0.0681157,0.347553,0.00479882,0.196117,1.72403,
9.95789,16.8504,-1.14275,0.961149,0.23663,-0.0378346,0.247755,0.67574,0.0520998,0.00982249,0.0425119,0.0696146,0.347428,0.00471814,0.19614,1.72343,
9.95592,16.8504,-1.14048,0.961186,0.236575,-0.0377956,0.247646,0.675777,0.0531909,0.00873387,0.0446849,0.0715236,0.347306,0.0045673,0.196161,1.72284,
9.95395,16.8504,-1.13822,0.961224,0.236521,-0.0377567,0.247538,0.675813,0.0542821,0.00764525,0.0468579,0.0734325,0.347183,0.00441645,0.196183,1.72224,
9.95198,16.8504,-1.13595,0.961261,0.236466,-0.0377177,0.24743,0.67585,0.0553732,0.00655664,0.0490309,0.0753415,0.34706,0.00426561,0.196204,1.72165,
9.95001,16.8504,-1.13368,0.961298,0.236411,-0.0376787,0.247322,0.675887,0.0564644,0.00546802,0.0512039,0.0772504,0.346938,0.00411476,0.196226,1.72105,
9.94804,16.8504,-1.13142,0.961335,0.236357,-0.0376397,0.247214,0.675923,0.0575555,0.0043794,0.0533769,0.0791594,0.346815,0.00396392,0.196247,1.72045,
9.94607,16.8504,-1.12915,0.961373,0.236302,-0.0376007,0.247106,0.67596,0.0586467,0.00329078,0.0555499,0.0810683,0.346692,0.00381307,0.196269,1.71986,
9.9441,16.8504,-1.12688,0.96141,0.236249,-0.0375624,0.246997,0.675997,0.0581296,0.00169539,0.0563697,0.0814988,0.34657,0.00367778,0.196289,1.71927,
9.94213,16.8504,-1.12462,0.961447,0.236198,-0.0375251,0.246888,0.676033,0.0555349,-0.000554741,0.0554412,0.080019,0.346449,0.00356258,0.196309,1.71868,
9.94016,16.8504,-1.12235,0.961484,0.236148,-0.0374878,0.246779,0.67607,0.0529402,-0.00280487,0.0545127,0.0785392,0.346328,0.00344739,0.196328,1.71809,
9.9382,16.8504,-1.12008,0.961522,0.236097,-0.0374505,0.246669,0.676106,0.0503455,-0.00505501,0.0535842,0.0770595,0.346206,0.00333219,0.196347,1.7175,
9.93622,16.8504,-1.11781,0.961559,0.236046,-0.0374131,0.24656,0.676143,0.0477508,-0.00730514,0.0526558,0.0755797,0.346085,0.00321699,0.196366,1.71691,
9.93426,16.8504,-1.11555,0.961596,0.235995,-0.0373758,0.246451,0.67618,0.045156,-0.00955527,0.0517273,0.0741,0.345964,0.0031018,0.196385,1.71632,
9.93229,16.8504,-1.11328,0.961633,0.235944,-0.0373385,0.246342,0.676216,0.0425613,-0.0118054,0.0507988,0.0726202,0.345843,0.0029866,0.196404,1.71574,
9.93032,16.8504,-1.11101,0.96167,0.235893,-0.0373012,0.246233,0.676253,0.0399666,-0.0140555,0.0498703,0.0711405,0.345721,0.0028714,0.196423,1.71515,
9.92835,16.8504,-1.10875,0.961708,0.235842,-0.0372638,0.246123,0.67629,0.0373646,-0.0162884,0.0489484,0.0698754,0.345599,0.00275653,0.196443,1.71456,
9.92638,16.8504,-1.10648,0.961746,0.235791,-0.0372258,0.246008,0.676328,0.034721,-0.0184236,0.0480641,0.0698279,0.345474,0.00264349,0.196463,1.71395,
9.92441,16.8504,-1.10421,0.961784,0.23574,-0.0371879,0.245894,0.676365,0.0320773,-0.0205588,0.0471797,0.0697803,0.34535,0.00253045,0.196484,1.71334,
9.92244,16.8504,-1.10195,0.961823,0.235689,-0.0371499,0.24578,0.676403,0.0294337,-0.0226941,0.0462953,0.0697328,0.345225,0.0024174,0.196504,1.71274,
9.92047,16.8504,-1.09968,0.961861,0.235638,-0.037112,0.245666,0.676441,0.0267901,-0.0248293,0.045411,0.0696853,0.3451,0.00230436,0.196525,1.71213,
9.9185,16.8504,-1.09741,0.961899,0.235587,-0.037074,0.245552,0.676479,0.0241465,-0.0269645,0.0445266,0.0696378,0.344975,0.00219132,0.196545,1.71153,
9.91653,16.8504,-1.09515,0.961938,0.235536,-0.0370361,0.245438,0.676516,0.0215029,-0.0290997,0.0436422,0.0695903,0.34485,0.00207828,0.196565,1.71092,
9.91456,16.8504,-1.09288,0.961976,0.235485,-0.0369981,0.245323,0.676554,0.0188593,-0.0312349,0.0427579,0.0695427,0.344725,0.00196524,0.196586,1.71031,
9.91259,16.8504,-1.09061,0.962014,0.235434,-0.0369602,0.245209,0.676592,0.0162157,-0.0333701,0.0418735,0.0694952,0.3446,0.0018522,0.196606,1.70971,
9.91062,16.8504,-1.08835,0.962053,0.235383,-0.0369222,0.245095,0.676629,0.0135721,-0.0355053,0.0409892,0.0694477,0.344475,0.00173916,0.196627,1.7091,
9.90865,16.8504,-1.08608,0.962091,0.235332,-0.0368843,0.244981,0.676667,0.0109284,-0.0376405,0.0401048,0.0694002,0.34435,0.00162611,0.196647,1.7085,
9.90668,16.8504,-1.08381,0.962129,0.23528,-0.0368463,0.244867,0.676705,0.00828482,-0.0397757,0.0392204,0.0693526,0.344226,0.00151307,0.196668,1.70789,
9.90471,16.8504,-1.08155,0.962168,0.235229,-0.0368084,0.244752,0.676743,0.00564121,-0.0419109,0.0383361,0.0693051,0.344101,0.00140003,0.196688,1.70728,
9.90274,16.8504,-1.07928,0.962206,0.235178,-0.0367704,0.244638,0.67678,0.0029976,-0.0440461,0.0374517,0.0692576,0.343976,0.00128699,0.196709,1.70668,
9.90077,16.8504,-1.07701,0.962244,0.235127,-0.0367325,0.244524,0.676818,0.000353986,-0.0461813,0.0365673,0.0692101,0.343851,0.00117395,0.196729,1.70607,
9.8988,16.8504,-1.07475,0.962283,0.235076,-0.0366945,0.24441,0.676856,-0.00228963,-0.0483165,0.035683,0.0691626,0.343726,0.00106091,0.196749,1.70547,
9.89683,16.8504,-1.07248,0.962321,0.235025,-0.0366566,0.244296,0.676894,-0.00493324,-0.0504517,0.0347986,0.069115,0.343601,0.000947865,0.19677,1.70486,
9.89486,16.8504,-1.07021,0.962359,0.234974,-0.0366186,0.244182,0.676931,-0.00754424,-0.0524822,0.0339079,0.0691327,0.343477,0.0008375,0.19679,1.70426,
9.89289,16.8504,-1.06795,0.962396,0.234926,-0.0365809,0.244072,0.676968,-0.00973146,-0.0531521,0.0329345,0.069998,0.343357,0.000761915,0.196811,1.70368,
9.89092,16.8504,-1.06568,0.962433,0.234878,-0.0365432,0.243962,0.677004,-0.0119187,-0.0538221,0.0319611,0.0708632,0.343238,0.000686329,0.196832,1.7031,
9.88895,16.8504,-1.06341,0.96247,0.23483,-0.0365054,0.243852,0.677041,-0.0141059,-0.054492,0.0309877,0.0717285,0.343118,0.000610744,0.196853,1.70252,
9.88698,16.8504,-1.06114,0.962507,0.234781,-0.0364677,0.243742,0.677077,-0.0162931,-0.055162,0.0300144,0.0725937,0.342999,0.000535158,0.196874,1.70194,
9.88501,16.8504,-1.05888,0.962544,0.234733,-0.0364299,0.243632,0.677114,-0.0184803,-0.055832,0.029041,0.073459,0.342879,0.000459573,0.196895,1.70136,
9.88304,16.8504,-1.05661,0.962581,0.234685,-0.0363922,0.243523,0.67715,-0.0206675,-0.0565019,0.0280676,0.0743242,0.34276,0.000383987,0.196916,1.70078,
9.88107,16.8504,-1.05434,0.962618,0.234637,-0.0363544,0.243413,0.677187,-0.0228548,-0.0571719,0.0270942,0.0751895,0.34264,0.000308402,0.196937,1.7002,
9.8791,16.8504,-1.05208,0.962655,0.234588,-0.0363167,0.243303,0.677223,-0.025042,-0.0578418,0.0261208,0.0760547,0.342521,0.000232816,0.196958,1.69962,
9.87713,16.8504,-1.04981,0.962692,0.23454,-0.0362789,0.243193,0.67726,-0.0272292,-0.0585118,0.0251474,0.07692,0.342401,0.000157231,0.196979,1.69904,
9.87516,16.8504,-1.04754,0.962729,0.234492,-0.0362412,0.243083,0.677296,-0.0294164,-0.0591817,0.024174,0.0777852,0.342282,8.16452e-05,0.196999,1.69846,
9.8732,16.8504,-1.04528,0.962765,0.234444,-0.0362034,0.242973,0.677333,-0.0316036,-0.0598517,0.0232007,0.0786505,0.342163,6.05973e-06,0.19702,1.69788,
9.87123,16.8504,-1.04301,0.962802,0.234395,-0.0361657,0.242863,0.677369,-0.0337909,-0.0605216,0.0222273,0.0795157,0.342043,-6.95258e-05,0.197041,1.6973,
9.86926,16.8504,-1.04074,0.962839,0.234347,-0.0361279,0.242753,0.677406,-0.0359781,-0.0611916,0.0212539,0.080381,0.341924,-0.000145111,0.197062,1.69672,
9.86729,16.8504,-1.03848,0.962876,0.234299,-0.0360902,0.242643,0.677442,-0.0381653,-0.0618616,0.0202805,0.0812462,0.341804,-0.000220697,0.197083,1.69614,
9.86532,16.8504,-1.03621,0.962913,0.234251,-0.0360524,0.242534,0.677479,-0.0403525,-0.0625315,0.0193071,0.0821115,0.341685,-0.000296282,0.197104,1.69556,
9.86335,16.8504,-1.03394,0.96295,0.234202,-0.0360147,0.242424,0.677515,-0.0425397,-0.0632015,0.0183337,0.0829767,0.341565,-0.000371868,0.197125,1.69498,
9.86138,16.8504,-1.03168,0.962987,0.234154,-0.0359769,0.242314,0.677552,-0.044727,-0.0638714,0.0173604,0.0838419,0.341446,-0.000447453,0.197146,1.6944,
9.85941,16.8504,-1.02941,0.963024,0.234106,-0.0359392,0.242204,0.677588,-0.0469142,-0.0645414,0.016387,0.0847072,0.341326,-0.000523039,0.197167,1.69382,
9.85744,16.8504,-1.02714,0.963061,0.234058,-0.0359014,0.242094,0.677625,-0.0491014,-0.0652113,0.0154136,0.0855725,0.341207,-0.000598624,0.197188,1.69324,
9.85547,16.8504,-1.02488,0.963098,0.234009,-0.0358637,0.241984,0.677661,-0.0512886,-0.0658813,0.0144402,0.0864377,0.341087,-0.00067421,0.197209,1.69266,
9.8535,16.8504,-1.02261,0.963135,0.233964,-0.0358262,0.241873,0.677697,-0.0530905,-0.0656293,0.013411,0.0870995,0.340969,-0.000738029,0.197231,1.69209,
9.85153,16.8504,-1.02034,0.963171,0.233919,-0.0357887,0.241761,0.677734,-0.0547048,-0.0649284,0.0123547,0.0876621,0.34085,-0.000796119,0.197253,1.69151,
9.84956,16.8504,-1.01808,0.963208,0.233875,-0.0357513,0.241649,0.67777,-0.056319,-0.0642275,0.0112983,0.0882248,0.340732,-0.000854209,0.197276,1.69094,
9.84759,16.8504,-1.01581,0.963245,0.23383,-0.0357139,0.241537,0.677806,-0.0579333,-0.0635266,0.010242,0.0887875,0.340614,-0.0009123,0.197299,1.69036,
9.84562,16.8504,-1.01354,0.963282,0.233786,-0.0356764,0.241424,0.677843,-0.0595476,-0.0628257,0.00918561,0.0893502,0.340495,-0.00097039,0.197322,1.68979,
9.84365,16.8504,-1.01128,0.963318,0.233742,-0.035639,0.241312,0.677879,-0.0611619,-0.0621248,0.00812926,0.0899129,0.340377,-0.00102848,0.197344,1.68922,
9.84168,16.8504,-1.00901,0.963355,0.233697,-0.0356016,0.2412,0.677915,-0.0627761,-0.0614239,0.00707291,0.0904756,0.340259,-0.00108657,0.197367,1.68864,
9.83971,16.8504,-1.00674,0.963392,0.233653,-0.0355641,0.241088,0.677951,-0.0643904,-0.060723,0.00601655,0.0910383,0.34014,-0.00114466,0.19739,1.68807,
9.83774,16.8504,-1.00447,0.963428,0.233608,-0.0355267,0.240976,0.677988,-0.0660047,-0.0600221,0.0049602,0.091601,0.340022,-0.00120275,0.197413,1.68749,
9.83577,16.8504,-1.00221,0.963465,0.233564,-0.0354893,0.240864,0.678024,-0.067619,-0.0593212,0.00390385,0.0921637,0.339904,-0.00126084,0.197435,1.68692,
9.8338,16.8504,-0.999941,0.963502,0.233519,-0.0354519,0.240752,0.67806,-0.0692332,-0.0586203,0.0028475,0.0927264,0.339785,-0.00131893,0.197458,1.68635,
9.83183,16.8504,-0.997675,0.963538,0.233475,-0.0354144,0.24064,0.678097,-0.0708475,-0.0579194,0.00179115,0.093289,0.339667,-0.00137702,0.197481,1.68577,
9.82986,16.8504,-0.995408,0.963574,0.233431,-0.0353763,0.240531,0.678131,-0.0721323,-0.0568805,0.00053308,0.0938232,0.339552,-0.00145945,0.197503,1.68521,
9.82789,16.8504,-0.993141,0.963607,0.233388,-0.0353374,0.240426,0.678165,-0.0730956,-0.0555118,-0.000921801,0.0943294,0.339439,-0.00156563,0.197526,1.68467,
9.82592,16.8504,-0.990874,0.963641,0.233345,-0.0352985,0.24032,0.678198,-0.074059,-0.0541432,-0.00237668,0.0948356,0.339327,-0.0016718,0.197548,1.68412,
9.82395,16.8504,-0.988607,0.963674,0.233302,-0.0352596,0.240215,0.678231,-0.0750223,-0.0527745,-0.00383156,0.0953419,0.339215,-0.00177798,0.19757,1.68357,
9.82198,16.8504,-0.986341,0.963708,0.233259,-0.0352207,0.240109,0.678265,-0.0759857,-0.0514059,-0.00528644,0.0958481,0.339102,-0.00188416,0.197593,1.68303,
9.82001,16.8504,-0.984074,0.963742,0.233215,-0.0351818,0.240004,0.678298,-0.076949,-0.0500372,-0.00674132,0.0963543,0.33899,-0.00199033,0.197615,1.68248,
9.81804,16.8504,-0.981807,0.963776,0.233172,-0.035143,0.239898,0.678331,-0.0779123,-0.0486685,-0.0081962,0.0968606,0.338878,-0.00209651,0.197637,1.68194,
9.81607,16.8504,-0.97954,0.963809,0.233129,-0.0351041,0.239793,0.678365,-0.0788757,-0.0472999,-0.00965109,0.0973668,0.338765,-0.00220269,0.19766,1.68139,
9.81411,16.8504,-0.977273,0.963843,0.233086,-0.0350652,0.239687,0.678398,-0.079839,-0.0459312,-0.011106,0.097873,0.338653,-0.00230886,0.197682,1.68085,
9.81213,16.8504,-0.975007,0.963876,0.233043,-0.0350263,0.239582,0.678431,-0.0808024,-0.0445626,-0.0125608,0.0983793,0.338541,-0.00241504,0.197704,1.6803,
9.81017,16.8504,-0.97274,0.96391,0.233,-0.0349874,0.239476,0.678465,-0.0817657,-0.0431939,-0.0140157,0.0988855,0.338428,-0.00252121,0.197727,1.67976,
9.8082,16.8504,-0.970473,0.963944,0.232957,-0.0349485,0.239371,0.678498,-0.082729,-0.0418253,-0.0154706,0.0993918,0.338316,-0.00262739,0.197749,1.67921,
9.80623,16.8504,-0.968206,0.963978,0.232913,-0.0349096,0.239265,0.678531,-0.0836924,-0.0404566,-0.0169255,0.099898,0.338204,-0.00273357,0.197771,1.67866,
9.80426,16.8504,-0.965939,0.964011,0.23287,-0.0348708,0.23916,0.678565,-0.0846557,-0.0390879,-0.0183804,0.100404,0.338091,-0.00283974,0.197794,1.67812,
9.80229,16.8504,-0.963673,0.964045,0.232827,-0.0348319,0.239054,0.678598,-0.0856191,-0.0377193,-0.0198353,0.10091,0.337979,-0.00294592,0.197816,1.67757,
9.80032,16.8504,-0.961406,0.964078,0.232784,-0.034793,0.238949,0.678631,-0.0865824,-0.0363506,-0.0212901,0.101417,0.337867,-0.0030521,0.197838,1.67703,
9.79835,16.8504,-0.959139,0.964112,0.232741,-0.0347541,0.238843,0.678665,-0.0875458,-0.034982,-0.022745,0.101923,0.337754,-0.00315827,0.197861,1.67648,
9.79638,16.8504,-0.956872,0.964146,0.232698,-0.0347152,0.238738,0.678698,-0.0885091,-0.0336133,-0.0241999,0.102429,0.337642,-0.00326445,0.197883,1.67594,
9.79441,16.8504,-0.954606,0.96418,0.232655,-0.0346763,0.238632,0.678731,-0.0894724,-0.0322447,-0.0256548,0.102935,0.33753,-0.00337062,0.197905,1.67539,
9.79244,16.8504,-0.952339,0.964213,0.232612,-0.0346375,0.238527,0.678764,-0.0904358,-0.030876,-0.0271097,0.103442,0.337417,-0.0034768,0.197928,1.67484,
9.79047,16.8504,-0.950072,0.964247,0.232568,-0.0345986,0.238421,0.678798,-0.0913991,-0.0295073,-0.0285645,0.103948,0.337305,-0.00358298,0.19795,1.6743,
9.7885,16.8504,-0.947805,0.96428,0.232525,-0.0345597,0.238316,0.678831,-0.0923624,-0.0281387,-0.0300194,0.104454,0.337193,-0.00368915,0.197972,1.67375,
9.78653,16.8504,-0.945538,0.964314,0.232482,-0.0345208,0.23821,0.678864,-0.0933258,-0.02677,-0.0314743,0.10496,0.33708,-0.00379533,0.197995,1.67321,
9.78456,16.8504,-0.943272,0.964348,0.232439,-0.0344819,0.238105,0.678898,-0.0942891,-0.0254014,-0.0329292,0.105467,0.336968,-0.00390151,0.198017,1.67266,
9.78259,16.8504,-0.941005,0.964381,0.232396,-0.034443,0.237999,0.678931,-0.0952525,-0.0240327,-0.0343841,0.105973,0.336856,-0.00400768,0.198039,1.67212,
9.78062,16.8504,-0.938738,0.964415,0.232353,-0.0344043,0.237894,0.678964,-0.0961966,-0.0225814,-0.0358206,0.106564,0.336744,-0.00411513,0.198062,1.67157,
9.77865,16.8504,-0.936471,0.964448,0.232313,-0.0343661,0.237788,0.678997,-0.0970611,-0.0207886,-0.0371816,0.107507,0.336633,-0.00422783,0.198085,1.67104,
9.77668,16.8504,-0.934204,0.964481,0.232272,-0.0343278,0.237683,0.679029,-0.0979257,-0.0189958,-0.0385425,0.10845,0.336523,-0.00434052,0.198108,1.6705,
9.77471,16.8504,-0.931938,0.964513,0.232231,-0.0342896,0.237577,0.679062,-0.0987902,-0.017203,-0.0399034,0.109393,0.336413,-0.00445322,0.198131,1.66996,
9.77274,16.8504,-0.929671,0.964546,0.232191,-0.0342514,0.237472,0.679094,-0.0996548,-0.0154102,-0.0412644,0.110336,0.336302,-0.00456591,0.198154,1.66943,
9.77077,16.8504,-0.927404,0.964579,0.23215,-0.0342132,0.237367,0.679126,-0.100519,-0.0136174,-0.0426253,0.111279,0.336192,-0.00467861,0.198177,1.66889,
9.7688,16.8504,-0.925137,0.964612,0.232109,-0.0341749,0.237261,0.679159,-0.101384,-0.0118246,-0.0439862,0.112222,0.336081,-0.00479131,0.1982,1.66835,
9.76683,16.8504,-0.92287,0.964645,0.232069,-0.0341367,0.237156,0.679191,-0.102248,-0.0100318,-0.0453472,0.113165,0.335971,-0.004904,0.198223,1.66782,
9.76486,16.8504,-0.920604,0.964675,0.232037,-0.034103,0.237054,0.679221,-0.105098,-0.0112521,-0.0443265,0.115954,0.33587,-0.00497664,0.198246,1.66733,
9.76289,16.8504,-0.918337,0.964705,0.232006,-0.0340697,0.236951,0.679251,-0.108072,-0.0126619,-0.0431561,0.118859,0.33577,-0.00504677,0.198269,1.66684,
9.76092,16.8504,-0.91607,0.964736,0.231975,-0.0340363,0.236849,0.679281,-0.111046,-0.0140717,-0.0419857,0.121765,0.33567,-0.00511689,0.198292,1.66635,
9.75895,16.8504,-0.913803,0.964766,0.231945,-0.0340029,0.236747,0.679311,-0.11402,-0.0154815,-0.0408152,0.12467,0.33557,-0.00518701,0.198315,1.66587,
9.75698,16.8504,-0.911536,0.964796,0.231914,-0.0339695,0.236645,0.679341,-0.116994,-0.0168913,-0.0396448,0.127576,0.33547,-0.00525713,0.198338,1.66538,
9.75501,16.8504,-0.90927,0.964826,0.231883,-0.0339361,0.236543,0.679371,-0.119968,-0.0183011,-0.0384744,0.130481,0.33537,-0.00532725,0.198361,1.66489,
9.75304,16.8504,-0.907003,0.964857,0.231852,-0.0339027,0.236441,0.679401,-0.122942,-0.0197109,-0.0373039,0.133386,0.33527,-0.00539738,0.198384,1.66441,
9.75107,16.8504,-0.904736,0.964887,0.231821,-0.0338693,0.236339,0.67943,-0.125916,-0.0211207,-0.0361335,0.136292,0.33517,-0.0054675,0.198407,1.66392,
9.7491,16.8504,-0.902469,0.964917,0.23179,-0.0338359,0.236237,0.67946,-0.12889,-0.0225304,-0.0349631,0.139197,0.33507,-0.00553762,0.19843,1.66343,
9.74714,16.8504,-0.900202,0.964947,0.231759,-0.0338025,0.236135,0.67949,-0.131864,-0.0239402,-0.0337926,0.142103,0.334969,-0.00560774,0.198453,1.66295,
9.74517,16.8504,-0.897936,0.964978,0.231729,-0.0337691,0.236033,0.67952,-0.134838,-0.02535,-0.0326222,0.145008,0.334869,-0.00567786,0.198476,1.66246,
9.7432,16.8504,-0.895669,0.965008,0.231698,-0.0337357,0.235931,0.67955,-0.137812,-0.0267598,-0.0314518,0.147913,0.334769,-0.00574799,0.198499,1.66198,
9.74123,16.8504,-0.893402,0.965038,0.231667,-0.0337023,0.235829,0.67958,-0.140786,-0.0281696,-0.0302813,0.150819,0.334669,-0.00581811,0.198522,1.66149,
9.73926,16.8504,-0.891135,0.965068,0.231636,-0.0336689,0.235727,0.67961,-0.14376,-0.0295794,-0.0291109,0.153724,0.334569,-0.00588823,0.198545,1.661,
9.73729,16.8504,-0.888868,0.965099,0.231605,-0.0336355,0.235625,0.679639,-0.146734,-0.0309892,-0.0279405,0.15663,0.334469,-0.00595835,0.198568,1.66052,
9.73532,16.8504,-0.886602,0.965129,0.231574,-0.0336021,0.235523,0.679669,-0.149708,-0.032399,-0.02677,0.159535,0.334369,-0.00602848,0.198591,1.66003,
9.73335,16.8504,-0.884335,0.965159,0.231543,-0.0335687,0.235421,0.679699,-0.152682,-0.0338088,-0.0255996,0.16244,0.334269,-0.0060986,0.198614,1.65954,
9.73138,16.8504,-0.882068,0.965189,0.231512,-0.0335353,0.235319,0.679729,-0.155656,-0.0352186,-0.0244292,0.165346,0.334169,-0.00616872,0.198637,1.65906,
9.72941,16.8504,-0.879801,0.965219,0.231482,-0.0335019,0.235217,0.679759,-0.15863,-0.0366284,-0.0232587,0.168251,0.334069,-0.00623884,0.19866,1.65857,
9.72744,16.8504,-0.877535,0.96525,0.231451,-0.0334686,0.235115,0.679789,-0.161604,-0.0380382,-0.0220883,0.171157,0.333968,-0.00630896,0.198683,1.65808,
9.72547,16.8504,-0.875268,0.96528,0.23142,-0.0334352,0.235013,0.679819,-0.164578,-0.039448,-0.0209179,0.174062,0.333868,-0.00637909,0.198706,1.6576,
9.7235,16.8504,-0.873001,0.96531,0.231389,-0.0334018,0.234911,0.679848,-0.167552,-0.0408578,-0.0197474,0.176968,0.333768,-0.00644921,0.198729,1.65711,
9.72153,16.8504,-0.870734,0.96534,0.231358,-0.0333684,0.234809,0.679878,-0.170526,-0.0422676,-0.018577,0.179873,0.333668,-0.00651933,0.198752,1.65662,
9.71956,16.8504,-0.868467,0.965371,0.231327,-0.033335,0.234707,0.679908,-0.1735,-0.0436773,-0.0174066,0.182778,0.333568,-0.00658945,0.198775,1.65614,
9.71759,16.8504,-0.866201,0.965401,0.231296,-0.0333016,0.234605,0.679938,-0.176474,-0.0450871,-0.0162361,0.185684,0.333468,-0.00665957,0.198798,1.65565,
9.71562,16.8504,-0.863934,0.965431,0.231265,-0.0332682,0.234503,0.679968,-0.179448,-0.0464969,-0.0150657,0.188589,0.333368,-0.0067297,0.198821,1.65516,
9.71365,16.8504,-0.861667,0.965461,0.231235,-0.0332348,0.234401,0.679998,-0.182422,-0.0479067,-0.0138953,0.191495,0.333268,-0.00679982,0.198844,1.65468,
9.71168,16.8504,-0.8594,0.965492,0.231204,-0.0332014,0.234299,0.680028,-0.185396,-0.0493165,-0.0127248,0.1944,0.333168,-0.00686994,0.198867,1.65419,
9.70971,16.8504,-0.857133,0.965522,0.231173,-0.033168,0.234197,0.680058,-0.18837,-0.0507263,-0.0115544,0.197305,0.333068,-0.00694006,0.198891,1.6537,
9.70774,16.8504,-0.854867,0.965552,0.231142,-0.0331346,0.234095,0.680087,-0.191344,-0.0521361,-0.0103839,0.200211,0.332967,-0.00701019,0.198914,1.65322,
9.70577,16.8504,-0.8526,0.965584,0.231112,-0.0331017,0.233991,0.680119,-0.192431,-0.055219,-0.00762235,0.202007,0.332866,-0.00701907,0.198935,1.65273,
9.7038,16.8504,-0.850333,0.965616,0.231082,-0.033069,0.233886,0.68015,-0.192773,-0.0589612,-0.00423383,0.203365,0.332765,-0.00700383,0.198956,1.65224,
9.70183,16.8504,-0.848066,0.96565,0.231046,-0.0330335,0.233787,0.680183,-0.192055,-0.0618239,-0.00219172,0.203652,0.332663,-0.00692462,0.198976,1.65174,
9.69986,16.8504,-0.845799,0.965685,0.231001,-0.0329932,0.233696,0.680219,-0.189572,-0.0632239,-0.00238897,0.202158,0.33256,-0.00673902,0.198997,1.65124,
9.69789,16.8504,-0.843533,0.965721,0.230956,-0.032953,0.233605,0.680254,-0.187089,-0.0646239,-0.00258621,0.200663,0.332457,-0.00655341,0.199017,1.65074,
9.69592,16.8504,-0.841266,0.965757,0.230911,-0.0329128,0.233514,0.680289,-0.184606,-0.066024,-0.00278346,0.199168,0.332354,-0.00636781,0.199037,1.65024,
9.69395,16.8504,-0.838999,0.965793,0.230865,-0.0328726,0.233423,0.680324,-0.182123,-0.067424,-0.00298071,0.197674,0.332251,-0.0061822,0.199057,1.64974,
9.69198,16.8504,-0.836732,0.965829,0.23082,-0.0328323,0.233332,0.68036,-0.17964,-0.068824,-0.00317796,0.196179,0.332148,-0.0059966,0.199077,1.64925,
9.69001,16.8504,-0.834465,0.965864,0.230775,-0.0327921,0.233241,0.680395,-0.177157,-0.0702241,-0.0033752,0.194684,0.332046,-0.005811,0.199098,1.64875,
9.68804,16.8504,-0.832199,0.9659,0.23073,-0.0327519,0.23315,0.68043,-0.174674,-0.0716241,-0.00357245,0.19319,0.331943,-0.00562539,0.199118,1.64825,
9.68608,16.8504,-0.829932,0.965936,0.230685,-0.0327117,0.233059,0.680465,-0.172191,-0.0730241,-0.0037697,0.191695,0.33184,-0.00543979,0.199138,1.64775,
9.6841,16.8504,-0.827665,0.965972,0.23064,-0.0326715,0.232968,0.6805,-0.169707,-0.0744242,-0.00396694,0.190201,0.331737,-0.00525418,0.199158,1.64725,
9.68214,16.8504,-0.825398,0.966008,0.230595,-0.0326312,0.232877,0.680536,-0.167224,-0.0758242,-0.00416419,0.188706,0.331634,-0.00506858,0.199179,1.64675,
9.68017,16.8504,-0.823131,0.966043,0.23055,-0.032591,0.232786,0.680571,-0.164741,-0.0772242,-0.00436144,0.187211,0.331531,-0.00488298,0.199199,1.64625,
9.6782,16.8504,-0.820865,0.966079,0.230505,-0.0325508,0.232696,0.680606,-0.162258,-0.0786243,-0.00455869,0.185717,0.331428,-0.00469737,0.199219,1.64575,
9.67623,16.8504,-0.818598,0.966115,0.23046,-0.0325106,0.232605,0.680641,-0.159775,-0.0800243,-0.00475593,0.184222,0.331325,-0.00451177,0.199239,1.64525,
9.67426,16.8504,-0.816331,0.966151,0.230415,-0.0324704,0.232514,0.680677,-0.157292,-0.0814243,-0.00495318,0.182727,0.331222,-0.00432616,0.199259,1.64475,
9.67229,16.8504,-0.814064,0.966187,0.23037,-0.0324301,0.232423,0.680712,-0.154809,-0.0828244,-0.00515043,0.181233,0.331119,-0.00414056,0.19928,1.64425,
9.67032,16.8504,-0.811797,0.966222,0.230324,-0.0323899,0.232332,0.680747,-0.152326,-0.0842244,-0.00534767,0.179738,0.331016,-0.00395495,0.1993,1.64376,
9.66835,16.8504,-0.809531,0.966258,0.230279,-0.0323497,0.232241,0.680782,-0.149843,-0.0856245,-0.00554492,0.178244,0.330913,-0.00376935,0.19932,1.64326,
9.66638,16.8504,-0.807264,0.966294,0.230234,-0.0323095,0.23215,0.680818,-0.14736,-0.0870245,-0.00574217,0.176749,0.33081,-0.00358375,0.19934,1.64276,
9.66441,16.8504,-0.804997,0.96633,0.230189,-0.0322692,0.232059,0.680853,-0.144877,-0.0884245,-0.00593942,0.175254,0.330707,-0.00339814,0.19936,1.64226,
9.66244,16.8504,-0.80273,0.966366,0.230144,-0.032229,0.231968,0.680888,-0.142394,-0.0898246,-0.00613666,0.17376,0.330604,-0.00321254,0.199381,1.64176,
9.66047,16.8504,-0.800463,0.966401,0.230099,-0.0321888,0.231877,0.680923,-0.139911,-0.0912246,-0.00633391,0.172265,0.330501,-0.00302693,0.199401,1.64126,
9.6585,16.8504,-0.798197,0.966437,0.230054,-0.0321486,0.231786,0.680959,-0.137428,-0.0926246,-0.00653116,0.17077,0.330398,-0.00284133,0.199421,1.64076,
9.65653,16.8504,-0.79593,0.966473,0.230009,-0.0321084,0.231695,0.680994,-0.134945,-0.0940247,-0.0067284,0.169276,0.330296,-0.00265572,0.199441,1.64026,
9.65456,16.8504,-0.793663,0.966509,0.229964,-0.0320681,0.231604,0.681029,-0.132462,-0.0954247,-0.00692565,0.167781,0.330193,-0.00247012,0.199461,1.63976,
9.65259,16.8504,-0.791396,0.966545,0.229919,-0.0320279,0.231513,0.681064,-0.129979,-0.0968247,-0.0071229,0.166287,0.33009,-0.00228452,0.199482,1.63926,
9.65062,16.8504,-0.789129,0.96658,0.229874,-0.0319877,0.231422,0.6811,-0.127496,-0.0982248,-0.00732015,0.164792,0.329987,-0.00209891,0.199502,1.63877,
9.64865,16.8504,-0.786863,0.966616,0.229829,-0.0319475,0.231331,0.681135,-0.125013,-0.0996248,-0.00751739,0.163297,0.329884,-0.00191331,0.199522,1.63827,
9.64668,16.8504,-0.784596,0.966652,0.229784,-0.0319106,0.231236,0.68117,-0.120771,-0.0977517,-0.00927238,0.161363,0.329779,-0.00174156,0.199542,1.63776,
9.64471,16.8504,-0.782329,0.966689,0.229742,-0.0318787,0.231134,0.681206,-0.113864,-0.0909194,-0.0133875,0.158762,0.329671,-0.0015908,0.199561,1.63723,
9.64274,16.8504,-0.780062,0.966726,0.229699,-0.0318468,0.231032,0.681243,-0.106956,-0.0840872,-0.0175026,0.156162,0.329563,-0.00144005,0.19958,1.63671,
9.64077,16.8504,-0.777795,0.966756,0.229659,-0.031811,0.230952,0.681273,-0.106885,-0.0821912,-0.0189104,0.154218,0.329472,-0.00131889,0.199589,1.63627,
9.6388,16.8504,-0.775529,0.966784,0.229623,-0.0317764,0.23088,0.6813,-0.109018,-0.0821067,-0.0188703,0.152916,0.32939,-0.00121988,0.199594,1.63587,
9.63683,16.8504,-0.773262,0.96681,0.229599,-0.0317608,0.230794,0.681325,-0.104683,-0.0786715,-0.0179419,0.153572,0.329309,-0.00116854,0.199594,1.63548,
9.63486,16.8504,-0.770995,0.966836,0.229576,-0.0317451,0.230709,0.681351,-0.100349,-0.0752363,-0.0170135,0.154228,0.329229,-0.00111719,0.199595,1.63509,
9.63289,16.8504,-0.768728,0.966861,0.229552,-0.0317294,0.230624,0.681376,-0.0960146,-0.0718011,-0.0160851,0.154884,0.329149,-0.00106585,0.199596,1.6347,
9.63092,16.8504,-0.766462,0.966887,0.229529,-0.0317137,0.230539,0.681402,-0.0916802,-0.0683659,-0.0151568,0.155539,0.329069,-0.0010145,0.199596,1.63431,
9.62895,16.8504,-0.764195,0.966913,0.229506,-0.031698,0.230454,0.681427,-0.0873458,-0.0649307,-0.0142284,0.156195,0.328989,-0.000963156,0.199597,1.63392,
9.62698,16.8504,-0.761928,0.966939,0.229482,-0.0316823,0.230369,0.681453,-0.0830114,-0.0614955,-0.0133,0.156851,0.328909,-0.00091181,0.199598,1.63353,
9.62501,16.8504,-0.759661,0.966965,0.229459,-0.0316666,0.230284,0.681478,-0.078677,-0.0580603,-0.0123716,0.157506,0.328828,-0.000860464,0.199599,1.63314,
9.62304,16.8504,-0.757394,0.966991,0.229436,-0.0316509,0.230199,0.681503,-0.0743426,-0.0546251,-0.0114433,0.158162,0.328748,-0.000809119,0.199599,1.63275,
9.62108,16.8504,-0.755128,0.967017,0.229412,-0.0316352,0.230114,0.681529,-0.0700082,-0.0511899,-0.0105149,0.158818,0.328668,-0.000757773,0.1996,1.63236,
9.61911,16.8504,-0.752861,0.967043,0.229389,-0.0316195,0.230029,0.681554,-0.0656738,-0.0477547,-0.00958651,0.159473,0.328588,-0.000706427,0.199601,1.63197,
9.61714,16.8504,-0.750594,0.967069,0.229366,-0.0316038,0.229943,0.68158,-0.0613394,-0.0443195,-0.00865814,0.160129,0.328508,-0.000655082,0.199602,1.63158,
9.61517,16.8504,-0.748327,0.967094,0.229342,-0.0315881,0.229858,0.681605,-0.057005,-0.0408843,-0.00772976,0.160785,0.328428,-0.000603736,0.199602,1.63119,
9.6132,16.8504,-0.74606,0.96712,0.229319,-0.0315725,0.229773,0.681631,-0.0526706,-0.0374491,-0.00680139,0.161441,0.328347,-0.00055239,0.199603,1.6308,
9.61123,16.8504,-0.743794,0.967146,0.229295,-0.0315568,0.229688,0.681656,-0.0483362,-0.0340139,-0.00587301,0.162096,0.328267,-0.000501045,0.199604,1.63041,
9.60926,16.8504,-0.741527,0.967172,0.229272,-0.0315411,0.229603,0.681682,-0.0440018,-0.0305787,-0.00494464,0.162752,0.328187,-0.000449699,0.199604,1.63002,
9.60729,16.8504,-0.73926,0.967198,0.229249,-0.0315254,0.229518,0.681707,-0.0396674,-0.0271435,-0.00401626,0.163408,0.328107,-0.000398353,0.199605,1.62963,
9.60532,16.8504,-0.736993,0.967224,0.229225,-0.0315097,0.229433,0.681733,-0.035333,-0.0237083,-0.00308789,0.164063,0.328027,-0.000347008,0.199606,1.62924,
9.60335,16.8504,-0.734726,0.96725,0.229202,-0.031494,0.229348,0.681758,-0.0309986,-0.0202731,-0.00215951,0.164719,0.327947,-0.000295662,0.199607,1.62886,
9.60138,16.8504,-0.73246,0.967276,0.229179,-0.0314783,0.229263,0.681784,-0.0266642,-0.0168379,-0.00123113,0.165375,0.327866,-0.000244316,0.199607,1.62847,
9.59941,16.8504,-0.730193,0.967301,0.229155,-0.0314626,0.229178,0.681809,-0.0223298,-0.0134028,-0.000302759,0.16603,0.327786,-0.000192971,0.199608,1.62808,
9.59744,16.8504,-0.727926,0.967327,0.229132,-0.0314469,0.229092,0.681835,-0.0179954,-0.00996756,0.000625617,0.166686,0.327706,-0.000141625,0.199609,1.62769,
9.59547,16.8504,-0.725659,0.967353,0.229108,-0.031431,0.229007,0.68186,-0.0133013,-0.0061281,0.00166623,0.167124,0.327625,-9.82535e-05,0.19961,1.62729,
9.5935,16.8504,-0.723392,0.967379,0.229084,-0.0314147,0.22892,0.681886,-0.00815512,-0.00178035,0.00284797,0.167288,0.327544,-6.49078e-05,0.199611,1.6269,
9.59153,16.8504,-0.721126,0.967405,0.22906,-0.0313985,0.228834,0.681911,-0.00300891,0.00256739,0.00402971,0.167451,0.327462,-3.15622e-05,0.199612,1.6265,
9.58956,16.8504,-0.718859,0.967431,0.229036,-0.0313822,0.228748,0.681937,0.00213729,0.00691513,0.00521144,0.167615,0.327381,1.78349e-06,0.199613,1.62611,
9.58759,16.8504,-0.716592,0.967457,0.229012,-0.0313659,0.228661,0.681962,0.00728349,0.0112629,0.00639318,0.167779,0.3273,3.51292e-05,0.199614,1.62571,
9.58562,16.8504,-0.714325,0.967483,0.228988,-0.0313497,0.228575,0.681988,0.0124297,0.0156106,0.00757492,0.167943,0.327218,6.84748e-05,0.199615,1.62532,
9.58365,16.8504,-0.712058,0.967509,0.228964,-0.0313334,0.228489,0.682013,0.0175759,0.0199584,0.00875665,0.168106,0.327137,0.00010182,0.199617,1.62492,
9.58168,16.8504,-0.709792,0.967535,0.22894,-0.0313172,0.228403,0.682039,0.0227221,0.0243061,0.00993839,0.16827,0.327055,0.000135166,0.199618,1.62452,
9.57971,16.8504,-0.707525,0.967561,0.228916,-0.0313009,0.228316,0.682064,0.0278683,0.0286538,0.0111201,0.168434,0.326974,0.000168512,0.199619,1.62413,
9.57774,16.8504,-0.705258,0.967587,0.228892,-0.0312847,0.22823,0.68209,0.0330145,0.0330016,0.0123019,0.168597,0.326892,0.000201857,0.19962,1.62373,
9.57577,16.8504,-0.702991,0.967613,0.228868,-0.0312684,0.228144,0.682115,0.0381607,0.0373493,0.0134836,0.168761,0.326811,0.000235203,0.199621,1.62334,
9.5738,16.8504,-0.700724,0.967639,0.228844,-0.0312521,0.228057,0.682141,0.0433069,0.0416971,0.0146653,0.168925,0.32673,0.000268549,0.199622,1.62294,
9.57183,16.8504,-0.698458,0.967665,0.22882,-0.0312359,0.227971,0.682167,0.0484531,0.0460448,0.0158471,0.169088,0.326648,0.000301894,0.199624,1.62254,
9.56986,16.8504,-0.696191,0.967691,0.228796,-0.0312196,0.227885,0.682192,0.0535993,0.0503926,0.0170288,0.169252,0.326567,0.00033524,0.199625,1.62215,
9.56789,16.8504,-0.693924,0.967717,0.228771,-0.0312034,0.227798,0.682218,0.0587455,0.0547403,0.0182105,0.169416,0.326485,0.000368586,0.199626,1.62175,
9.56592,16.8504,-0.691657,0.967743,0.228747,-0.0311871,0.227712,0.682243,0.0638917,0.0590881,0.0193923,0.16958,0.326404,0.000401931,0.199627,1.62136,
9.56395,16.8504,-0.689391,0.967769,0.228723,-0.0311708,0.227626,0.682269,0.069038,0.0634358,0.020574,0.169743,0.326322,0.000435277,0.199628,1.62096,
9.56199,16.8504,-0.687124,0.967795,0.228699,-0.0311546,0.227539,0.682294,0.0741841,0.0677835,0.0217558,0.169907,0.326241,0.000468623,0.199629,1.62057,
9.56001,16.8504,-0.684857,0.96782,0.228675,-0.0311383,0.227453,0.68232,0.0793304,0.0721313,0.0229375,0.170071,0.32616,0.000501968,0.199631,1.62017,
9.55805,16.8504,-0.68259,0.967846,0.228651,-0.0311221,0.227367,0.682345,0.0844766,0.076479,0.0241192,0.170234,0.326078,0.000535314,0.199632,1.61977,
9.55608,16.8504,-0.680323,0.967872,0.228627,-0.0311058,0.22728,0.682371,0.0896228,0.0808268,0.025301,0.170398,0.325997,0.00056866,0.199633,1.61938,
9.55411,16.8504,-0.678057,0.967898,0.228603,-0.0310896,0.227194,0.682396,0.094769,0.0851745,0.0264827,0.170562,0.325915,0.000602005,0.199634,1.61898,
9.55214,16.8504,-0.67579,0.967924,0.228579,-0.0310733,0.227108,0.682422,0.0999152,0.0895222,0.0276644,0.170726,0.325834,0.000635351,0.199635,1.61859,
9.55017,16.8504,-0.673523,0.96795,0.228555,-0.031057,0.227021,0.682447,0.105061,0.09387,0.0288462,0.170889,0.325752,0.000668697,0.199636,1.61819,
9.5482,16.8504,-0.671256,0.967976,0.228531,-0.0310408,0.226935,0.682473,0.110208,0.0982177,0.0300279,0.171053,0.325671,0.000702042,0.199637,1.61779,
9.54623,16.8504,-0.668989,0.968002,0.228507,-0.0310245,0.226849,0.682499,0.115354,0.102565,0.0312096,0.171217,0.32559,0.000735388,0.199639,1.6174,
9.54426,16.8504,-0.666723,0.968028,0.228483,-0.0310083,0.226762,0.682524,0.1205,0.106913,0.0323914,0.17138,0.325508,0.000768734,0.19964,1.617,
9.54229,16.8504,-0.664456,0.968054,0.228459,-0.030992,0.226676,0.68255,0.125646,0.111261,0.0335731,0.171544,0.325427,0.000802079,0.199641,1.61661,
9.54032,16.8504,-0.662189,0.968079,0.228434,-0.0309743,0.226599,0.682574,0.125264,0.11091,0.0330693,0.170693,0.325352,0.000874886,0.199637,1.61624,
9.53835,16.8504,-0.659922,0.968103,0.22841,-0.0309566,0.226523,0.682598,0.124665,0.110375,0.0324994,0.169801,0.325277,0.000949242,0.199633,1.61588,
9.53638,16.8504,-0.657655,0.968127,0.228385,-0.0309389,0.226446,0.682622,0.124066,0.10984,0.0319294,0.16891,0.325203,0.0010236,0.199628,1.61552,
9.53441,16.8504,-0.655389,0.968152,0.228361,-0.0309211,0.226369,0.682646,0.123467,0.109305,0.0313594,0.168018,0.325128,0.00109795,0.199624,1.61516,
9.53244,16.8504,-0.653122,0.968176,0.228336,-0.0309034,0.226293,0.68267,0.122867,0.10877,0.0307894,0.167127,0.325054,0.00117231,0.19962,1.61479,
9.53047,16.8504,-0.650855,0.968201,0.228312,-0.0308856,0.226216,0.682694,0.122268,0.108235,0.0302195,0.166235,0.324979,0.00124667,0.199615,1.61443,
9.5285,16.8504,-0.648588,0.968225,0.228287,-0.0308679,0.22614,0.682718,0.121669,0.1077,0.0296495,0.165344,0.324904,0.00132102,0.199611,1.61407,
9.52653,16.8504,-0.646321,0.96825,0.228263,-0.0308502,0.226063,0.682742,0.12107,0.107165,0.0290795,0.164452,0.32483,0.00139538,0.199607,1.61371,
9.52456,16.8504,-0.644055,0.968274,0.228238,-0.0308324,0.225986,0.682766,0.120471,0.10663,0.0285095,0.163561,0.324755,0.00146973,0.199602,1.61334,
9.52259,16.8504,-0.641788,0.968298,0.228214,-0.0308147,0.22591,0.682791,0.119844,0.106075,0.0279365,0.162638,0.324681,0.00154337,0.199598,1.61298,
9.52062,16.8504,-0.639521,0.968322,0.228192,-0.0307978,0.225829,0.682814,0.118068,0.1047,0.0272378,0.160437,0.324605,0.0015873,0.199593,1.61262,
9.51865,16.8504,-0.637254,0.968346,0.228171,-0.0307809,0.225748,0.682838,0.116292,0.103324,0.026539,0.158236,0.32453,0.00163124,0.199587,1.61225,
9.51668,16.8504,-0.634987,0.96837,0.22815,-0.030764,0.225667,0.682861,0.114517,0.101949,0.0258402,0.156035,0.324455,0.00167517,0.199581,1.61188,
9.51471,16.8504,-0.632721,0.968394,0.228129,-0.030747,0.225586,0.682885,0.112741,0.100574,0.0251414,0.153834,0.32438,0.0017191,0.199576,1.61152,
9.51274,16.8504,-0.630454,0.968418,0.228108,-0.0307301,0.225505,0.682908,0.110965,0.0991987,0.0244427,0.151633,0.324305,0.00176303,0.19957,1.61115,
9.51077,16.8504,-0.628187,0.968441,0.228086,-0.0307132,0.225424,0.682932,0.109189,0.0978235,0.0237439,0.149432,0.324229,0.00180697,0.199565,1.61079,
9.5088,16.8504,-0.62592,0.968465,0.228065,-0.0306963,0.225343,0.682955,0.107414,0.0964483,0.0230451,0.147231,0.324154,0.0018509,0.199559,1.61042,
9.50683,16.8504,-0.623653,0.968489,0.228044,-0.0306794,0.225263,0.682979,0.105638,0.095073,0.0223463,0.14503,0.324079,0.00189483,0.199553,1.61006,
9.50486,16.8504,-0.621387,0.968513,0.228023,-0.0306624,0.225182,0.683003,0.103862,0.0936978,0.0216476,0.142829,0.324004,0.00193876,0.199548,1.60969,
9.50289,16.8504,-0.61912,0.968537,0.228002,-0.0306455,0.225101,0.683026,0.102086,0.0923226,0.0209488,0.140627,0.323929,0.0019827,0.199542,1.60932,
9.50092,16.8504,-0.616853,0.968561,0.22798,-0.0306286,0.22502,0.68305,0.100311,0.0909474,0.02025,0.138426,0.323853,0.00202663,0.199537,1.60896,
9.49895,16.8504,-0.614586,0.968584,0.227959,-0.0306117,0.224939,0.683073,0.098535,0.0895722,0.0195512,0.136225,0.323778,0.00207056,0.199531,1.60859,
9.49698,16.8504,-0.612319,0.968608,0.227938,-0.0305948,0.224858,0.683097,0.0967593,0.0881969,0.0188525,0.134024,0.323703,0.00211449,0.199526,1.60823,
9.49502,16.8504,-0.610053,0.968632,0.227917,-0.0305778,0.224777,0.68312,0.0949835,0.0868217,0.0181537,0.131823,0.323628,0.00215843,0.19952,1.60786,
9.49305,16.8504,-0.607786,0.968656,0.227895,-0.0305609,0.224696,0.683144,0.0932078,0.0854465,0.0174549,0.129622,0.323553,0.00220236,0.199514,1.6075,
9.49108,16.8504,-0.605519,0.96868,0.227874,-0.030544,0.224615,0.683167,0.091432,0.0840713,0.0167561,0.127421,0.323477,0.00224629,0.199509,1.60713,
9.48911,16.8504,-0.603252,0.968704,0.227853,-0.0305271,0.224534,0.683191,0.0896563,0.0826961,0.0160574,0.12522,0.323402,0.00229023,0.199503,1.60676,
9.48714,16.8504,-0.600986,0.968727,0.227832,-0.0305102,0.224454,0.683214,0.0878806,0.0813209,0.0153586,0.123019,0.323327,0.00233416,0.199498,1.6064,
9.48517,16.8504,-0.598719,0.968751,0.227811,-0.0304933,0.224373,0.683238,0.0861048,0.0799457,0.0146598,0.120818,0.323252,0.00237809,0.199492,1.60603,
9.4832,16.8504,-0.596452,0.968775,0.227789,-0.0304763,0.224292,0.683262,0.0843291,0.0785704,0.013961,0.118617,0.323177,0.00242202,0.199486,1.60567,
9.48123,16.8504,-0.594185,0.968799,0.227768,-0.0304594,0.224211,0.683285,0.0825533,0.0771952,0.0132623,0.116416,0.323101,0.00246596,0.199481,1.6053,
9.47926,16.8504,-0.591918,0.968823,0.227747,-0.0304425,0.22413,0.683309,0.0807776,0.07582,0.0125635,0.114214,0.323026,0.00250989,0.199475,1.60494,
9.47729,16.8504,-0.589652,0.968847,0.227726,-0.0304256,0.224049,0.683332,0.0790019,0.0744448,0.0118647,0.112013,0.322951,0.00255382,0.19947,1.60457,
9.47532,16.8504,-0.587385,0.96887,0.227704,-0.0304087,0.223968,0.683356,0.0772261,0.0730696,0.0111659,0.109812,0.322876,0.00259775,0.199464,1.6042,
9.47335,16.8504,-0.585118,0.968894,0.227683,-0.0303917,0.223887,0.683379,0.0754504,0.0716944,0.0104672,0.107611,0.322801,0.00264169,0.199459,1.60384,
9.47138,16.8504,-0.582851,0.968918,0.227662,-0.0303748,0.223806,0.683403,0.0736746,0.0703191,0.00976838,0.10541,0.322725,0.00268562,0.199453,1.60347,
9.46941,16.8504,-0.580584,0.968942,0.227641,-0.0303579,0.223725,0.683426,0.0718989,0.0689439,0.0090696,0.103209,0.32265,0.00272955,0.199447,1.60311,
9.46744,16.8504,-0.578318,0.968966,0.22762,-0.030341,0.223645,0.68345,0.0701232,0.0675687,0.00837083,0.101008,0.322575,0.00277348,0.199442,1.60274,
9.46547,16.8504,-0.576051,0.96899,0.227598,-0.0303241,0.223564,0.683473,0.0683474,0.0661935,0.00767205,0.0988069,0.3225,0.00281742,0.199436,1.60237,
9.4635,16.8504,-0.573784,0.969013,0.227577,-0.0303071,0.223483,0.683497,0.0665717,0.0648183,0.00697328,0.0966059,0.322425,0.00286135,0.199431,1.60201,
9.46153,16.8504,-0.571517,0.969037,0.227556,-0.0302902,0.223402,0.683521,0.064796,0.0634431,0.0062745,0.0944048,0.322349,0.00290528,0.199425,1.60164,
9.45956,16.8504,-0.56925,0.969061,0.227535,-0.0302733,0.223321,0.683544,0.0630202,0.0620678,0.00557573,0.0922037,0.322274,0.00294921,0.199419,1.60128,
9.45759,16.8504,-0.566984,0.969085,0.227513,-0.0302564,0.22324,0.683568,0.0612445,0.0606926,0.00487695,0.0900026,0.322199,0.00299315,0.199414,1.60091,
9.45562,16.8504,-0.564717,0.969109,0.227492,-0.0302395,0.223159,0.683591,0.0594687,0.0593174,0.00417818,0.0878015,0.322124,0.00303708,0.199408,1.60055,
9.45365,16.8504,-0.56245,0.969133,0.227471,-0.0302225,0.223078,0.683615,0.057693,0.0579422,0.0034794,0.0856005,0.322049,0.00308101,0.199403,1.60018,
9.45168,16.8504,-0.560183,0.969156,0.22745,-0.0302056,0.222997,0.683638,0.0559173,0.056567,0.00278063,0.0833994,0.321973,0.00312494,0.199397,1.59981,
9.44971,16.8504,-0.557916,0.96918,0.227429,-0.0301887,0.222916,0.683662,0.0541415,0.0551918,0.00208185,0.0811983,0.321898,0.00316888,0.199392,1.59945,
9.44774,16.8504,-0.55565,0.969204,0.227407,-0.0301718,0.222836,0.683685,0.0523658,0.0538165,0.00138308,0.0789972,0.321823,0.00321281,0.199386,1.59908,
9.44577,16.8504,-0.553383,0.969228,0.227386,-0.0301549,0.222755,0.683709,0.0505901,0.0524413,0.000684301,0.0767961,0.321748,0.00325674,0.19938,1.59872,
9.4438,16.8504,-0.551116,0.969252,0.227365,-0.0301379,0.222674,0.683733,0.0488143,0.0510661,-1.44739e-05,0.0745951,0.321673,0.00330067,0.199375,1.59835,
9.44183,16.8504,-0.548849,0.969276,0.227344,-0.030121,0.222593,0.683756,0.0470386,0.0496909,-0.000713249,0.072394,0.321597,0.00334461,0.199369,1.59799,
9.43986,16.8504,-0.546582,0.969299,0.227323,-0.0301041,0.222512,0.68378,0.0452628,0.0483157,-0.00141202,0.0701929,0.321522,0.00338854,0.199364,1.59762,
9.43789,16.8504,-0.544316,0.969323,0.227301,-0.0300872,0.222431,0.683803,0.0434871,0.0469405,-0.0021108,0.0679918,0.321447,0.00343247,0.199358,1.59725,
9.43592,16.8504,-0.542049,0.969347,0.22728,-0.0300703,0.22235,0.683827,0.0417114,0.0455653,-0.00280957,0.0657908,0.321372,0.00347641,0.199352,1.59689,
9.43396,16.8504,-0.539782,0.969371,0.227259,-0.0300533,0.222269,0.68385,0.0399356,0.04419,-0.00350835,0.0635897,0.321297,0.00352034,0.199347,1.59652,
9.43198,16.8504,-0.537515,0.969395,0.227238,-0.0300364,0.222188,0.683874,0.0381599,0.0428148,-0.00420713,0.0613886,0.321221,0.00356427,0.199341,1.59616,
9.43002,16.8504,-0.535248,0.969419,0.227216,-0.0300195,0.222107,0.683897,0.0363841,0.0414396,-0.0049059,0.0591875,0.321146,0.0036082,0.199336,1.59579,
9.42805,16.8504,-0.532982,0.969442,0.227195,-0.0300026,0.222027,0.683921,0.0346084,0.0400644,-0.00560468,0.0569864,0.321071,0.00365214,0.19933,1.59543,
9.42608,16.8504,-0.530715,0.969466,0.227174,-0.0299857,0.221946,0.683944,0.0328327,0.0386892,-0.00630345,0.0547854,0.320996,0.00369607,0.199325,1.59506,
9.42411,16.8504,-0.528448,0.96949,0.227153,-0.0299687,0.221865,0.683968,0.0310569,0.037314,-0.00700223,0.0525843,0.320921,0.00374,0.199319,1.59469,
9.42214,16.8504,-0.526181,0.969514,0.227132,-0.0299518,0.221784,0.683992,0.0292812,0.0359387,-0.007701,0.0503832,0.320845,0.00378393,0.199313,1.59433,
9.42017,16.8504,-0.523915,0.969538,0.22711,-0.0299349,0.221703,0.684015,0.0275055,0.0345635,-0.00839978,0.0481821,0.32077,0.00382787,0.199308,1.59396,
9.4182,16.8504,-0.521648,0.969562,0.227089,-0.029918,0.221622,0.684039,0.0257297,0.0331883,-0.00909855,0.045981,0.320695,0.0038718,0.199302,1.5936,
9.41623,16.8504,-0.519381,0.969585,0.227068,-0.0299011,0.221541,0.684062,0.023954,0.0318131,-0.00979733,0.04378,0.32062,0.00391573,0.199297,1.59323,
9.41426,16.8504,-0.517114,0.969609,0.227047,-0.0298841,0.22146,0.684086,0.0221782,0.0304379,-0.0104961,0.0415789,0.320545,0.00395966,0.199291,1.59287,
9.41229,16.8504,-0.514847,0.969632,0.227025,-0.0298653,0.221382,0.684108,0.0208939,0.0295143,-0.0109186,0.0407451,0.320471,0.00397677,0.199289,1.59251,
9.41032,16.8504,-0.512581,0.969654,0.227004,-0.029846,0.221304,0.68413,0.0197092,0.0286822,-0.0112852,0.0401883,0.320398,0.00398845,0.199288,1.59215,
9.40835,16.8504,-0.510314,0.969677,0.226983,-0.0298267,0.221226,0.684152,0.0185244,0.0278501,-0.0116518,0.0396315,0.320325,0.00400013,0.199286,1.5918,
9.40638,16.8504,-0.508047,0.969699,0.226962,-0.0298074,0.221147,0.684174,0.0173396,0.0270181,-0.0120184,0.0390747,0.320253,0.0040118,0.199285,1.59144,
9.40441,16.8504,-0.50578,0.969721,0.22694,-0.0297881,0.221069,0.684197,0.0161549,0.026186,-0.012385,0.038518,0.32018,0.00402348,0.199284,1.59109,
9.40244,16.8504,-0.503513,0.969744,0.226919,-0.0297689,0.220991,0.684219,0.0149701,0.0253539,-0.0127515,0.0379612,0.320107,0.00403515,0.199283,1.59073,
9.40047,16.8504,-0.501247,0.969766,0.226898,-0.0297496,0.220913,0.684241,0.0137854,0.0245218,-0.0131181,0.0374044,0.320034,0.00404683,0.199281,1.59038,
9.3985,16.8504,-0.49898,0.969788,0.226877,-0.0297303,0.220835,0.684263,0.0126006,0.0236897,-0.0134847,0.0368476,0.319961,0.00405851,0.19928,1.59002,
9.39653,16.8504,-0.496713,0.969811,0.226856,-0.029711,0.220757,0.684285,0.0114158,0.0228577,-0.0138513,0.0362908,0.319888,0.00407018,0.199279,1.58967,
9.39456,16.8504,-0.494446,0.969833,0.226834,-0.0296918,0.220679,0.684307,0.0102311,0.0220256,-0.0142178,0.035734,0.319815,0.00408186,0.199278,1.58931,
9.39259,16.8504,-0.492179,0.969855,0.226813,-0.0296725,0.220601,0.684329,0.00904631,0.0211935,-0.0145844,0.0351772,0.319742,0.00409353,0.199276,1.58896,
9.39062,16.8504,-0.489913,0.969878,0.226792,-0.0296532,0.220523,0.684352,0.00786155,0.0203614,-0.014951,0.0346204,0.319669,0.00410521,0.199275,1.5886,
9.38865,16.8504,-0.487646,0.9699,0.226771,-0.0296339,0.220445,0.684374,0.00667679,0.0195294,-0.0153176,0.0340636,0.319596,0.00411689,0.199274,1.58825,
9.38668,16.8504,-0.485379,0.969923,0.226749,-0.0296146,0.220367,0.684396,0.00549203,0.0186973,-0.0156842,0.0335068,0.319523,0.00412856,0.199272,1.58789,
9.38471,16.8504,-0.483112,0.969945,0.226728,-0.0295954,0.220289,0.684418,0.00430726,0.0178652,-0.0160507,0.0329501,0.319451,0.00414024,0.199271,1.58754,
9.38274,16.8504,-0.480845,0.969967,0.226707,-0.0295761,0.22021,0.68444,0.0031225,0.0170331,-0.0164173,0.0323933,0.319378,0.00415191,0.19927,1.58718,
9.38077,16.8504,-0.478579,0.96999,0.226686,-0.0295568,0.220132,0.684462,0.00193774,0.016201,-0.0167839,0.0318365,0.319305,0.00416359,0.199269,1.58683,
9.3788,16.8504,-0.476312,0.970012,0.226664,-0.0295375,0.220054,0.684484,0.000752979,0.015369,-0.0171505,0.0312797,0.319232,0.00417527,0.199267,1.58647,
9.37683,16.8504,-0.474045,0.970034,0.226643,-0.0295183,0.219976,0.684506,-0.000431783,0.0145369,-0.017517,0.0307229,0.319159,0.00418694,0.199266,1.58612,
9.37486,16.8504,-0.471778,0.970057,0.226622,-0.029499,0.219898,0.684528,-0.00158316,0.0137292,-0.0178668,0.030222,0.319086,0.00419689,0.199265,1.58577,
9.37289,16.8504,-0.469511,0.970078,0.226604,-0.0294804,0.219818,0.68455,-0.00228316,0.0132516,-0.0179886,0.0304765,0.319014,0.00418346,0.19927,1.58541,
9.37092,16.8504,-0.467245,0.9701,0.226585,-0.0294618,0.219737,0.684571,-0.00298315,0.0127739,-0.0181104,0.0307311,0.318941,0.00417003,0.199274,1.58506,
9.36896,16.8504,-0.464978,0.970121,0.226567,-0.0294432,0.219657,0.684592,-0.00368315,0.0122963,-0.0182322,0.0309857,0.318869,0.0041566,0.199278,1.58471,
9.36699,16.8504,-0.462711,0.970143,0.226549,-0.0294246,0.219576,0.684614,-0.00438315,0.0118186,-0.018354,0.0312402,0.318797,0.00414318,0.199283,1.58435,
9.36502,16.8504,-0.460444,0.970165,0.22653,-0.0294061,0.219496,0.684635,-0.00508315,0.011341,-0.0184758,0.0314948,0.318724,0.00412975,0.199287,1.584,
9.36305,16.8504,-0.458177,0.970186,0.226512,-0.0293875,0.219416,0.684656,-0.00578315,0.0108633,-0.0185977,0.0317494,0.318652,0.00411632,0.199291,1.58365,
9.36108,16.8504,-0.455911,0.970208,0.226493,-0.0293689,0.219335,0.684678,-0.00648315,0.0103857,-0.0187195,0.0320039,0.31858,0.00410289,0.199296,1.5833,
9.35911,16.8504,-0.453644,0.970229,0.226475,-0.0293503,0.219255,0.684699,-0.00718315,0.00990802,-0.0188413,0.0322585,0.318507,0.00408946,0.1993,1.58294,
9.35714,16.8504,-0.451377,0.970251,0.226457,-0.0293317,0.219175,0.68472,-0.00788315,0.00943037,-0.0189631,0.032513,0.318435,0.00407603,0.199305,1.58259,
9.35517,16.8504,-0.44911,0.970272,0.226438,-0.0293131,0.219094,0.684742,-0.00858315,0.00895272,-0.0190849,0.0327676,0.318362,0.00406261,0.199309,1.58224,
9.3532,16.8504,-0.446843,0.970294,0.22642,-0.0292945,0.219014,0.684763,-0.00928315,0.00847507,-0.0192067,0.0330222,0.31829,0.00404918,0.199313,1.58189,
9.35123,16.8504,-0.444577,0.970315,0.226401,-0.0292759,0.218934,0.684784,-0.00998315,0.00799742,-0.0193286,0.0332767,0.318218,0.00403575,0.199318,1.58153,
9.34926,16.8504,-0.44231,0.970337,0.226383,-0.0292573,0.218853,0.684806,-0.0106832,0.00751977,-0.0194504,0.0335313,0.318145,0.00402232,0.199322,1.58118,
9.34729,16.8504,-0.440043,0.970359,0.226365,-0.0292387,0.218773,0.684827,-0.0113832,0.00704212,-0.0195722,0.0337858,0.318073,0.00400889,0.199326,1.58083,
9.34532,16.8504,-0.437776,0.97038,0.226346,-0.0292201,0.218692,0.684848,-0.0120832,0.00656447,-0.019694,0.0340404,0.318001,0.00399546,0.199331,1.58048,
9.34335,16.8504,-0.43551,0.970402,0.226328,-0.0292015,0.218612,0.68487,-0.0127832,0.00608683,-0.0198158,0.034295,0.317928,0.00398204,0.199335,1.58012,
9.34138,16.8504,-0.433243,0.970423,0.226309,-0.0291829,0.218532,0.684891,-0.0134832,0.00560918,-0.0199376,0.0345495,0.317856,0.00396861,0.19934,1.57977,
9.33941,16.8504,-0.430976,0.970445,0.226291,-0.0291643,0.218451,0.684912,-0.0141832,0.00513153,-0.0200595,0.0348041,0.317784,0.00395518,0.199344,1.57942,
9.33744,16.8504,-0.428709,0.970466,0.226273,-0.0291458,0.218371,0.684934,-0.0148832,0.00465388,-0.0201813,0.0350587,0.317711,0.00394175,0.199348,1.57907,
9.33547,16.8504,-0.426442,0.970488,0.226254,-0.0291272,0.218291,0.684955,-0.0155832,0.00417623,-0.0203031,0.0353132,0.317639,0.00392832,0.199353,1.57871,
9.3335,16.8504,-0.424176,0.970509,0.226236,-0.0291086,0.21821,0.684976,-0.0162832,0.00369858,-0.0204249,0.0355678,0.317567,0.00391489,0.199357,1.57836,
9.33153,16.8504,-0.421909,0.970531,0.226217,-0.02909,0.21813,0.684998,-0.0169832,0.00322093,-0.0205467,0.0358223,0.317494,0.00390147,0.199361,1.57801,
9.32956,16.8504,-0.419642,0.970553,0.226199,-0.0290714,0.21805,0.685019,-0.0176832,0.00274328,-0.0206685,0.0360769,0.317422,0.00388804,0.199366,1.57766,
9.32759,16.8504,-0.417375,0.970574,0.226181,-0.0290528,0.217969,0.68504,-0.0183832,0.00226563,-0.0207904,0.0363315,0.317349,0.00387461,0.19937,1.5773,
9.32562,16.8504,-0.415108,0.970596,0.226162,-0.0290342,0.217889,0.685062,-0.0190831,0.00178799,-0.0209122,0.036586,0.317277,0.00386118,0.199375,1.57695,
9.32365,16.8504,-0.412842,0.970617,0.226144,-0.0290156,0.217808,0.685083,-0.0197832,0.00131034,-0.021034,0.0368406,0.317205,0.00384775,0.199379,1.5766,
9.32168,16.8504,-0.410575,0.970639,0.226125,-0.028997,0.217728,0.685104,-0.0204832,0.000832688,-0.0211558,0.0370951,0.317132,0.00383432,0.199383,1.57625,
9.31971,16.8504,-0.408308,0.97066,0.226107,-0.0289784,0.217648,0.685126,-0.0211831,0.000355039,-0.0212776,0.0373497,0.31706,0.00382089,0.199388,1.57589,
9.31774,16.8504,-0.406041,0.970682,0.226089,-0.0289598,0.217567,0.685147,-0.0218832,-0.00012261,-0.0213994,0.0376043,0.316988,0.00380747,0.199392,1.57554,
9.31577,16.8504,-0.403774,0.970703,0.22607,-0.0289412,0.217487,0.685168,-0.0225831,-0.000600258,-0.0215213,0.0378588,0.316915,0.00379404,0.199396,1.57519,
9.3138,16.8504,-0.401508,0.970725,0.226052,-0.0289226,0.217407,0.68519,-0.0232832,-0.00107791,-0.0216431,0.0381134,0.316843,0.00378061,0.199401,1.57484,
9.31183,16.8504,-0.399241,0.970747,0.226033,-0.028904,0.217326,0.685211,-0.0239831,-0.00155556,-0.0217649,0.038368,0.316771,0.00376718,0.199405,1.57448,
9.30986,16.8504,-0.396974,0.970768,0.226015,-0.0288855,0.217246,0.685232,-0.0246831,-0.00203321,-0.0218867,0.0386225,0.316698,0.00375375,0.19941,1.57413,
9.30789,16.8504,-0.394707,0.97079,0.225997,-0.0288669,0.217166,0.685254,-0.0253831,-0.00251085,-0.0220085,0.0388771,0.316626,0.00374032,0.199414,1.57378,
9.30593,16.8504,-0.39244,0.970811,0.225978,-0.0288483,0.217085,0.685275,-0.0260831,-0.0029885,-0.0221303,0.0391316,0.316554,0.0037269,0.199418,1.57342,
9.30396,16.8504,-0.390174,0.970833,0.22596,-0.0288297,0.217005,0.685296,-0.0267831,-0.00346615,-0.0222521,0.0393862,0.316481,0.00371347,0.199423,1.57307,
9.30199,16.8504,-0.387907,0.970854,0.225941,-0.0288111,0.216924,0.685318,-0.0274831,-0.0039438,-0.022374,0.0396408,0.316409,0.00370004,0.199427,1.57272,
9.30002,16.8504,-0.38564,0.970876,0.225923,-0.0287925,0.216844,0.685339,-0.0281831,-0.00442145,-0.0224958,0.0398953,0.316337,0.00368661,0.199431,1.57237,
9.29805,16.8504,-0.383373,0.970897,0.225905,-0.0287739,0.216764,0.68536,-0.0288831,-0.0048991,-0.0226176,0.0401499,0.316264,0.00367318,0.199436,1.57201,
9.29608,16.8504,-0.381106,0.970919,0.225886,-0.0287553,0.216683,0.685382,-0.0295831,-0.00537675,-0.0227394,0.0404044,0.316192,0.00365975,0.19944,1.57166,
9.29411,16.8504,-0.37884,0.970941,0.225868,-0.0287367,0.216603,0.685403,-0.0302831,-0.0058544,-0.0228612,0.040659,0.316119,0.00364633,0.199445,1.57131,
9.29214,16.8504,-0.376573,0.970962,0.22585,-0.0287181,0.216523,0.685424,-0.0309831,-0.00633204,-0.022983,0.0409136,0.316047,0.0036329,0.199449,1.57096,
9.29017,16.8504,-0.374306,0.970984,0.225831,-0.0286995,0.216442,0.685446,-0.0316831,-0.00680969,-0.0231049,0.0411681,0.315975,0.00361947,0.199453,1.5706,
9.2882,16.8504,-0.372039,0.971005,0.225813,-0.0286809,0.216362,0.685467,-0.0323831,-0.00728734,-0.0232267,0.0414227,0.315902,0.00360604,0.199458,1.57025,
9.28623,16.8504,-0.369772,0.971027,0.225794,-0.0286623,0.216282,0.685488,-0.0330831,-0.00776499,-0.0233485,0.0416773,0.31583,0.00359261,0.199462,1.5699,
9.28426,16.8504,-0.367506,0.971047,0.225777,-0.0286441,0.216205,0.685509,-0.0335258,-0.0080563,-0.0233256,0.041954,0.315761,0.00358177,0.19947,1.56956,
9.28229,16.8504,-0.365239,0.971067,0.225759,-0.0286261,0.216129,0.685528,-0.0338586,-0.00826809,-0.023241,0.0422402,0.315694,0.00357204,0.199478,1.56923,
9.28032,16.8504,-0.362972,0.971087,0.225742,-0.028608,0.216054,0.685548,-0.0341913,-0.00847989,-0.0231563,0.0425263,0.315626,0.00356231,0.199487,1.5689,
9.27835,16.8504,-0.360705,0.971107,0.225724,-0.0285899,0.215979,0.685568,-0.0345241,-0.00869168,-0.0230717,0.0428125,0.315558,0.00355258,0.199496,1.56858,
9.27638,16.8504,-0.358438,0.971128,0.225707,-0.0285719,0.215903,0.685588,-0.0348569,-0.00890347,-0.022987,0.0430987,0.315491,0.00354284,0.199505,1.56825,
9.27441,16.8504,-0.356172,0.971148,0.225689,-0.0285538,0.215828,0.685608,-0.0351897,-0.00911527,-0.0229024,0.0433849,0.315423,0.00353311,0.199513,1.56792,
9.27244,16.8504,-0.353905,0.971168,0.225672,-0.0285358,0.215753,0.685628,-0.0355225,-0.00932706,-0.0228177,0.0436711,0.315356,0.00352338,0.199522,1.56759,
9.27047,16.8504,-0.351638,0.971188,0.225655,-0.0285177,0.215677,0.685648,-0.0358553,-0.00953886,-0.0227331,0.0439573,0.315288,0.00351364,0.199531,1.56726,
9.2685,16.8504,-0.349371,0.971208,0.225637,-0.0284997,0.215602,0.685667,-0.0361881,-0.00975065,-0.0226484,0.0442434,0.315221,0.00350391,0.19954,1.56693,
9.26653,16.8504,-0.347105,0.971228,0.22562,-0.0284816,0.215527,0.685687,-0.0365209,-0.00996244,-0.0225638,0.0445296,0.315153,0.00349418,0.199548,1.5666,
9.26456,16.8504,-0.344838,0.971248,0.225602,-0.0284635,0.215452,0.685707,-0.0368537,-0.0101742,-0.0224792,0.0448158,0.315086,0.00348445,0.199557,1.56627,
9.26259,16.8504,-0.342571,0.971268,0.225585,-0.0284455,0.215376,0.685727,-0.0371865,-0.010386,-0.0223945,0.045102,0.315018,0.00347471,0.199566,1.56594,
9.26062,16.8504,-0.340304,0.971288,0.225567,-0.0284274,0.215301,0.685747,-0.0375193,-0.0105978,-0.0223099,0.0453882,0.314951,0.00346498,0.199575,1.56561,
9.25865,16.8504,-0.338037,0.971308,0.22555,-0.0284094,0.215226,0.685767,-0.0378521,-0.0108096,-0.0222252,0.0456743,0.314883,0.00345525,0.199584,1.56528,
9.25668,16.8504,-0.335771,0.971328,0.225533,-0.0283913,0.21515,0.685787,-0.0381848,-0.0110214,-0.0221406,0.0459605,0.314816,0.00344551,0.199592,1.56495,
9.25471,16.8504,-0.333504,0.971348,0.225515,-0.0283732,0.215075,0.685806,-0.0385176,-0.0112332,-0.0220559,0.0462467,0.314748,0.00343578,0.199601,1.56462,
9.25274,16.8504,-0.331237,0.971368,0.225498,-0.0283552,0.215,0.685826,-0.0388504,-0.011445,-0.0219713,0.0465329,0.314681,0.00342605,0.19961,1.5643,
9.25077,16.8504,-0.32897,0.971389,0.22548,-0.0283371,0.214924,0.685846,-0.0391832,-0.0116568,-0.0218866,0.0468191,0.314613,0.00341632,0.199619,1.56397,
9.2488,16.8504,-0.326703,0.971409,0.225463,-0.0283191,0.214849,0.685866,-0.039516,-0.0118686,-0.021802,0.0471053,0.314546,0.00340658,0.199627,1.56364,
9.24683,16.8504,-0.324437,0.971429,0.225445,-0.028301,0.214774,0.685886,-0.0398488,-0.0120804,-0.0217173,0.0473914,0.314478,0.00339685,0.199636,1.56331,
9.24487,16.8504,-0.32217,0.971449,0.225428,-0.028283,0.214698,0.685906,-0.0401816,-0.0122922,-0.0216327,0.0476776,0.314411,0.00338712,0.199645,1.56298,
9.2429,16.8504,-0.319903,0.971469,0.225411,-0.0282649,0.214623,0.685926,-0.0405144,-0.012504,-0.0215481,0.0479638,0.314343,0.00337738,0.199654,1.56265,
9.24093,16.8504,-0.317636,0.971489,0.225393,-0.0282468,0.214548,0.685945,-0.0408472,-0.0127158,-0.0214634,0.04825,0.314275,0.00336765,0.199663,1.56232,
9.23896,16.8504,-0.315369,0.971509,0.225376,-0.0282288,0.214472,0.685965,-0.04118,-0.0129276,-0.0213788,0.0485362,0.314208,0.00335792,0.199671,1.56199,
9.23699,16.8504,-0.313103,0.971529,0.225358,-0.0282107,0.214397,0.685985,-0.0415128,-0.0131394,-0.0212941,0.0488223,0.31414,0.00334819,0.19968,1.56166,
9.23502,16.8504,-0.310836,0.971549,0.225341,-0.0281927,0.214322,0.686005,-0.0418456,-0.0133511,-0.0212095,0.0491085,0.314073,0.00333845,0.199689,1.56133,
9.23305,16.8504,-0.308569,0.971569,0.225323,-0.0281746,0.214247,0.686025,-0.0421783,-0.0135629,-0.0211248,0.0493947,0.314005,0.00332872,0.199698,1.561,
9.23108,16.8504,-0.306302,0.971589,0.225306,-0.0281566,0.214171,0.686045,-0.0425111,-0.0137747,-0.0210402,0.0496809,0.313938,0.00331899,0.199706,1.56067,
9.22911,16.8504,-0.304035,0.971609,0.225289,-0.0281385,0.214096,0.686064,-0.0428439,-0.0139865,-0.0209555,0.0499671,0.31387,0.00330926,0.199715,1.56035,
9.22714,16.8504,-0.301769,0.971629,0.225271,-0.0281207,0.214021,0.686084,-0.0431639,-0.0141824,-0.0208669,0.0502398,0.313803,0.00330012,0.199724,1.56002,
9.22517,16.8504,-0.299502,0.971649,0.225257,-0.0281049,0.213945,0.686103,-0.043384,-0.0142551,-0.0207478,0.0504086,0.313738,0.0032956,0.199733,1.5597,
9.2232,16.8504,-0.297235,0.971668,0.225243,-0.0280891,0.213869,0.686123,-0.0436041,-0.0143278,-0.0206286,0.0505774,0.313672,0.00329108,0.199743,1.55938,
9.22123,16.8504,-0.294968,0.971687,0.225228,-0.0280733,0.213794,0.686142,-0.0438242,-0.0144005,-0.0205094,0.0507462,0.313607,0.00328656,0.199752,1.55906,
9.21926,16.8504,-0.292701,0.971707,0.225214,-0.0280576,0.213718,0.686161,-0.0440443,-0.0144731,-0.0203902,0.0509149,0.313542,0.00328204,0.199762,1.55874,
9.21729,16.8504,-0.290435,0.971726,0.2252,-0.0280418,0.213642,0.68618,-0.0442644,-0.0145458,-0.0202711,0.0510837,0.313477,0.00327752,0.199771,1.55843,
9.21532,16.8504,-0.288168,0.971745,0.225185,-0.028026,0.213567,0.686199,-0.0444846,-0.0146185,-0.0201519,0.0512525,0.313411,0.003273,0.199781,1.55811,
9.21335,16.8504,-0.285901,0.971765,0.225171,-0.0280102,0.213491,0.686218,-0.0447047,-0.0146911,-0.0200327,0.0514212,0.313346,0.00326849,0.19979,1.55779,
9.21138,16.8504,-0.283634,0.971784,0.225157,-0.0279944,0.213415,0.686237,-0.0449248,-0.0147638,-0.0199135,0.05159,0.313281,0.00326397,0.1998,1.55747,
9.20941,16.8504,-0.281367,0.971803,0.225142,-0.0279787,0.21334,0.686256,-0.0451449,-0.0148365,-0.0197943,0.0517588,0.313216,0.00325945,0.199809,1.55715,
9.20744,16.8504,-0.279101,0.971823,0.225128,-0.0279629,0.213264,0.686276,-0.045365,-0.0149092,-0.0196752,0.0519275,0.31315,0.00325493,0.199819,1.55683,
9.20547,16.8504,-0.276834,0.971842,0.225114,-0.0279471,0.213189,0.686295,-0.0455851,-0.0149818,-0.019556,0.0520963,0.313085,0.00325041,0.199828,1.55652,
9.2035,16.8504,-0.274567,0.971862,0.225099,-0.0279313,0.213113,0.686314,-0.0458053,-0.0150545,-0.0194368,0.0522651,0.31302,0.00324589,0.199838,1.5562,
9.20153,16.8504,-0.2723,0.971881,0.225085,-0.0279155,0.213037,0.686333,-0.0460254,-0.0151272,-0.0193176,0.0524338,0.312954,0.00324137,0.199847,1.55588,
9.19956,16.8504,-0.270033,0.9719,0.225071,-0.0278997,0.212962,0.686352,-0.0462455,-0.0151998,-0.0191984,0.0526026,0.312889,0.00323685,0.199857,1.55556,
9.19759,16.8504,-0.267767,0.97192,0.225056,-0.027884,0.212886,0.686371,-0.0464656,-0.0152725,-0.0190793,0.0527714,0.312824,0.00323234,0.199866,1.55524,
9.19562,16.8504,-0.2655,0.971939,0.225042,-0.0278682,0.21281,0.68639,-0.0466857,-0.0153452,-0.0189601,0.0529401,0.312759,0.00322782,0.199876,1.55492,
9.19365,16.8504,-0.263233,0.971958,0.225027,-0.0278524,0.212735,0.68641,-0.0469058,-0.0154179,-0.0188409,0.0531089,0.312693,0.0032233,0.199885,1.55461,
9.19168,16.8504,-0.260966,0.971978,0.225013,-0.0278366,0.212659,0.686429,-0.047126,-0.0154905,-0.0187217,0.0532777,0.312628,0.00321878,0.199894,1.55429,
9.18971,16.8504,-0.2587,0.971997,0.224999,-0.0278208,0.212584,0.686448,-0.0473461,-0.0155632,-0.0186026,0.0534464,0.312563,0.00321426,0.199904,1.55397,
9.18774,16.8504,-0.256433,0.972016,0.224984,-0.0278051,0.212508,0.686467,-0.0475662,-0.0156359,-0.0184834,0.0536152,0.312498,0.00320974,0.199913,1.55365,
9.18577,16.8504,-0.254166,0.972036,0.22497,-0.0277893,0.212432,0.686486,-0.0477863,-0.0157085,-0.0183642,0.053784,0.312432,0.00320522,0.199923,1.55333,
9.1838,16.8504,-0.251899,0.972055,0.224956,-0.0277735,0.212357,0.686505,-0.0480064,-0.0157812,-0.018245,0.0539528,0.312367,0.0032007,0.199932,1.55301,
9.18184,16.8504,-0.249632,0.972074,0.224941,-0.0277577,0.212281,0.686524,-0.0482265,-0.0158539,-0.0181258,0.0541215,0.312302,0.00319619,0.199942,1.5527,
9.17986,16.8504,-0.247366,0.972094,0.224927,-0.0277419,0.212205,0.686544,-0.0484466,-0.0159266,-0.0180067,0.0542903,0.312237,0.00319167,0.199951,1.55238,
9.1779,16.8504,-0.245099,0.972113,0.224913,-0.0277261,0.21213,0.686563,-0.0486668,-0.0159992,-0.0178875,0.0544591,0.312171,0.00318715,0.199961,1.55206,
9.17593,16.8504,-0.242832,0.972132,0.224898,-0.0277104,0.212054,0.686582,-0.0488869,-0.0160719,-0.0177683,0.0546278,0.312106,0.00318263,0.19997,1.55174,
9.17396,16.8504,-0.240565,0.972152,0.224884,-0.0276946,0.211978,0.686601,-0.049107,-0.0161446,-0.0176491,0.0547966,0.312041,0.00317811,0.19998,1.55142,
9.17199,16.8504,-0.238298,0.972171,0.22487,-0.0276788,0.211903,0.68662,-0.0493271,-0.0162172,-0.0175299,0.0549654,0.311975,0.00317359,0.199989,1.5511,
9.17002,16.8504,-0.236032,0.97219,0.224855,-0.027663,0.211827,0.686639,-0.0495472,-0.0162899,-0.0174108,0.0551341,0.31191,0.00316907,0.199999,1.55079,
9.16805,16.8504,-0.233765,0.97221,0.224841,-0.0276472,0.211752,0.686658,-0.0497673,-0.0163626,-0.0172916,0.0553029,0.311845,0.00316455,0.200008,1.55047,
9.16608,16.8504,-0.231498,0.972229,0.224826,-0.0276315,0.211676,0.686677,-0.0499875,-0.0164353,-0.0171724,0.0554717,0.31178,0.00316003,0.200018,1.55015,
9.16411,16.8504,-0.229231,0.972249,0.224812,-0.0276157,0.2116,0.686697,-0.0502076,-0.0165079,-0.0170532,0.0556404,0.311714,0.00315552,0.200027,1.54983,
9.16214,16.8504,-0.226964,0.972268,0.224798,-0.0275999,0.211525,0.686716,-0.0504277,-0.0165806,-0.0169341,0.0558092,0.311649,0.003151,0.200036,1.54951,
9.16017,16.8504,-0.224698,0.972287,0.224783,-0.0275841,0.211449,0.686735,-0.0506478,-0.0166533,-0.0168149,0.055978,0.311584,0.00314648,0.200046,1.54919,
9.1582,16.8504,-0.222431,0.972307,0.224769,-0.0275683,0.211373,0.686754,-0.0508679,-0.0167259,-0.0166957,0.0561467,0.311519,0.00314196,0.200055,1.54888,
9.15623,16.8504,-0.220164,0.972325,0.224754,-0.027552,0.211301,0.686772,-0.0510119,-0.0166857,-0.0165822,0.0562326,0.311455,0.00310725,0.200064,1.54856,
9.15426,16.8504,-0.217897,0.972342,0.224737,-0.0275353,0.21123,0.686789,-0.0510984,-0.0165603,-0.0164728,0.0562561,0.311392,0.0030498,0.200073,1.54826,
9.15229,16.8504,-0.21563,0.97236,0.224721,-0.0275186,0.21116,0.686807,-0.0511849,-0.016435,-0.0163635,0.0562795,0.311329,0.00299235,0.200082,1.54795,
9.15032,16.8504,-0.213364,0.972377,0.224705,-0.0275019,0.211089,0.686824,-0.0512714,-0.0163096,-0.0162542,0.056303,0.311267,0.0029349,0.20009,1.54765,
9.14835,16.8504,-0.211097,0.972395,0.224689,-0.0274852,0.211018,0.686841,-0.051358,-0.0161842,-0.0161449,0.0563264,0.311204,0.00287745,0.200099,1.54734,
9.14638,16.8504,-0.20883,0.972412,0.224672,-0.0274685,0.210948,0.686859,-0.0514445,-0.0160589,-0.0160356,0.0563499,0.311141,0.00282,0.200108,1.54703,
9.14441,16.8504,-0.206563,0.97243,0.224656,-0.0274518,0.210877,0.686876,-0.051531,-0.0159335,-0.0159263,0.0563734,0.311079,0.00276255,0.200116,1.54673,
9.14244,16.8504,-0.204296,0.972447,0.22464,-0.027435,0.210807,0.686893,-0.0516176,-0.0158082,-0.015817,0.0563968,0.311016,0.0027051,0.200125,1.54642,
9.14047,16.8504,-0.20203,0.972465,0.224623,-0.0274183,0.210736,0.68691,-0.0517041,-0.0156828,-0.0157077,0.0564203,0.310953,0.00264765,0.200134,1.54612,
9.1385,16.8504,-0.199763,0.972482,0.224607,-0.0274016,0.210666,0.686928,-0.0517906,-0.0155575,-0.0155984,0.0564437,0.310891,0.0025902,0.200142,1.54581,
9.13653,16.8504,-0.197496,0.9725,0.224591,-0.0273849,0.210595,0.686945,-0.0518771,-0.0154321,-0.015489,0.0564672,0.310828,0.00253275,0.200151,1.5455,
9.13456,16.8504,-0.195229,0.972517,0.224575,-0.0273682,0.210525,0.686962,-0.0519637,-0.0153067,-0.0153797,0.0564906,0.310765,0.0024753,0.20016,1.5452,
9.13259,16.8504,-0.192962,0.972535,0.224558,-0.0273515,0.210454,0.68698,-0.0520502,-0.0151814,-0.0152704,0.0565141,0.310702,0.00241785,0.200168,1.54489,
9.13062,16.8504,-0.190696,0.972552,0.224542,-0.0273348,0.210384,0.686997,-0.0521367,-0.015056,-0.0151611,0.0565375,0.31064,0.0023604,0.200177,1.54458,
9.12865,16.8504,-0.188429,0.97257,0.224526,-0.0273181,0.210313,0.687014,-0.0522232,-0.0149307,-0.0150518,0.056561,0.310577,0.00230295,0.200186,1.54428,
9.12668,16.8504,-0.186162,0.972587,0.22451,-0.0273014,0.210242,0.687032,-0.0523098,-0.0148053,-0.0149425,0.0565844,0.310514,0.0022455,0.200194,1.54397,
9.12471,16.8504,-0.183895,0.972605,0.224493,-0.0272847,0.210172,0.687049,-0.0523963,-0.0146799,-0.0148332,0.0566079,0.310452,0.00218804,0.200203,1.54367,
9.12274,16.8504,-0.181628,0.972622,0.224477,-0.027268,0.210101,0.687066,-0.0524828,-0.0145546,-0.0147239,0.0566313,0.310389,0.00213059,0.200212,1.54336,
9.12077,16.8504,-0.179362,0.97264,0.224461,-0.0272512,0.210031,0.687083,-0.0525694,-0.0144292,-0.0146146,0.0566548,0.310326,0.00207314,0.20022,1.54305,
9.1188,16.8504,-0.177095,0.972657,0.224445,-0.0272345,0.20996,0.687101,-0.0526559,-0.0143039,-0.0145052,0.0566782,0.310264,0.00201569,0.200229,1.54275,
9.11684,16.8504,-0.174828,0.972675,0.224428,-0.0272178,0.20989,0.687118,-0.0527424,-0.0141785,-0.0143959,0.0567017,0.310201,0.00195824,0.200238,1.54244,
9.11487,16.8504,-0.172561,0.972692,0.224412,-0.0272011,0.209819,0.687135,-0.0528289,-0.0140531,-0.0142866,0.0567251,0.310138,0.00190079,0.200246,1.54214,
9.1129,16.8504,-0.170295,0.97271,0.224396,-0.0271844,0.209749,0.687153,-0.0529155,-0.0139278,-0.0141773,0.0567486,0.310076,0.00184334,0.200255,1.54183,
9.11093,16.8504,-0.168028,0.972727,0.224379,-0.0271677,0.209678,0.68717,-0.053002,-0.0138024,-0.014068,0.056772,0.310013,0.00178589,0.200264,1.54152,
9.10896,16.8504,-0.165761,0.972745,0.224363,-0.027151,0.209608,0.687187,-0.0530885,-0.0136771,-0.0139587,0.0567955,0.30995,0.00172844,0.200272,1.54122,
9.10699,16.8504,-0.163494,0.972762,0.224347,-0.0271343,0.209537,0.687204,-0.053175,-0.0135517,-0.0138494,0.0568189,0.309887,0.00167099,0.200281,1.54091,
9.10502,16.8504,-0.161227,0.97278,0.224331,-0.0271176,0.209466,0.687222,-0.0532616,-0.0134263,-0.0137401,0.0568424,0.309825,0.00161354,0.20029,1.5406,
9.10305,16.8504,-0.158961,0.972797,0.224314,-0.0271009,0.209396,0.687239,-0.0533481,-0.013301,-0.0136308,0.0568658,0.309762,0.00155609,0.200298,1.5403,
9.10108,16.8504,-0.156694,0.972815,0.224298,-0.0270841,0.209325,0.687256,-0.0534346,-0.0131756,-0.0135214,0.0568893,0.309699,0.00149864,0.200307,1.53999,
9.09911,16.8504,-0.154427,0.972832,0.224282,-0.0270674,0.209255,0.687274,-0.0535212,-0.0130503,-0.0134121,0.0569127,0.309637,0.00144119,0.200316,1.53969,
9.09714,16.8504,-0.15216,0.97285,0.224266,-0.0270507,0.209184,0.687291,-0.0536077,-0.0129249,-0.0133028,0.0569362,0.309574,0.00138374,0.200324,1.53938,
9.09517,16.8504,-0.149893,0.972867,0.224249,-0.027034,0.209114,0.687308,-0.0536942,-0.0127995,-0.0131935,0.0569596,0.309511,0.00132629,0.200333,1.53907,
9.0932,16.8504,-0.147627,0.972885,0.224233,-0.0270173,0.209043,0.687326,-0.0537807,-0.0126742,-0.0130842,0.0569831,0.309449,0.00126883,0.200341,1.53877,
9.09123,16.8504,-0.14536,0.972902,0.224217,-0.0270006,0.208973,0.687343,-0.0538673,-0.0125488,-0.0129749,0.0570066,0.309386,0.00121138,0.20035,1.53846,
9.08926,16.8504,-0.143093,0.97292,0.224201,-0.0269839,0.208902,0.68736,-0.0539538,-0.0124235,-0.0128656,0.05703,0.309323,0.00115393,0.200359,1.53816,
9.08729,16.8504,-0.140826,0.972937,0.224184,-0.0269672,0.208832,0.687377,-0.0540403,-0.0122981,-0.0127563,0.0570535,0.309261,0.00109648,0.200367,1.53785,
9.08532,16.8504,-0.138559,0.972955,0.224168,-0.0269505,0.208761,0.687395,-0.0541268,-0.0121727,-0.012647,0.0570769,0.309198,0.00103903,0.200376,1.53754,
9.08335,16.8504,-0.136293,0.972972,0.224152,-0.0269338,0.20869,0.687412,-0.0542134,-0.0120474,-0.0125376,0.0571004,0.309135,0.000981582,0.200385,1.53724,
9.08138,16.8504,-0.134026,0.97299,0.224135,-0.0269171,0.20862,0.687429,-0.0542999,-0.011922,-0.0124283,0.0571238,0.309072,0.000924131,0.200393,1.53693,
9.07941,16.8504,-0.131759,0.973007,0.224119,-0.0269005,0.208549,0.687447,-0.05437,-0.0118045,-0.0123034,0.0571336,0.30901,0.000864627,0.200402,1.53663,
9.07744,16.8504,-0.129492,0.973024,0.224105,-0.0268849,0.208478,0.687463,-0.0543529,-0.0117285,-0.0120958,0.0570709,0.308949,0.000794258,0.20041,1.53633,
9.07547,16.8504,-0.127225,0.97304,0.224091,-0.0268693,0.208408,0.68748,-0.0543359,-0.0116525,-0.0118881,0.0570082,0.308887,0.000723889,0.200418,1.53603,
9.0735,16.8504,-0.124959,0.973057,0.224076,-0.0268537,0.208337,0.687496,-0.0543188,-0.0115765,-0.0116805,0.0569455,0.308826,0.00065352,0.200426,1.53572,
9.07153,16.8504,-0.122692,0.973074,0.224062,-0.0268381,0.208266,0.687513,-0.0543018,-0.0115006,-0.0114729,0.0568828,0.308764,0.000583152,0.200434,1.53542,
9.06956,16.8504,-0.120425,0.973091,0.224047,-0.0268225,0.208195,0.687529,-0.0542848,-0.0114246,-0.0112652,0.0568201,0.308703,0.000512783,0.200441,1.53512,
9.06759,16.8504,-0.118158,0.973107,0.224033,-0.0268068,0.208124,0.687546,-0.0542677,-0.0113486,-0.0110576,0.0567575,0.308641,0.000442414,0.200449,1.53482,
9.06562,16.8504,-0.115891,0.973124,0.224018,-0.0267912,0.208053,0.687562,-0.0542507,-0.0112726,-0.01085,0.0566948,0.30858,0.000372045,0.200457,1.53452,
9.06365,16.8504,-0.113625,0.973141,0.224004,-0.0267756,0.207982,0.687579,-0.0542336,-0.0111966,-0.0106423,0.0566321,0.308519,0.000301676,0.200465,1.53422,
9.06168,16.8504,-0.111358,0.973158,0.223989,-0.02676,0.207912,0.687595,-0.0542166,-0.0111206,-0.0104347,0.0565694,0.308457,0.000231307,0.200473,1.53392,
9.05971,16.8504,-0.109091,0.973174,0.223975,-0.0267444,0.207841,0.687612,-0.0541996,-0.0110446,-0.0102271,0.0565067,0.308396,0.000160938,0.200481,1.53362,
9.05774,16.8504,-0.106824,0.973191,0.223961,-0.0267288,0.20777,0.687629,-0.0541825,-0.0109686,-0.0100194,0.056444,0.308334,9.05696e-05,0.200489,1.53332,
9.05577,16.8504,-0.104557,0.973208,0.223946,-0.0267132,0.207699,0.687645,-0.0541655,-0.0108926,-0.00981181,0.0563813,0.308273,2.02008e-05,0.200497,1.53302,
9.05381,16.8504,-0.102291,0.973224,0.223932,-0.0266976,0.207628,0.687662,-0.0541484,-0.0108166,-0.00960418,0.0563186,0.308212,-5.01681e-05,0.200505,1.53272,
9.05184,16.8504,-0.100024,0.973241,0.223917,-0.0266819,0.207557,0.687678,-0.0541314,-0.0107407,-0.00939655,0.056256,0.30815,-0.000120537,0.200513,1.53242,
9.04987,16.8504,-0.0977571,0.973258,0.223903,-0.0266663,0.207486,0.687695,-0.0541144,-0.0106647,-0.00918891,0.0561933,0.308089,-0.000190906,0.200521,1.53212,
9.0479,16.8504,-0.0954903,0.973275,0.223888,-0.0266507,0.207416,0.687711,-0.0540973,-0.0105887,-0.00898128,0.0561306,0.308027,-0.000261275,0.200528,1.53182,
9.04593,16.8504,-0.0932235,0.973291,0.223874,-0.0266351,0.207345,0.687728,-0.0540803,-0.0105127,-0.00877365,0.0560679,0.307966,-0.000331643,0.200536,1.53152,
9.04396,16.8504,-0.0909567,0.973308,0.22386,-0.0266195,0.207274,0.687744,-0.0540632,-0.0104367,-0.00856602,0.0560052,0.307904,-0.000402012,0.200544,1.53122,
9.04199,16.8504,-0.0886899,0.973325,0.223845,-0.0266039,0.207203,0.687761,-0.0540462,-0.0103607,-0.00835838,0.0559425,0.307843,-0.000472381,0.200552,1.53092,
9.04002,16.8504,-0.0864231,0.973342,0.223831,-0.0265883,0.207132,0.687778,-0.0540292,-0.0102847,-0.00815075,0.0558798,0.307782,-0.00054275,0.20056,1.53062,
9.03805,16.8504,-0.0841563,0.973358,0.223816,-0.0265727,0.207061,0.687794,-0.0540121,-0.0102087,-0.00794312,0.0558171,0.30772,-0.000613119,0.200568,1.53032,
9.03608,16.8504,-0.0818895,0.973375,0.223802,-0.026557,0.206991,0.687811,-0.0539951,-0.0101327,-0.00773549,0.0557545,0.307659,-0.000683488,0.200576,1.53002,
9.03411,16.8504,-0.0796227,0.973392,0.223787,-0.0265414,0.20692,0.687827,-0.0539781,-0.0100567,-0.00752785,0.0556918,0.307597,-0.000753857,0.200584,1.52972,
9.03214,16.8504,-0.0773559,0.973409,0.223773,-0.0265258,0.206849,0.687844,-0.053961,-0.00998075,-0.00732022,0.0556291,0.307536,-0.000824225,0.200592,1.52942,
9.03017,16.8504,-0.0750891,0.973425,0.223758,-0.0265102,0.206778,0.68786,-0.053944,-0.00990476,-0.00711259,0.0555664,0.307475,-0.000894594,0.2006,1.52912,
9.0282,16.8504,-0.0728223,0.973442,0.223746,-0.0264958,0.206708,0.687877,-0.0537806,-0.0102818,-0.00682677,0.0556881,0.307416,-0.000924024,0.200608,1.52883,
9.02623,16.8504,-0.0705556,0.973459,0.223736,-0.0264828,0.206641,0.687893,-0.0534306,-0.0112362,-0.0064413,0.0560449,0.30736,-0.000901272,0.200618,1.52856,
9.02426,16.8504,-0.0682888,0.973475,0.223726,-0.0264699,0.206573,0.68791,-0.0530806,-0.0121907,-0.00605582,0.0564017,0.307305,-0.00087852,0.200627,1.52829,
9.02229,16.8504,-0.066022,0.973492,0.223716,-0.0264569,0.206505,0.687926,-0.0527306,-0.0131451,-0.00567035,0.0567584,0.30725,-0.000855768,0.200637,1.52802,
9.02032,16.8504,-0.0637552,0.973508,0.223707,-0.026444,0.206437,0.687943,-0.0523806,-0.0140996,-0.00528487,0.0571152,0.307195,-0.000833016,0.200647,1.52775,
9.01835,16.8504,-0.0614884,0.973525,0.223697,-0.026431,0.206369,0.687959,-0.0520306,-0.015054,-0.0048994,0.057472,0.307139,-0.000810264,0.200656,1.52748,
9.01638,16.8504,-0.0592216,0.973542,0.223687,-0.026418,0.206301,0.687975,-0.0516806,-0.0160084,-0.00451392,0.0578288,0.307084,-0.000787512,0.200666,1.52721,
9.01441,16.8504,-0.0569548,0.973558,0.223677,-0.0264051,0.206234,0.687992,-0.0513306,-0.0169629,-0.00412844,0.0581855,0.307029,-0.000764759,0.200676,1.52694,
9.01244,16.8504,-0.054688,0.973575,0.223667,-0.0263921,0.206166,0.688008,-0.0509806,-0.0179173,-0.00374297,0.0585423,0.306973,-0.000742007,0.200685,1.52667,
9.01047,16.8504,-0.0524212,0.973592,0.223657,-0.0263792,0.206098,0.688025,-0.0506306,-0.0188718,-0.00335749,0.0588991,0.306918,-0.000719255,0.200695,1.5264,
9.0085,16.8504,-0.0501544,0.973608,0.223648,-0.0263662,0.20603,0.688041,-0.0502806,-0.0198262,-0.00297202,0.0592559,0.306863,-0.000696503,0.200705,1.52613,
9.00653,16.8504,-0.0478876,0.973625,0.223638,-0.0263533,0.205962,0.688058,-0.0499306,-0.0207807,-0.00258654,0.0596126,0.306807,-0.000673751,0.200714,1.52586,
9.00456,16.8504,-0.0456208,0.973642,0.223628,-0.0263403,0.205894,0.688074,-0.0495806,-0.0217351,-0.00220107,0.0599694,0.306752,-0.000650999,0.200724,1.5256,
9.00259,16.8504,-0.043354,0.973658,0.223618,-0.0263274,0.205826,0.688091,-0.0492307,-0.0226896,-0.00181559,0.0603262,0.306697,-0.000628247,0.200733,1.52533,
9.00062,16.8504,-0.0410872,0.973675,0.223608,-0.0263144,0.205759,0.688107,-0.0488807,-0.023644,-0.00143012,0.0606829,0.306641,-0.000605495,0.200743,1.52506,
8.99865,16.8504,-0.0388204,0.973691,0.223598,-0.0263015,0.205691,0.688124,-0.0485307,-0.0245984,-0.00104464,0.0610397,0.306586,-0.000582743,0.200753,1.52479,
8.99668,16.8504,-0.0365536,0.973708,0.223588,-0.0262885,0.205623,0.68814,-0.0481807,-0.0255529,-0.000659166,0.0613965,0.306531,-0.00055999,0.200762,1.52452,
8.99471,16.8504,-0.0342868,0.973725,0.223579,-0.0262755,0.205555,0.688156,-0.0478307,-0.0265073,-0.000273691,0.0617533,0.306475,-0.000537238,0.200772,1.52425,
8.99275,16.8504,-0.03202,0.973741,0.223569,-0.0262626,0.205487,0.688173,-0.0474807,-0.0274618,0.000111785,0.06211,0.30642,-0.000514486,0.200782,1.52398,
8.99078,16.8504,-0.0297532,0.973758,0.223559,-0.0262496,0.205419,0.688189,-0.0471307,-0.0284162,0.00049726,0.0624668,0.306365,-0.000491734,0.200791,1.52371,
8.98881,16.8504,-0.0274865,0.973775,0.223549,-0.0262367,0.205352,0.688206,-0.0467807,-0.0293707,0.000882735,0.0628236,0.306309,-0.000468982,0.200801,1.52344,
8.98684,16.8504,-0.0252197,0.973791,0.223539,-0.0262237,0.205284,0.688222,-0.0464307,-0.0303251,0.00126821,0.0631804,0.306254,-0.00044623,0.20081,1.52317,
8.98487,16.8504,-0.0229529,0.973808,0.223529,-0.0262108,0.205216,0.688239,-0.0460807,-0.0312796,0.00165369,0.0635371,0.306199,-0.000423478,0.20082,1.5229,
8.9829,16.8504,-0.0206861,0.973825,0.22352,-0.0261978,0.205148,0.688255,-0.0457307,-0.032234,0.00203916,0.0638939,0.306144,-0.000400726,0.20083,1.52263,
8.98093,16.8504,-0.0184193,0.973841,0.22351,-0.0261849,0.20508,0.688272,-0.0453807,-0.0331884,0.00242464,0.0642507,0.306088,-0.000377973,0.200839,1.52236,
8.97896,16.8504,-0.0161525,0.973858,0.2235,-0.0261719,0.205012,0.688288,-0.0450307,-0.0341429,0.00281011,0.0646075,0.306033,-0.000355221,0.200849,1.52209,
8.97699,16.8504,-0.0138857,0.973874,0.22349,-0.026159,0.204944,0.688305,-0.0446807,-0.0350973,0.00319559,0.0649642,0.305978,-0.000332469,0.200859,1.52182,
8.97502,16.8504,-0.0116189,0.973891,0.22348,-0.026146,0.204877,0.688321,-0.0443308,-0.0360518,0.00358106,0.065321,0.305922,-0.000309717,0.200868,1.52155,
8.97305,16.8504,-0.0093521,0.973908,0.22347,-0.0261331,0.204809,0.688337,-0.0439808,-0.0370062,0.00396654,0.0656778,0.305867,-0.000286965,0.200878,1.52128,
8.97108,16.8504,-0.0070853,0.973924,0.223461,-0.0261201,0.204741,0.688354,-0.0436308,-0.0379607,0.00435201,0.0660346,0.305812,-0.000264213,0.200888,1.52101,
8.96911,16.8504,-0.00481851,0.973941,0.223451,-0.0261071,0.204673,0.68837,-0.0432808,-0.0389151,0.00473749,0.0663913,0.305756,-0.000241461,0.200897,1.52074,
8.96714,16.8504,-0.00255171,0.973958,0.223441,-0.0260942,0.204605,0.688387,-0.0429308,-0.0398696,0.00512296,0.0667481,0.305701,-0.000218709,0.200907,1.52047,
8.96517,16.8504,-0.000284917,0.973974,0.223431,-0.0260812,0.204537,0.688403,-0.0425808,-0.040824,0.00550844,0.0671049,0.305646,-0.000195957,0.200916,1.5202,
8.9632,16.8504,0.00198188,0.973991,0.223421,-0.0260683,0.20447,0.68842,-0.0422308,-0.0417784,0.00589392,0.0674617,0.30559,-0.000173204,0.200926,1.51993,
8.96123,16.8504,0.00424867,0.974007,0.223411,-0.0260553,0.204402,0.688436,-0.0418808,-0.0427329,0.00627939,0.0678184,0.305535,-0.000150452,0.200936,1.51966,
8.95926,16.8504,0.00651547,0.974024,0.223401,-0.0260424,0.204334,0.688453,-0.0415308,-0.0436873,0.00666487,0.0681752,0.30548,-0.0001277,0.200945,1.51939,
8.95729,16.8504,0.00878226,0.974041,0.223392,-0.0260294,0.204266,0.688469,-0.0411808,-0.0446418,0.00705034,0.068532,0.305424,-0.000104948,0.200955,1.51912,
8.95532,16.8504,0.0110491,0.974057,0.223382,-0.0260165,0.204198,0.688486,-0.0408308,-0.0455962,0.00743582,0.0688888,0.305369,-8.21959e-05,0.200965,1.51885,
8.95335,16.8504,0.0133159,0.974074,0.223372,-0.0260035,0.20413,0.688502,-0.0404808,-0.0465507,0.00782129,0.0692455,0.305314,-5.94438e-05,0.200974,1.51858,
8.95138,16.8504,0.0155826,0.974091,0.223362,-0.0259906,0.204062,0.688518,-0.0401308,-0.0475051,0.00820677,0.0696023,0.305258,-3.66917e-05,0.200984,1.51831,
8.94941,16.8504,0.0178494,0.974107,0.223352,-0.0259776,0.203995,0.688535,-0.0397809,-0.0484596,0.00859224,0.0699591,0.305203,-1.39396e-05,0.200994,1.51804,
8.94744,16.8504,0.0201162,0.974124,0.223342,-0.0259647,0.203927,0.688551,-0.0394309,-0.049414,0.00897772,0.0703159,0.305148,8.81253e-06,0.201003,1.51777,
8.94547,16.8504,0.022383,0.97414,0.223333,-0.0259517,0.203859,0.688568,-0.0390809,-0.0503684,0.00936319,0.0706726,0.305093,3.15646e-05,0.201013,1.5175,
8.9435,16.8504,0.0246498,0.974157,0.223323,-0.0259387,0.203791,0.688584,-0.0387309,-0.0513229,0.00974867,0.0710294,0.305037,5.43168e-05,0.201022,1.51723,
8.94153,16.8504,0.0269166,0.974174,0.223313,-0.0259258,0.203723,0.688601,-0.0383809,-0.0522773,0.0101341,0.0713862,0.304982,7.70689e-05,0.201032,1.51696,
8.93956,16.8504,0.0291834,0.97419,0.223303,-0.0259128,0.203655,0.688617,-0.0380309,-0.0532318,0.0105196,0.0717429,0.304927,9.9821e-05,0.201042,1.51669,
8.93759,16.8504,0.0314502,0.974207,0.223293,-0.0258999,0.203588,0.688634,-0.0376809,-0.0541862,0.0109051,0.0720997,0.304871,0.000122573,0.201051,1.51642,
8.93562,16.8504,0.033717,0.974224,0.223283,-0.0258869,0.20352,0.68865,-0.0373309,-0.0551407,0.0112906,0.0724565,0.304816,0.000145325,0.201061,1.51615,
8.93365,16.8504,0.0359838,0.97424,0.223273,-0.025874,0.203452,0.688667,-0.0369809,-0.0560951,0.011676,0.0728133,0.304761,0.000168077,0.201071,1.51588,
8.93168,16.8504,0.0382506,0.974257,0.223264,-0.0258619,0.203384,0.688683,-0.036835,-0.0570016,0.011898,0.0732974,0.304706,0.000191363,0.20108,1.51561,
8.92972,16.8504,0.0405174,0.974273,0.223257,-0.0258531,0.203315,0.688699,-0.0374844,-0.0577215,0.0114827,0.074278,0.304652,0.000216729,0.20109,1.51535,
8.92774,16.8504,0.0427842,0.974289,0.22325,-0.0258443,0.203247,0.688715,-0.0381337,-0.0584414,0.0110673,0.0752585,0.304598,0.000242095,0.201099,1.51509,
8.92578,16.8504,0.045051,0.974305,0.223242,-0.0258355,0.203178,0.688731,-0.038783,-0.0591613,0.010652,0.076239,0.304545,0.00026746,0.201109,1.51482,
8.92381,16.8504,0.0473178,0.974321,0.223235,-0.0258267,0.203109,0.688746,-0.0394324,-0.0598812,0.0102367,0.0772195,0.304491,0.000292826,0.201118,1.51456,
8.92184,16.8504,0.0495846,0.974337,0.223228,-0.0258179,0.203041,0.688762,-0.0400817,-0.060601,0.0098214,0.0782,0.304438,0.000318192,0.201128,1.5143,
8.91987,16.8504,0.0518514,0.974353,0.22322,-0.0258092,0.202972,0.688778,-0.0407311,-0.0613209,0.00940608,0.0791805,0.304384,0.000343557,0.201138,1.51404,
8.9179,16.8504,0.0541182,0.974369,0.223213,-0.0258004,0.202903,0.688794,-0.0413804,-0.0620408,0.00899077,0.0801611,0.30433,0.000368923,0.201147,1.51378,
8.91593,16.8504,0.056385,0.974385,0.223206,-0.0257916,0.202835,0.68881,-0.0420297,-0.0627607,0.00857545,0.0811416,0.304277,0.000394288,0.201157,1.51352,
8.91396,16.8504,0.0586517,0.974401,0.223198,-0.0257828,0.202766,0.688826,-0.0426791,-0.0634805,0.00816014,0.0821221,0.304223,0.000419654,0.201166,1.51325,
8.91199,16.8504,0.0609185,0.974418,0.223191,-0.025774,0.202697,0.688842,-0.0433284,-0.0642004,0.00774483,0.0831026,0.30417,0.00044502,0.201176,1.51299,
8.91002,16.8504,0.0631853,0.974434,0.223184,-0.0257652,0.202629,0.688858,-0.0439778,-0.0649203,0.00732951,0.0840831,0.304116,0.000470385,0.201185,1.51273,
8.90805,16.8504,0.0654521,0.97445,0.223176,-0.0257564,0.20256,0.688874,-0.0446271,-0.0656402,0.0069142,0.0850637,0.304062,0.000495751,0.201195,1.51247,
8.90608,16.8504,0.0677189,0.974466,0.223169,-0.0257476,0.202492,0.68889,-0.0452764,-0.06636,0.00649888,0.0860442,0.304009,0.000521117,0.201204,1.51221,
8.90411,16.8504,0.0699857,0.974482,0.223162,-0.0257389,0.202423,0.688905,-0.0459258,-0.0670799,0.00608357,0.0870247,0.303955,0.000546482,0.201214,1.51195,
8.90214,16.8504,0.0722525,0.974498,0.223154,-0.0257301,0.202354,0.688921,-0.0465751,-0.0677998,0.00566825,0.0880052,0.303901,0.000571848,0.201224,1.51168,
8.90017,16.8504,0.0745193,0.974513,0.223144,-0.0257192,0.202287,0.688936,-0.0471073,-0.0681085,0.00533506,0.0885912,0.303847,0.0005251,0.201232,1.51142,
8.8982,16.8504,0.0767861,0.974526,0.223127,-0.0257035,0.202224,0.688949,-0.0473776,-0.0674978,0.00518551,0.088295,0.303789,0.000317077,0.201236,1.51114,
8.89623,16.8504,0.0790529,0.974538,0.22311,-0.0256879,0.20216,0.688961,-0.0476479,-0.0668871,0.00503597,0.0879988,0.303732,0.000109055,0.201241,1.51086,
8.89426,16.8504,0.0813197,0.974551,0.223093,-0.0256723,0.202097,0.688974,-0.0479182,-0.0662764,0.00488642,0.0877026,0.303675,-9.89675e-05,0.201246,1.51057,
8.89229,16.8504,0.0835865,0.974563,0.223076,-0.0256567,0.202034,0.688986,-0.0481884,-0.0656657,0.00473687,0.0874064,0.303618,-0.00030699,0.20125,1.51029,
8.89032,16.8504,0.0858533,0.974576,0.223059,-0.025641,0.20197,0.688999,-0.0484587,-0.065055,0.00458732,0.0871102,0.303561,-0.000515012,0.201255,1.51001,
8.88835,16.8504,0.0881201,0.974589,0.223042,-0.0256254,0.201907,0.689011,-0.048729,-0.0644443,0.00443778,0.086814,0.303504,-0.000723035,0.20126,1.50973,
8.88638,16.8504,0.0903869,0.974601,0.223025,-0.0256098,0.201843,0.689024,-0.0489992,-0.0638336,0.00428823,0.0865178,0.303446,-0.000931057,0.201264,1.50945,
8.88441,16.8504,0.0926537,0.974614,0.223008,-0.0255941,0.20178,0.689036,-0.0492695,-0.0632229,0.00413868,0.0862216,0.303389,-0.00113908,0.201269,1.50917,
8.88244,16.8504,0.0949205,0.974627,0.222991,-0.0255785,0.201716,0.689049,-0.0495398,-0.0626122,0.00398914,0.0859253,0.303332,-0.0013471,0.201274,1.50889,
8.88047,16.8504,0.0971873,0.974639,0.222975,-0.0255629,0.201653,0.689061,-0.0498101,-0.0620015,0.00383959,0.0856291,0.303275,-0.00155512,0.201278,1.50861,
8.8785,16.8504,0.0994541,0.974652,0.222958,-0.0255473,0.20159,0.689074,-0.0500803,-0.0613908,0.00369004,0.0853329,0.303218,-0.00176315,0.201283,1.50833,
8.87653,16.8504,0.101721,0.974665,0.222941,-0.0255316,0.201526,0.689086,-0.0503506,-0.0607801,0.0035405,0.0850367,0.30316,-0.00197117,0.201288,1.50805,
8.87456,16.8504,0.103988,0.974677,0.222924,-0.025516,0.201463,0.689098,-0.0506209,-0.0601693,0.00339095,0.0847405,0.303103,-0.00217919,0.201292,1.50777,
8.87259,16.8504,0.106254,0.97469,0.222907,-0.0255004,0.201399,0.689111,-0.0508912,-0.0595586,0.0032414,0.0844443,0.303046,-0.00238721,0.201297,1.50749,
8.87062,16.8504,0.108521,0.974703,0.22289,-0.0254847,0.201336,0.689123,-0.0511614,-0.0589479,0.00309186,0.0841481,0.302989,-0.00259524,0.201302,1.50721,
8.86865,16.8504,0.110788,0.974715,0.222873,-0.0254691,0.201273,0.689136,-0.0514317,-0.0583372,0.00294231,0.0838519,0.302932,-0.00280326,0.201306,1.50693,
8.86668,16.8504,0.113055,0.974728,0.222856,-0.0254535,0.201209,0.689148,-0.051702,-0.0577265,0.00279276,0.0835557,0.302874,-0.00301128,0.201311,1.50664,
8.86472,16.8504,0.115322,0.974741,0.222839,-0.0254378,0.201146,0.689161,-0.0519723,-0.0571158,0.00264322,0.0832595,0.302817,-0.0032193,0.201316,1.50636,
8.86275,16.8504,0.117588,0.974753,0.222822,-0.0254222,0.201082,0.689173,-0.0522425,-0.0565051,0.00249367,0.0829633,0.30276,-0.00342733,0.20132,1.50608,
8.86078,16.8504,0.119855,0.974766,0.222805,-0.0254066,0.201019,0.689186,-0.0525128,-0.0558944,0.00234412,0.082667,0.302703,-0.00363535,0.201325,1.5058,
8.85881,16.8504,0.122122,0.974779,0.222788,-0.025391,0.200955,0.689198,-0.0527831,-0.0552837,0.00219458,0.0823708,0.302646,-0.00384337,0.20133,1.50552,
8.85684,16.8504,0.124389,0.974791,0.222771,-0.0253753,0.200892,0.689211,-0.0530533,-0.054673,0.00204503,0.0820746,0.302588,-0.00405139,0.201334,1.50524,
8.85487,16.8504,0.126656,0.974804,0.222754,-0.0253597,0.200829,0.689223,-0.0533236,-0.0540623,0.00189548,0.0817784,0.302531,-0.00425942,0.201339,1.50496,
8.8529,16.8504,0.128922,0.974817,0.222737,-0.0253441,0.200765,0.689236,-0.0535939,-0.0534516,0.00174593,0.0814822,0.302474,-0.00446744,0.201344,1.50468,
8.85093,16.8504,0.131189,0.974829,0.22272,-0.0253284,0.200702,0.689248,-0.0538642,-0.0528409,0.00159639,0.081186,0.302417,-0.00467546,0.201348,1.5044,
8.84896,16.8504,0.133456,0.974842,0.222703,-0.0253128,0.200638,0.689261,-0.0541344,-0.0522301,0.00144684,0.0808898,0.30236,-0.00488348,0.201353,1.50412,
8.84699,16.8504,0.135723,0.974854,0.222686,-0.0252972,0.200575,0.689273,-0.0544047,-0.0516194,0.00129729,0.0805936,0.302302,-0.00509151,0.201358,1.50384,
8.84502,16.8504,0.13799,0.974867,0.222669,-0.0252816,0.200512,0.689286,-0.054675,-0.0510087,0.00114775,0.0802974,0.302245,-0.00529953,0.201362,1.50356,
8.84305,16.8504,0.140256,0.97488,0.222652,-0.0252659,0.200448,0.689298,-0.0549453,-0.050398,0.0009982,0.0800011,0.302188,-0.00550755,0.201367,1.50328,
8.84108,16.8504,0.142523,0.974892,0.222635,-0.0252503,0.200385,0.689311,-0.0552155,-0.0497873,0.000848654,0.0797049,0.302131,-0.00571557,0.201372,1.503,
8.83911,16.8504,0.14479,0.974905,0.222619,-0.0252347,0.200321,0.689323,-0.0554858,-0.0491766,0.000699107,0.0794087,0.302074,-0.0059236,0.201376,1.50272,
8.83714,16.8504,0.147057,0.974918,0.222602,-0.025219,0.200258,0.689336,-0.0557561,-0.0485659,0.00054956,0.0791125,0.302016,-0.00613162,0.201381,1.50243,
8.83517,16.8504,0.149324,0.97493,0.222585,-0.0252034,0.200194,0.689348,-0.0560264,-0.0479552,0.000400013,0.0788163,0.301959,-0.00633964,0.201386,1.50215,
8.8332,16.8504,0.15159,0.974943,0.222568,-0.0251878,0.200131,0.689361,-0.0562966,-0.0473445,0.000250466,0.0785201,0.301902,-0.00654766,0.20139,1.50187,
8.83123,16.8504,0.153857,0.974956,0.222551,-0.0251721,0.200068,0.689373,-0.0565669,-0.0467338,0.000100919,0.0782239,0.301845,-0.00675569,0.201395,1.50159,
8.82926,16.8504,0.156124,0.974968,0.222534,-0.0251565,0.200004,0.689386,-0.0568372,-0.0461231,-4.86275e-05,0.0779277,0.301788,-0.00696371,0.2014,1.50131,
8.82729,16.8504,0.158391,0.974981,0.222517,-0.0251409,0.199941,0.689398,-0.0571074,-0.0455124,-0.000198174,0.0776315,0.30173,-0.00717173,0.201404,1.50103,
8.82532,16.8504,0.160658,0.974994,0.2225,-0.0251253,0.199877,0.689411,-0.0573777,-0.0449017,-0.000347721,0.0773353,0.301673,-0.00737975,0.201409,1.50075,
8.82335,16.8504,0.162924,0.975006,0.222483,-0.0251096,0.199814,0.689423,-0.057648,-0.044291,-0.000497268,0.077039,0.301616,-0.00758778,0.201414,1.50047,
8.82138,16.8504,0.165191,0.975019,0.222466,-0.025094,0.199751,0.689435,-0.0579183,-0.0436803,-0.000646815,0.0767428,0.301559,-0.0077958,0.201418,1.50019,
8.81941,16.8504,0.167458,0.975032,0.222449,-0.0250784,0.199687,0.689448,-0.0581885,-0.0430695,-0.000796362,0.0764466,0.301502,-0.00800382,0.201423,1.49991,
8.81744,16.8504,0.169725,0.975044,0.222432,-0.0250627,0.199624,0.68946,-0.0584588,-0.0424588,-0.000945909,0.0761504,0.301444,-0.00821184,0.201428,1.49963,
8.81547,16.8504,0.171991,0.975057,0.222415,-0.0250471,0.19956,0.689473,-0.0587291,-0.0418481,-0.00109546,0.0758542,0.301387,-0.00841987,0.201432,1.49935,
8.8135,16.8504,0.174258,0.97507,0.222398,-0.0250315,0.199497,0.689485,-0.0589994,-0.0412374,-0.001245,0.075558,0.30133,-0.00862789,0.201437,1.49907,
8.81153,16.8504,0.176525,0.975082,0.222381,-0.0250159,0.199433,0.689498,-0.0592696,-0.0406267,-0.00139455,0.0752618,0.301273,-0.00883591,0.201442,1.49879,
8.80956,16.8504,0.178792,0.975095,0.222364,-0.0250002,0.19937,0.68951,-0.0595399,-0.040016,-0.0015441,0.0749656,0.301216,-0.00904393,0.201446,1.49851,
8.80759,16.8504,0.181059,0.975107,0.222347,-0.0249846,0.199307,0.689523,-0.0598102,-0.0394053,-0.00169364,0.0746694,0.301158,-0.00925196,0.201451,1.49822,
8.80562,16.8504,0.183325,0.97512,0.22233,-0.024969,0.199243,0.689535,-0.0600804,-0.0387946,-0.00184319,0.0743732,0.301101,-0.00945998,0.201456,1.49794,
8.80365,16.8504,0.185592,0.975133,0.222313,-0.0249533,0.19918,0.689548,-0.0603507,-0.0381839,-0.00199274,0.0740769,0.301044,-0.009668,0.20146,1.49766,
8.80169,16.8504,0.187859,0.975145,0.222296,-0.0249377,0.199116,0.68956,-0.060621,-0.0375732,-0.00214228,0.0737807,0.300987,-0.00987602,0.201465,1.49738,
8.79972,16.8504,0.190126,0.975158,0.22228,-0.0249221,0.199053,0.689573,-0.0608913,-0.0369625,-0.00229183,0.0734845,0.30093,-0.010084,0.20147,1.4971,
8.79775,16.8504,0.192393,0.975171,0.222263,-0.0249065,0.19899,0.689585,-0.0611615,-0.0363518,-0.00244138,0.0731883,0.300872,-0.0102921,0.201474,1.49682,
8.79578,16.8504,0.194659,0.975183,0.222246,-0.0248908,0.198926,0.689598,-0.0614318,-0.0357411,-0.00259092,0.0728921,0.300815,-0.0105001,0.201479,1.49654,
8.79381,16.8504,0.196926,0.975196,0.222229,-0.0248752,0.198863,0.68961,-0.0617021,-0.0351304,-0.00274047,0.0725959,0.300758,-0.0107081,0.201484,1.49626,
8.79184,16.8504,0.199193,0.975209,0.222212,-0.0248596,0.198799,0.689623,-0.0619724,-0.0345196,-0.00289002,0.0722997,0.300701,-0.0109161,0.201488,1.49598,
8.78987,16.8504,0.20146,0.975221,0.222195,-0.0248439,0.198736,0.689635,-0.0622426,-0.0339089,-0.00303956,0.0720035,0.300644,-0.0111242,0.201493,1.4957,
8.7879,16.8504,0.203727,0.975234,0.222178,-0.0248283,0.198672,0.689648,-0.0625129,-0.0332982,-0.00318911,0.0717073,0.300586,-0.0113322,0.201498,1.49542,
8.78593,16.8504,0.205993,0.975247,0.222161,-0.0248127,0.198609,0.68966,-0.0627832,-0.0326875,-0.00333866,0.0714111,0.300529,-0.0115402,0.201502,1.49514,
8.78396,16.8504,0.20826,0.97526,0.222144,-0.0247967,0.198547,0.689673,-0.0625553,-0.0321323,-0.00320945,0.0708431,0.300473,-0.0117107,0.201507,1.49486,
8.78199,16.8504,0.210527,0.975274,0.222129,-0.0247799,0.198489,0.689687,-0.0608254,-0.0317445,-0.00223967,0.0694558,0.30042,-0.0117681,0.201512,1.4946,
8.78002,16.8504,0.212794,0.975288,0.222114,-0.024763,0.19843,0.689701,-0.0590955,-0.0313567,-0.00126988,0.0680684,0.300368,-0.0118255,0.201518,1.49435,
8.77805,16.8504,0.215061,0.975302,0.222098,-0.0247461,0.198372,0.689715,-0.0573656,-0.0309689,-0.000300097,0.0666811,0.300315,-0.0118829,0.201523,1.49409,
8.77608,16.8504,0.217327,0.975316,0.222083,-0.0247293,0.198314,0.689729,-0.0556357,-0.0305811,0.000669687,0.0652937,0.300262,-0.0119403,0.201529,1.49383,
8.77411,16.8504,0.219594,0.975331,0.222069,-0.0247143,0.198256,0.689743,-0.0538587,-0.0301013,0.00155719,0.0641444,0.300211,-0.01195,0.201534,1.49358,
8.77214,16.8504,0.221861,0.975348,0.222063,-0.0247091,0.198201,0.68976,-0.0518337,-0.029137,0.00201186,0.0642469,0.300169,-0.0117088,0.20154,1.49337,
8.77017,16.8504,0.224128,0.975364,0.222057,-0.0247039,0.198146,0.689776,-0.0498088,-0.0281728,0.00246653,0.0643494,0.300126,-0.0114677,0.201545,1.49317,
8.7682,16.8504,0.226395,0.975381,0.22205,-0.0246987,0.198091,0.689793,-0.0477839,-0.0272086,0.00292121,0.0644519,0.300083,-0.0112265,0.201551,1.49296,
8.76623,16.8504,0.228661,0.975398,0.222044,-0.0246935,0.198035,0.68981,-0.0457589,-0.0262444,0.00337588,0.0645545,0.300041,-0.0109854,0.201556,1.49275,
8.76426,16.8504,0.230928,0.975415,0.222038,-0.0246883,0.19798,0.689826,-0.043734,-0.0252801,0.00383055,0.064657,0.299998,-0.0107442,0.201562,1.49255,
8.76229,16.8504,0.233195,0.975432,0.222032,-0.0246831,0.197925,0.689843,-0.0417091,-0.0243159,0.00428522,0.0647595,0.299956,-0.0105031,0.201567,1.49234,
8.76032,16.8504,0.235462,0.975449,0.222025,-0.0246779,0.19787,0.689859,-0.0396841,-0.0233517,0.0047399,0.0648621,0.299913,-0.0102619,0.201573,1.49213,
8.75835,16.8504,0.237729,0.975465,0.222019,-0.0246727,0.197815,0.689876,-0.0376592,-0.0223874,0.00519457,0.0649646,0.299871,-0.0100208,0.201579,1.49193,
8.75638,16.8504,0.239995,0.975482,0.222013,-0.0246675,0.19776,0.689893,-0.0356343,-0.0214232,0.00564924,0.0650671,0.299828,-0.00977964,0.201584,1.49172,
8.75441,16.8504,0.242262,0.975499,0.222007,-0.0246624,0.197705,0.689909,-0.0336094,-0.020459,0.00610391,0.0651697,0.299786,-0.00953849,0.20159,1.49151,
8.75244,16.8504,0.244529,0.975516,0.222,-0.0246572,0.19765,0.689926,-0.0315844,-0.0194948,0.00655858,0.0652722,0.299743,-0.00929735,0.201595,1.49131,
8.75047,16.8504,0.246796,0.975533,0.221994,-0.024652,0.197594,0.689942,-0.0295595,-0.0185305,0.00701326,0.0653747,0.299701,-0.0090562,0.201601,1.4911,
8.7485,16.8504,0.249063,0.975549,0.221988,-0.0246468,0.197539,0.689959,-0.0275346,-0.0175663,0.00746793,0.0654773,0.299658,-0.00881505,0.201606,1.4909,
8.74653,16.8504,0.251329,0.975566,0.221981,-0.0246416,0.197484,0.689976,-0.0255096,-0.0166021,0.0079226,0.0655798,0.299616,-0.00857391,0.201612,1.49069,
8.74456,16.8504,0.253596,0.975583,0.221975,-0.0246364,0.197429,0.689992,-0.0234847,-0.0156378,0.00837727,0.0656823,0.299573,-0.00833276,0.201617,1.49048,
8.74259,16.8504,0.255863,0.9756,0.221969,-0.0246312,0.197374,0.690009,-0.0214598,-0.0146736,0.00883195,0.0657848,0.299531,-0.00809161,0.201623,1.49028,
8.74063,16.8504,0.25813,0.975617,0.221963,-0.024626,0.197319,0.690026,-0.0194348,-0.0137094,0.00928662,0.0658874,0.299488,-0.00785047,0.201629,1.49007,
8.73866,16.8504,0.260396,0.975634,0.221956,-0.0246208,0.197264,0.690042,-0.0174099,-0.0127452,0.00974129,0.0659899,0.299446,-0.00760932,0.201634,1.48986,
8.73669,16.8504,0.262663,0.97565,0.22195,-0.0246157,0.197209,0.690059,-0.015385,-0.0117809,0.010196,0.0660924,0.299403,-0.00736817,0.20164,1.48966,
8.73472,16.8504,0.26493,0.975667,0.221944,-0.0246105,0.197153,0.690075,-0.0133601,-0.0108167,0.0106506,0.066195,0.299361,-0.00712703,0.201645,1.48945,
8.73275,16.8504,0.267197,0.975684,0.221938,-0.0246053,0.197098,0.690092,-0.0113351,-0.00985247,0.0111053,0.0662975,0.299318,-0.00688588,0.201651,1.48924,
8.73078,16.8504,0.269464,0.975701,0.221931,-0.0246001,0.197043,0.690109,-0.0093102,-0.00888824,0.01156,0.0664,0.299276,-0.00664473,0.201656,1.48904,
8.72881,16.8504,0.27173,0.975718,0.221925,-0.0245949,0.196988,0.690125,-0.00728527,-0.00792401,0.0120147,0.0665026,0.299233,-0.00640359,0.201662,1.48883,
8.72684,16.8504,0.273997,0.975734,0.221919,-0.0245897,0.196933,0.690142,-0.00526034,-0.00695978,0.0124693,0.0666051,0.29919,-0.00616244,0.201667,1.48862,
8.72487,16.8504,0.276264,0.975751,0.221912,-0.0245845,0.196878,0.690158,-0.00323541,-0.00599555,0.012924,0.0667076,0.299148,-0.00592129,0.201673,1.48842,
8.7229,16.8504,0.278531,0.975768,0.221906,-0.0245793,0.196823,0.690175,-0.00121048,-0.00503132,0.0133787,0.0668102,0.299105,-0.00568015,0.201679,1.48821,
8.72093,16.8504,0.280798,0.975785,0.2219,-0.0245741,0.196768,0.690192,0.000814449,-0.0040671,0.0138333,0.0669127,0.299063,-0.005439,0.201684,1.488,
8.71896,16.8504,0.283064,0.975802,0.221894,-0.024569,0.196713,0.690208,0.00283938,-0.00310287,0.014288,0.0670152,0.29902,-0.00519785,0.20169,1.4878,
8.71699,16.8504,0.285331,0.975818,0.221887,-0.0245638,0.196657,0.690225,0.00486431,-0.00213864,0.0147427,0.0671177,0.298978,-0.00495671,0.201695,1.48759,
8.71502,16.8504,0.287598,0.975835,0.221881,-0.0245586,0.196602,0.690242,0.00688924,-0.00117441,0.0151974,0.0672203,0.298935,-0.00471556,0.201701,1.48739,
8.71305,16.8504,0.289865,0.975852,0.221875,-0.0245534,0.196547,0.690258,0.00891417,-0.000210181,0.015652,0.0673228,0.298893,-0.00447441,0.201706,1.48718,
8.71108,16.8504,0.292132,0.975869,0.221869,-0.0245482,0.196492,0.690275,0.0109391,0.000754047,0.0161067,0.0674253,0.29885,-0.00423327,0.201712,1.48697,
8.70911,16.8504,0.294398,0.975886,0.221862,-0.024543,0.196437,0.690291,0.012964,0.00171828,0.0165614,0.0675279,0.298808,-0.00399212,0.201717,1.48677,
8.70714,16.8504,0.296665,0.975903,0.221856,-0.0245378,0.196382,0.690308,0.014989,0.0026825,0.017016,0.0676304,0.298765,-0.00375097,0.201723,1.48656,
8.70517,16.8504,0.298932,0.975919,0.22185,-0.0245326,0.196327,0.690325,0.0170139,0.00364673,0.0174707,0.0677329,0.298723,-0.00350982,0.201729,1.48635,
8.7032,16.8504,0.301199,0.975936,0.221843,-0.0245274,0.196272,0.690341,0.0190388,0.00461096,0.0179254,0.0678355,0.29868,-0.00326868,0.201734,1.48615,
8.70123,16.8504,0.303466,0.975953,0.221837,-0.0245223,0.196216,0.690358,0.0210637,0.00557519,0.0183801,0.067938,0.298638,-0.00302753,0.20174,1.48594,
8.69926,16.8504,0.305732,0.97597,0.221831,-0.0245171,0.196161,0.690374,0.0230887,0.00653942,0.0188347,0.0680405,0.298595,-0.00278638,0.201745,1.48573,
8.69729,16.8504,0.307999,0.975987,0.221825,-0.0245119,0.196106,0.690391,0.0251136,0.00750365,0.0192894,0.068143,0.298553,-0.00254524,0.201751,1.48553,
8.69532,16.8504,0.310266,0.976003,0.221818,-0.0245067,0.196051,0.690408,0.0271385,0.00846788,0.0197441,0.0682456,0.29851,-0.00230409,0.201756,1.48532,
8.69335,16.8504,0.312533,0.97602,0.221812,-0.0245015,0.195996,0.690424,0.0291635,0.0094321,0.0201988,0.0683481,0.298468,-0.00206294,0.201762,1.48511,
8.69138,16.8504,0.3148,0.976037,0.221806,-0.0244963,0.195941,0.690441,0.0311884,0.0103963,0.0206534,0.0684506,0.298425,-0.0018218,0.201767,1.48491,
8.68941,16.8504,0.317066,0.976054,0.2218,-0.0244911,0.195886,0.690457,0.0332133,0.0113606,0.0211081,0.0685532,0.298382,-0.00158065,0.201773,1.4847,
8.68744,16.8504,0.319333,0.976071,0.221793,-0.0244859,0.195831,0.690474,0.0352383,0.0123248,0.0215628,0.0686557,0.29834,-0.0013395,0.201779,1.48449,
8.68547,16.8504,0.3216,0.976083,0.22179,-0.0244843,0.195774,0.690487,0.0357744,0.0131187,0.0215415,0.0688748,0.298299,-0.00129248,0.20178,1.48429,
8.6835,16.8504,0.323867,0.976096,0.221786,-0.0244829,0.195717,0.690499,0.0361667,0.0138963,0.0214743,0.0691051,0.298258,-0.00126419,0.201782,1.48409,

