14.74,16.8504,0.29692,0.88698,0.180978,-0.0781534,0.159688,0.62909,1384.1,2513.84,-347.54,2890.68,0.254657,-3.81585,2.48346,1.26876,
14.7384,16.8504,0.29942,0.895315,0.243784,-0.104464,0.214812,0.629194,332.919,622.245,-92.7262,711.784,0.34417,-2.5765,11.4624,1.7069,
14.7367,16.8504,0.30192,0.900153,0.272427,-0.115604,0.239395,0.629338,209.648,408.183,-67.0608,463.755,0.384829,-1.87271,14.9965,1.90364,
14.735,16.8504,0.30442,0.904078,0.292824,-0.122681,0.256706,0.62951,150.203,308.789,-56.4201,348.009,0.413616,-1.31411,15.4196,2.04186,
14.7334,16.8504,0.30692,0.907436,0.308808,-0.127598,0.269801,0.629702,107.886,237.162,-48.5441,265.04,0.435807,-0.850537,13.9449,2.14776,
14.7317,16.8504,0.309421,0.910238,0.320852,-0.130609,0.279385,0.629913,71.6474,170.53,-38.9911,189.051,0.452237,-0.484064,11.0124,2.22568,
14.7301,16.8504,0.311921,0.912406,0.329227,-0.132212,0.285732,0.630134,40.8105,106.824,-27.2761,117.573,0.46337,-0.222305,7.37606,2.27816,
14.7284,16.8504,0.314421,0.913752,0.33351,-0.132621,0.288705,0.630367,19.709,56.8219,-15.78,62.2183,0.468797,-0.0847484,4.13884,2.30357,
14.7267,16.8504,0.316921,0.914581,0.335526,-0.13262,0.289851,0.630603,6.83021,23.3567,-7.25638,25.4239,0.471137,-0.0171237,1.95138,2.31445,
14.7251,16.8504,0.319422,0.915012,0.335854,-0.13235,0.289768,0.630832,0.728277,5.34458,-2.31591,5.91939,0.471272,-0.000630524,0.731458,2.31499,
14.7234,16.8504,0.321922,0.915256,0.335504,-0.132091,0.289158,0.631066,-0.620198,0.23763,-0.538596,2.64137,0.470524,-0.00437061,0.423051,2.31143,
14.7217,16.8504,0.324422,0.915468,0.335059,-0.131823,0.288565,0.63129,-1.057,-2.05948,0.325208,2.33903,0.46971,-0.0101777,0.228058,2.30758,
14.7201,16.8504,0.326922,0.915688,0.334685,-0.131598,0.287948,0.631522,-0.891027,-1.7845,0.304258,2.01821,0.468943,-0.0144063,0.190298,2.30396,
14.7184,16.8504,0.329422,0.915903,0.334322,-0.131359,0.287427,0.631743,-0.699384,-1.3068,0.195998,1.4966,0.468246,-0.0176351,0.173103,2.30067,
14.7168,16.8504,0.331923,0.916133,0.334012,-0.13114,0.286867,0.631973,-0.569418,-0.938649,0.0937334,1.10438,0.46757,-0.0198715,0.175827,2.29747,
14.7151,16.8504,0.334423,0.91636,0.333718,-0.130915,0.286373,0.632194,-0.487298,-0.720372,0.0374171,0.873743,0.466948,-0.0213379,0.200764,2.29453,
14.7134,16.8504,0.336923,0.916584,0.333421,-0.130687,0.2859,0.632412,-0.410576,-0.528359,-0.00775938,0.670157,0.466337,-0.0227173,0.229182,2.29165,
14.7118,16.8504,0.339423,0.916819,0.333154,-0.130478,0.285353,0.63264,-0.359386,-0.438221,-0.0202323,0.567173,0.465705,-0.023965,0.262777,2.28866,
14.7101,16.8504,0.341924,0.917042,0.332877,-0.130264,0.284881,0.632856,-0.299285,-0.36448,-0.0179855,0.471965,0.465115,-0.0249708,0.317009,2.28587,
14.7084,16.8504,0.344424,0.917262,0.332597,-0.130048,0.284423,0.63307,-0.237199,-0.291281,-0.014025,0.375923,0.464531,-0.0259399,0.374494,2.28312,
14.7068,16.8504,0.346924,0.917487,0.332333,-0.129846,0.283925,0.633289,-0.171186,-0.215251,-0.00846882,0.275288,0.463936,-0.0268382,0.43732,2.28031,
14.7051,16.8504,0.349424,0.917712,0.332082,-0.129654,0.283423,0.633508,-0.0998715,-0.131643,-0.00298972,0.207589,0.463352,-0.0274946,0.522259,2.27755,
14.7034,16.8504,0.351925,0.917927,0.331825,-0.12946,0.282988,0.633717,-0.0258839,-0.0391507,-0.000556527,0.20923,0.462807,-0.0278315,0.638428,2.27498,
14.7018,16.8504,0.354425,0.918141,0.331568,-0.129265,0.282553,0.633926,0.0481037,0.0533415,0.00187667,0.210872,0.462262,-0.0281685,0.754597,2.27241,
14.7001,16.8504,0.356925,0.91836,0.331326,-0.129083,0.282087,0.634139,0.122258,0.147873,0.00349211,0.239967,0.46171,-0.0283827,0.880163,2.26981,
14.6985,16.8504,0.359425,0.918582,0.331105,-0.128915,0.281596,0.634355,0.194672,0.244522,0.00304035,0.31264,0.461161,-0.0283368,1.03241,2.26722,
14.6968,16.8504,0.361925,0.918791,0.330881,-0.128745,0.281192,0.634559,0.256542,0.338072,-0.0027224,0.424722,0.460669,-0.0277631,1.26145,2.2649,
14.6951,16.8504,0.364426,0.919,0.330657,-0.128575,0.280789,0.634762,0.318413,0.431622,-0.00848515,0.536803,0.460176,-0.0271893,1.49049,2.26259,
14.6935,16.8504,0.366926,0.919209,0.330433,-0.128404,0.280385,0.634965,0.380283,0.525171,-0.0142479,0.648885,0.459684,-0.0266156,1.71953,2.26027,
14.6918,16.8504,0.369426,0.919423,0.330228,-0.128248,0.279947,0.635173,0.438764,0.615906,-0.0209795,0.756698,0.459185,-0.0258866,1.96841,2.25793,
14.6901,16.8504,0.371926,0.919639,0.33004,-0.128104,0.279489,0.635383,0.490884,0.70102,-0.0291123,0.856366,0.458691,-0.0249246,2.2535,2.25561,
14.6885,16.8504,0.374427,0.919843,0.329852,-0.127954,0.279117,0.63558,0.524186,0.768531,-0.0401725,0.931549,0.458253,-0.0234443,2.64265,2.25355,
14.6868,16.8504,0.376927,0.920047,0.329665,-0.127805,0.278745,0.635777,0.557488,0.836042,-0.0512327,1.00673,0.457815,-0.021964,3.0318,2.2515,
14.6851,16.8504,0.379427,0.920251,0.329477,-0.127655,0.278373,0.635974,0.590789,0.903553,-0.062293,1.08191,0.457377,-0.0204836,3.42095,2.24944,
14.6835,16.8504,0.381927,0.920456,0.32929,-0.127505,0.278001,0.636171,0.624091,0.971064,-0.0733532,1.1571,0.45694,-0.0190033,3.8101,2.24739,
14.6818,16.8504,0.384427,0.920665,0.329123,-0.12737,0.277591,0.636372,0.651941,1.03256,-0.0854269,1.2244,0.456495,-0.0173793,4.22373,2.2453,
14.6802,16.8504,0.386928,0.920876,0.32897,-0.127243,0.277168,0.636575,0.672237,1.08402,-0.0976071,1.27936,0.456056,-0.0155938,4.66933,2.24324,
14.6785,16.8504,0.389428,0.921077,0.328814,-0.127105,0.276819,0.636765,0.673317,1.10543,-0.10657,1.29911,0.455662,-0.0134987,5.19095,2.24139,
14.6768,16.8504,0.391928,0.921279,0.328657,-0.126967,0.276471,0.636955,0.674396,1.12683,-0.115533,1.31886,0.455267,-0.0114037,5.71256,2.23954,
14.6752,16.8504,0.394428,0.92148,0.328501,-0.126829,0.276122,0.637145,0.675475,1.14823,-0.124496,1.33861,0.454873,-0.00930856,6.23417,2.23769,
14.6735,16.8504,0.396929,0.921682,0.328344,-0.126691,0.275773,0.637335,0.676554,1.16964,-0.133459,1.35836,0.454479,-0.00721347,6.75579,2.23584,
14.6718,16.8504,0.399429,0.921883,0.328188,-0.126553,0.275425,0.637525,0.677634,1.19104,-0.142422,1.37811,0.454085,-0.00511838,7.2774,2.23399,
14.6702,16.8504,0.401929,0.922088,0.328045,-0.126424,0.27505,0.637718,0.674994,1.20701,-0.151502,1.39145,0.453685,-0.00298099,7.80913,2.23212,
14.6685,16.8504,0.404429,0.922297,0.32792,-0.126306,0.274638,0.637914,0.666686,1.21441,-0.160574,1.39473,0.453278,-0.000784008,8.35611,2.2302,
14.6668,16.8504,0.406929,0.922496,0.327776,-0.12617,0.274296,0.638096,0.642583,1.1789,-0.158192,1.35208,0.4529,0.00127492,8.9353,2.22842,
14.6652,16.8504,0.40943,0.922696,0.327632,-0.126034,0.273953,0.638279,0.618481,1.14339,-0.15581,1.30943,0.452523,0.00333385,9.51448,2.22664,
14.6635,16.8504,0.41193,0.922896,0.327488,-0.125897,0.273611,0.638461,0.594378,1.10787,-0.153429,1.26678,0.452146,0.00539278,10.0937,2.22486,
14.6619,16.8504,0.41443,0.923095,0.327343,-0.125761,0.273269,0.638643,0.570276,1.07236,-0.151047,1.22413,0.451768,0.00745171,10.6729,2.22308,
14.6602,16.8504,0.41693,0.923295,0.327199,-0.125625,0.272927,0.638826,0.546173,1.03685,-0.148665,1.18148,0.451391,0.00951064,11.252,2.2213,
14.6585,16.8504,0.419431,0.923495,0.327055,-0.125489,0.272584,0.639008,0.52207,1.00134,-0.146283,1.13883,0.451013,0.0115696,11.8312,2.21952,
14.6569,16.8504,0.421931,0.923694,0.326911,-0.125352,0.272242,0.63919,0.497968,0.965828,-0.143902,1.09618,0.450636,0.0136285,12.4104,2.21774,
14.6552,16.8504,0.424431,0.923891,0.326754,-0.125214,0.271886,0.639367,0.464676,0.894979,-0.13101,1.01976,0.450241,0.0150133,13.0082,2.21587,
14.6535,16.8504,0.426931,0.924086,0.326592,-0.125074,0.271524,0.639542,0.427643,0.809739,-0.113838,0.929581,0.449839,0.0161237,13.6136,2.21396,
14.6519,16.8504,0.429431,0.924281,0.32643,-0.124935,0.271162,0.639717,0.390609,0.7245,-0.0966655,0.839405,0.449437,0.017234,14.219,2.21205,
14.6502,16.8504,0.431932,0.924476,0.326268,-0.124796,0.2708,0.639891,0.353575,0.63926,-0.0794933,0.74923,0.449036,0.0183443,14.8244,2.21014,
14.6486,16.8504,0.434432,0.924671,0.326106,-0.124656,0.270438,0.640066,0.316541,0.55402,-0.0623211,0.659054,0.448634,0.0194547,15.4297,2.20823,
14.6469,16.8504,0.436932,0.924867,0.325944,-0.124517,0.270076,0.64024,0.279508,0.46878,-0.0451489,0.568878,0.448232,0.020565,16.0351,2.20632,
14.6452,16.8504,0.439432,0.925062,0.325782,-0.124377,0.269714,0.640415,0.242474,0.38354,-0.0279767,0.478702,0.44783,0.0216753,16.6405,2.20441,
14.6436,16.8504,0.441933,0.925257,0.32562,-0.124238,0.269352,0.640589,0.20544,0.2983,-0.0108045,0.388527,0.447428,0.0227857,17.2459,2.2025,
14.6419,16.8504,0.444433,0.925452,0.325458,-0.124098,0.26899,0.640764,0.168407,0.213061,0.00636775,0.298351,0.447027,0.023896,17.8513,2.20059,
14.6402,16.8504,0.446933,0.925647,0.325295,-0.123959,0.268628,0.640939,0.131373,0.127821,0.02354,0.208175,0.446625,0.0250063,18.4566,2.19868,
14.6386,16.8504,0.449433,0.92585,0.325163,-0.123835,0.268224,0.641122,0.0983186,0.0656681,0.0322447,0.157639,0.446216,0.0265061,19.057,2.19674,
14.6369,16.8504,0.451934,0.926041,0.324985,-0.123701,0.267805,0.641295,0.0570038,-0.0394397,0.0555516,0.172,0.445763,0.0264256,19.6874,2.19458,
14.6352,16.8504,0.454434,0.926222,0.324772,-0.123559,0.2674,0.641461,0.0152325,-0.152025,0.0812555,0.26695,0.445295,0.025644,20.3245,2.19234,
14.6336,16.8504,0.456934,0.926401,0.324549,-0.123414,0.266999,0.641625,-0.0266468,-0.266379,0.107526,0.380951,0.444823,0.0246967,20.9632,2.19009,
14.6319,16.8504,0.459434,0.926579,0.324327,-0.123269,0.266598,0.641789,-0.0685262,-0.380733,0.133797,0.494952,0.444352,0.0237495,21.6019,2.18784,
14.6303,16.8504,0.461934,0.926758,0.324105,-0.123125,0.266197,0.641953,-0.110405,-0.495086,0.160067,0.608952,0.44388,0.0228022,22.2406,2.18559,
14.6286,16.8504,0.464435,0.926936,0.323883,-0.12298,0.265795,0.642118,-0.152285,-0.609439,0.186338,0.722953,0.443409,0.0218549,22.8793,2.18333,
14.6269,16.8504,0.466935,0.927114,0.32366,-0.122835,0.265394,0.642282,-0.194164,-0.723793,0.212609,0.836954,0.442937,0.0209076,23.518,2.18108,
14.6253,16.8504,0.469435,0.927293,0.323438,-0.12269,0.264993,0.642446,-0.236043,-0.838147,0.238879,0.950954,0.442466,0.0199603,24.1567,2.17883,
14.6236,16.8504,0.471935,0.927471,0.323216,-0.122546,0.264591,0.64261,-0.277923,-0.9525,0.26515,1.06495,0.441994,0.019013,24.7954,2.17657,
14.6219,16.8504,0.474436,0.92765,0.322994,-0.122401,0.26419,0.642775,-0.319802,-1.06685,0.29142,1.17896,0.441523,0.0180657,25.4341,2.17432,
14.6203,16.8504,0.476936,0.927828,0.322771,-0.122256,0.263789,0.642939,-0.361681,-1.18121,0.317691,1.29296,0.441051,0.0171184,26.0728,2.17207,
14.6186,16.8504,0.479436,0.928007,0.322549,-0.122111,0.263388,0.643103,-0.403561,-1.29556,0.343962,1.40696,0.440579,0.0161711,26.7114,2.16982,
14.6169,16.8504,0.481936,0.928177,0.322308,-0.121967,0.262967,0.643265,-0.446298,-1.40722,0.368072,1.52164,0.44008,0.0145139,27.354,2.16743,
14.6153,16.8504,0.484436,0.928323,0.322004,-0.121816,0.262508,0.643418,-0.491152,-1.50853,0.384556,1.6331,0.439508,0.0109096,28.0024,2.1647,
14.6136,16.8504,0.486937,0.928472,0.321688,-0.121656,0.262048,0.643574,-0.53654,-1.60941,0.40045,1.74425,0.438924,0.00720074,28.6543,2.16191,
14.612,16.8504,0.489437,0.92862,0.321372,-0.121497,0.261589,0.64373,-0.581928,-1.71028,0.416344,1.85539,0.438341,0.00349188,29.3062,2.15913,
14.6103,16.8504,0.491937,0.928768,0.321056,-0.121337,0.261129,0.643886,-0.627316,-1.81115,0.432238,1.96654,0.437758,-0.000216983,29.9581,2.15634,
14.6086,16.8504,0.494437,0.928916,0.320739,-0.121178,0.26067,0.644042,-0.672704,-1.91203,0.448132,2.07769,0.437174,-0.00392585,30.6099,2.15356,
14.607,16.8504,0.496938,0.929064,0.320423,-0.121018,0.26021,0.644198,-0.718092,-2.0129,0.464026,2.18884,0.436591,-0.00763471,31.2618,2.15077,
14.6053,16.8504,0.499438,0.929212,0.320107,-0.120859,0.259751,0.644353,-0.76348,-2.11378,0.479921,2.29998,0.436008,-0.0113436,31.9137,2.14799,
14.6036,16.8504,0.501938,0.929361,0.31979,-0.120699,0.259291,0.644509,-0.808868,-2.21465,0.495815,2.41113,0.435425,-0.0150524,32.5655,2.1452,
14.602,16.8504,0.504438,0.929509,0.319474,-0.12054,0.258832,0.644665,-0.854256,-2.31553,0.511709,2.52228,0.434841,-0.0187613,33.2174,2.14242,
14.6003,16.8504,0.506939,0.929657,0.319158,-0.12038,0.258373,0.644821,-0.899644,-2.4164,0.527603,2.63342,0.434258,-0.0224702,33.8693,2.13963,
14.5986,16.8504,0.509439,0.929805,0.318842,-0.120221,0.257913,0.644977,-0.945032,-2.51727,0.543497,2.74457,0.433675,-0.026179,34.5212,2.13684,
14.597,16.8504,0.511939,0.929953,0.318525,-0.120061,0.257454,0.645133,-0.99042,-2.61815,0.559391,2.85572,0.433091,-0.0298879,35.173,2.13406,
14.5953,16.8504,0.514439,0.930101,0.318209,-0.119902,0.256994,0.645288,-1.03581,-2.71902,0.575285,2.96686,0.432508,-0.0335967,35.8249,2.13127,
14.5937,16.8504,0.516939,0.93025,0.317893,-0.119742,0.256535,0.645444,-1.0812,-2.8199,0.591179,3.07801,0.431925,-0.0373056,36.4768,2.12849,
14.592,16.8504,0.51944,0.93039,0.317568,-0.119577,0.256075,0.645597,-1.12721,-2.91102,0.602473,3.18056,0.431333,-0.0413392,37.1175,2.12567,
14.5903,16.8504,0.52194,0.930465,0.31718,-0.119368,0.255614,0.645724,-1.17818,-2.9245,0.577128,3.21466,0.430676,-0.0479596,37.6692,2.12254,
14.5887,16.8504,0.52444,0.930554,0.316799,-0.119174,0.255125,0.645858,-1.2284,-2.95453,0.558572,3.26181,0.430009,-0.054344,38.2475,2.11938,
14.587,16.8504,0.52694,0.930655,0.316424,-0.118992,0.254614,0.645999,-1.27802,-2.99798,0.545518,3.31952,0.429335,-0.0605371,38.8474,2.11617,
14.5853,16.8504,0.529441,0.930755,0.316049,-0.118811,0.254102,0.64614,-1.32763,-3.04144,0.532464,3.37724,0.428662,-0.0667302,39.4472,2.11296,
14.5837,16.8504,0.531941,0.930855,0.315674,-0.118629,0.253591,0.646282,-1.37724,-3.08489,0.519409,3.43495,0.427988,-0.0729233,40.0471,2.10976,
14.582,16.8504,0.534441,0.930956,0.315298,-0.118447,0.253079,0.646423,-1.42686,-3.12834,0.506355,3.49267,0.427314,-0.0791165,40.647,2.10655,
14.5804,16.8504,0.536941,0.931056,0.314923,-0.118266,0.252568,0.646564,-1.47647,-3.1718,0.493301,3.55039,0.42664,-0.0853096,41.2469,2.10334,
14.5787,16.8504,0.539441,0.931156,0.314548,-0.118084,0.252056,0.646705,-1.52608,-3.21528,0.480255,3.60793,0.425967,-0.0915116,41.8468,2.10014,
14.577,16.8504,0.541942,0.931257,0.314173,-0.117902,0.251545,0.646846,-1.57566,-3.25885,0.467226,3.66511,0.425295,-0.0977328,42.4469,2.09695,
14.5754,16.8504,0.544442,0.931357,0.313798,-0.11772,0.251033,0.646987,-1.62525,-3.30242,0.454197,3.72228,0.424623,-0.103954,43.047,2.09375,
14.5737,16.8504,0.546942,0.931457,0.313423,-0.117539,0.250521,0.647128,-1.67483,-3.34599,0.441168,3.77945,0.423951,-0.110175,43.647,2.09055,
14.572,16.8504,0.549442,0.931558,0.313048,-0.117357,0.25001,0.647269,-1.72441,-3.38956,0.428139,3.83663,0.42328,-0.116397,44.2471,2.08736,
14.5704,16.8504,0.551943,0.931658,0.312673,-0.117175,0.249498,0.64741,-1.77407,-3.43303,0.415111,3.89425,0.422608,-0.122579,44.8472,2.08416,
14.5687,16.8504,0.554443,0.931758,0.312298,-0.116994,0.248987,0.647551,-1.82391,-3.47624,0.402089,3.9531,0.421937,-0.128657,45.4472,2.08097,
14.567,16.8504,0.556943,0.931858,0.311922,-0.116812,0.248475,0.647692,-1.87376,-3.51945,0.389066,4.01194,0.421266,-0.134736,46.0473,2.07777,
14.5654,16.8504,0.559443,0.931959,0.311547,-0.11663,0.247964,0.647833,-1.9236,-3.56266,0.376044,4.07079,0.420595,-0.140814,46.6474,2.07458,
14.5637,16.8504,0.561943,0.932059,0.311172,-0.116449,0.247452,0.647974,-1.97345,-3.60588,0.363021,4.12963,0.419924,-0.146892,47.2474,2.07139,
14.5621,16.8504,0.564444,0.932159,0.310797,-0.116267,0.246941,0.648115,-2.02329,-3.64909,0.349998,4.18848,0.419253,-0.15297,47.8475,2.06819,
14.5604,16.8504,0.566944,0.932225,0.310456,-0.116032,0.246454,0.648238,-2.06758,-3.62873,0.315096,4.20503,0.41861,-0.159254,48.2904,2.06514,
14.5587,16.8504,0.569444,0.932272,0.310134,-0.115764,0.245983,0.64835,-2.10855,-3.57046,0.267144,4.19636,0.417985,-0.165662,48.6394,2.06218,
14.5571,16.8504,0.571944,0.932318,0.309812,-0.115496,0.245511,0.648461,-2.14952,-3.51218,0.219192,4.18769,0.41736,-0.17207,48.9885,2.05922,
14.5554,16.8504,0.574445,0.932364,0.30949,-0.115229,0.24504,0.648573,-2.19049,-3.45391,0.171239,4.17901,0.416735,-0.178477,49.3376,2.05626,
14.5537,16.8504,0.576945,0.93241,0.309168,-0.114961,0.244568,0.648685,-2.23146,-3.39564,0.123287,4.17034,0.41611,-0.184885,49.6867,2.0533,
14.5521,16.8504,0.579445,0.932456,0.308846,-0.114693,0.244097,0.648796,-2.27243,-3.33737,0.0753351,4.16167,0.415485,-0.191293,50.0358,2.05033,
14.5504,16.8504,0.581945,0.932508,0.308513,-0.114439,0.243601,0.648913,-2.31554,-3.28859,0.0292202,4.15674,0.414839,-0.197877,50.4192,2.04727,
14.5487,16.8504,0.584445,0.932565,0.308168,-0.114201,0.243075,0.649036,-2.36133,-3.25172,-0.0145899,4.15651,0.414165,-0.204682,50.8456,2.04407,
14.5471,16.8504,0.586946,0.932622,0.307823,-0.113964,0.242549,0.649159,-2.40712,-3.21485,-0.0583999,4.15628,0.413492,-0.211487,51.2721,2.04088,
14.5454,16.8504,0.589446,0.932679,0.307478,-0.113726,0.242023,0.649282,-2.45291,-3.17799,-0.10221,4.15605,0.412818,-0.218292,51.6985,2.03768,
14.5438,16.8504,0.591946,0.932737,0.307132,-0.113488,0.241497,0.649405,-2.49869,-3.14112,-0.14602,4.15582,0.412145,-0.225097,52.125,2.03449,
14.5421,16.8504,0.594446,0.932794,0.306787,-0.11325,0.240971,0.649527,-2.54448,-3.10425,-0.18983,4.15558,0.411471,-0.231902,52.5514,2.03129,
14.5404,16.8504,0.596947,0.932851,0.306442,-0.113013,0.240445,0.64965,-2.59027,-3.06738,-0.23364,4.15535,0.410797,-0.238707,52.9779,2.0281,
14.5388,16.8504,0.599447,0.932908,0.306097,-0.112775,0.239919,0.649773,-2.63606,-3.03051,-0.27745,4.15512,0.410124,-0.245512,53.4044,2.0249,
14.5371,16.8504,0.601947,0.932966,0.305751,-0.112537,0.239393,0.649896,-2.68185,-2.99365,-0.32126,4.15489,0.40945,-0.252317,53.8308,2.02171,
14.5354,16.8504,0.604447,0.933023,0.305406,-0.1123,0.238867,0.650019,-2.72763,-2.95678,-0.36507,4.15466,0.408777,-0.259122,54.2573,2.01851,
14.5338,16.8504,0.606948,0.93308,0.305061,-0.112062,0.238341,0.650142,-2.77342,-2.91991,-0.40888,4.15443,0.408103,-0.265927,54.6837,2.01532,
14.5321,16.8504,0.609448,0.933138,0.304716,-0.111824,0.237815,0.650265,-2.81921,-2.88304,-0.45269,4.15419,0.40743,-0.272732,55.1102,2.01212,
14.5304,16.8504,0.611948,0.933195,0.30437,-0.111587,0.237289,0.650387,-2.865,-2.84617,-0.4965,4.15396,0.406756,-0.279537,55.5366,2.00893,
14.5288,16.8504,0.614448,0.933252,0.304025,-0.111349,0.236763,0.65051,-2.91078,-2.80931,-0.540311,4.15373,0.406083,-0.286342,55.9631,2.00573,
14.5271,16.8504,0.616948,0.933309,0.30368,-0.111111,0.236237,0.650633,-2.95657,-2.77244,-0.584121,4.1535,0.405409,-0.293147,56.3895,2.00254,
14.5255,16.8504,0.619449,0.933367,0.303335,-0.110874,0.235711,0.650756,-3.00236,-2.73557,-0.627931,4.15327,0.404736,-0.299952,56.816,1.99934,
14.5238,16.8504,0.621949,0.933424,0.302994,-0.110634,0.235187,0.650878,-3.04736,-2.69736,-0.671737,4.1525,0.404067,-0.306697,57.2339,1.99617,
14.5221,16.8504,0.624449,0.933471,0.302869,-0.110298,0.234799,0.650965,-3.0525,-2.59159,-0.715353,4.12461,0.403636,-0.310406,57.2234,1.99412,
14.5205,16.8504,0.626949,0.933517,0.302744,-0.109961,0.23441,0.651051,-3.05765,-2.48582,-0.75897,4.09673,0.403205,-0.314115,57.2129,1.99208,
14.5188,16.8504,0.62945,0.933564,0.302619,-0.109624,0.234022,0.651138,-3.06291,-2.38034,-0.802737,4.09909,0.402773,-0.317754,57.2009,1.99002,
14.5171,16.8504,0.63195,0.933611,0.302494,-0.109287,0.233634,0.651224,-3.06819,-2.27491,-0.846528,4.10654,0.402341,-0.32138,57.1886,1.98797,
14.5155,16.8504,0.63445,0.933658,0.302369,-0.10895,0.233246,0.651311,-3.07347,-2.16949,-0.89032,4.11399,0.401909,-0.325007,57.1763,1.98591,
14.5138,16.8504,0.63695,0.933705,0.302245,-0.108613,0.232859,0.651397,-3.07875,-2.06406,-0.934112,4.12144,0.401477,-0.328634,57.164,1.98386,
14.5122,16.8504,0.63945,0.933752,0.30212,-0.108276,0.232471,0.651484,-3.08403,-1.95864,-0.977904,4.12889,0.401045,-0.33226,57.1517,1.9818,
14.5105,16.8504,0.641951,0.933799,0.301995,-0.107938,0.232083,0.65157,-3.0893,-1.85321,-1.0217,4.13634,0.400613,-0.335887,57.1394,1.97974,
14.5088,16.8504,0.644451,0.933846,0.30187,-0.107601,0.231695,0.651657,-3.09458,-1.74778,-1.06549,4.1438,0.40018,-0.339514,57.1271,1.97769,
14.5072,16.8504,0.646951,0.933893,0.301746,-0.107264,0.231307,0.651744,-3.09986,-1.64236,-1.10928,4.15125,0.399748,-0.34314,57.1148,1.97563,
14.5055,16.8504,0.649451,0.93394,0.301621,-0.106927,0.230919,0.65183,-3.10514,-1.53693,-1.15307,4.1587,0.399316,-0.346767,57.1026,1.97358,
14.5038,16.8504,0.651952,0.933987,0.301496,-0.10659,0.230531,0.651917,-3.11042,-1.43151,-1.19686,4.16615,0.398884,-0.350394,57.0903,1.97152,
14.5022,16.8504,0.654452,0.934031,0.301338,-0.106268,0.230095,0.652009,-3.12435,-1.3305,-1.24466,4.16403,0.398398,-0.354772,57.1502,1.96921,
14.5005,16.8504,0.656952,0.934073,0.301156,-0.105958,0.229626,0.652106,-3.14446,-1.23265,-1.2953,4.15509,0.397873,-0.359686,57.2616,1.96672,
14.4988,16.8504,0.659452,0.934115,0.300974,-0.105647,0.229156,0.652202,-3.16457,-1.1348,-1.34594,4.14615,0.397348,-0.3646,57.3729,1.96422,
14.4972,16.8504,0.661952,0.934157,0.300792,-0.105337,0.228686,0.652298,-3.18467,-1.03695,-1.39659,4.13722,0.396823,-0.369514,57.4843,1.96173,
14.4955,16.8504,0.664453,0.934199,0.30061,-0.105026,0.228216,0.652395,-3.20478,-0.939104,-1.44723,4.12828,0.396299,-0.374428,57.5957,1.95924,
14.4939,16.8504,0.666953,0.934241,0.300427,-0.104716,0.227746,0.652491,-3.22489,-0.841255,-1.49788,4.11934,0.395774,-0.379342,57.707,1.95675,
14.4922,16.8504,0.669453,0.934283,0.300245,-0.104405,0.227277,0.652588,-3.24499,-0.743405,-1.54852,4.1104,0.395249,-0.384256,57.8184,1.95425,
14.4905,16.8504,0.671953,0.934325,0.300063,-0.104095,0.226807,0.652684,-3.2651,-0.645555,-1.59917,4.10146,0.394724,-0.38917,57.9298,1.95176,
14.4889,16.8504,0.674454,0.934367,0.299881,-0.103784,0.226337,0.652781,-3.28521,-0.547705,-1.64981,4.09252,0.3942,-0.394084,58.0411,1.94927,
14.4872,16.8504,0.676954,0.934409,0.299699,-0.103474,0.225867,0.652877,-3.30531,-0.449855,-1.70046,4.08359,0.393675,-0.398998,58.1525,1.94677,
14.4855,16.8504,0.679454,0.934451,0.299517,-0.103163,0.225397,0.652974,-3.32542,-0.352005,-1.7511,4.07465,0.39315,-0.403912,58.2639,1.94428,
14.4839,16.8504,0.681954,0.934493,0.299335,-0.102853,0.224928,0.65307,-3.34553,-0.254155,-1.80174,4.06571,0.392625,-0.408826,58.3752,1.94179,
14.4822,16.8504,0.684455,0.934535,0.299153,-0.102542,0.224458,0.653167,-3.36563,-0.156305,-1.85239,4.05677,0.392101,-0.41374,58.4866,1.93929,
14.4805,16.8504,0.686955,0.934577,0.298971,-0.102232,0.223988,0.653263,-3.38574,-0.058455,-1.90303,4.04783,0.391576,-0.418654,58.598,1.9368,
14.4789,16.8504,0.689455,0.934619,0.298789,-0.101922,0.223518,0.653359,-3.40585,0.039395,-1.95368,4.0389,0.391051,-0.423568,58.7093,1.93431,
14.4772,16.8504,0.691955,0.934669,0.298682,-0.101601,0.223085,0.653449,-3.40964,0.149051,-2.00179,4.04046,0.39061,-0.427184,58.6966,1.93221,
14.4756,16.8504,0.694455,0.934738,0.298736,-0.101257,0.222729,0.653524,-3.37889,0.283696,-2.04453,4.06426,0.390346,-0.42805,58.4212,1.93094,
14.4739,16.8504,0.696956,0.934806,0.298789,-0.100914,0.222373,0.653599,-3.34815,0.41834,-2.08727,4.08806,0.390082,-0.428917,58.1458,1.92968,
14.4722,16.8504,0.699456,0.934875,0.298843,-0.100571,0.222017,0.653674,-3.31741,0.552984,-2.13001,4.11186,0.389819,-0.429784,57.8704,1.92841,
14.4706,16.8504,0.701956,0.934943,0.298897,-0.100227,0.221661,0.653749,-3.28666,0.687629,-2.17275,4.13566,0.389555,-0.430651,57.595,1.92715,
14.4689,16.8504,0.704456,0.935012,0.29895,-0.0998842,0.221305,0.653824,-3.25592,0.822273,-2.2155,4.15946,0.389291,-0.431518,57.3195,1.92588,
14.4672,16.8504,0.706957,0.93508,0.299004,-0.0995409,0.220949,0.653899,-3.22518,0.956917,-2.25824,4.18326,0.389027,-0.432385,57.0441,1.92461,
14.4656,16.8504,0.709457,0.935149,0.299057,-0.0991976,0.220593,0.653975,-3.19443,1.09156,-2.30098,4.20706,0.388763,-0.433252,56.7687,1.92335,
14.4639,16.8504,0.711957,0.935217,0.299111,-0.0988543,0.220237,0.65405,-3.16369,1.22621,-2.34372,4.23086,0.388499,-0.434119,56.4933,1.92208,
14.4623,16.8504,0.714457,0.935286,0.299164,-0.0985111,0.219881,0.654125,-3.13295,1.36085,-2.38647,4.25466,0.388236,-0.434986,56.2179,1.92082,
14.4606,16.8504,0.716957,0.935379,0.299298,-0.0981893,0.219666,0.654193,-3.07733,1.46843,-2.39913,4.28077,0.388135,-0.433163,55.8299,1.92032,
14.4589,16.8504,0.719458,0.935475,0.299437,-0.0978689,0.219461,0.65426,-3.01997,1.57411,-2.40969,4.30703,0.388045,-0.431153,55.434,1.91988,
14.4573,16.8504,0.721958,0.93557,0.299576,-0.0975486,0.219255,0.654327,-2.96262,1.6798,-2.42026,4.3333,0.387956,-0.429142,55.0381,1.91944,
14.4556,16.8504,0.724458,0.935665,0.299715,-0.0972283,0.21905,0.654394,-2.90526,1.78549,-2.43082,4.35956,0.387867,-0.427132,54.6422,1.919,
14.4539,16.8504,0.726958,0.93576,0.299854,-0.096908,0.218845,0.654462,-2.8479,1.89118,-2.44139,4.38583,0.387777,-0.425121,54.2463,1.91856,
14.4523,16.8504,0.729459,0.935856,0.299993,-0.0965876,0.218639,0.654529,-2.79055,1.99687,-2.45195,4.41209,0.387688,-0.423111,53.8505,1.91812,
14.4506,16.8504,0.731959,0.935951,0.300132,-0.0962673,0.218434,0.654596,-2.73319,2.10255,-2.46252,4.43836,0.387598,-0.421101,53.4546,1.91767,
14.4489,16.8504,0.734459,0.936046,0.300271,-0.095947,0.218229,0.654664,-2.67584,2.20824,-2.47308,4.46462,0.387509,-0.41909,53.0587,1.91723,
14.4473,16.8504,0.736959,0.936141,0.30041,-0.0956266,0.218024,0.654731,-2.61848,2.31393,-2.48365,4.49089,0.387419,-0.41708,52.6628,1.91679,
14.4456,16.8504,0.73946,0.936237,0.300549,-0.0953063,0.217818,0.654798,-2.56113,2.41962,-2.49422,4.51716,0.38733,-0.415069,52.2669,1.91635,
14.444,16.8504,0.74196,0.936332,0.300688,-0.094986,0.217613,0.654866,-2.50377,2.52531,-2.50478,4.54342,0.387241,-0.413059,51.871,1.91591,
14.4423,16.8504,0.74446,0.936427,0.300827,-0.0946657,0.217408,0.654933,-2.44642,2.631,-2.51535,4.56969,0.387151,-0.411049,51.4752,1.91547,
14.4406,16.8504,0.74696,0.936522,0.300966,-0.0943453,0.217202,0.655,-2.38906,2.73668,-2.52591,4.59595,0.387062,-0.409038,51.0793,1.91503,
14.439,16.8504,0.74946,0.936618,0.301105,-0.094025,0.216997,0.655067,-2.33171,2.84237,-2.53648,4.62222,0.386972,-0.407028,50.6834,1.91459,
14.4373,16.8504,0.751961,0.936713,0.301244,-0.0937047,0.216792,0.655135,-2.27435,2.94806,-2.54704,4.64848,0.386883,-0.405017,50.2875,1.91415,
14.4356,16.8504,0.754461,0.936808,0.301383,-0.0933844,0.216586,0.655202,-2.217,3.05375,-2.55761,4.67475,0.386793,-0.403007,49.8916,1.9137,
14.434,16.8504,0.756961,0.936903,0.301522,-0.093064,0.216381,0.655269,-2.15964,3.15944,-2.56817,4.70101,0.386704,-0.400997,49.4957,1.91326,
14.4323,16.8504,0.759461,0.936999,0.301661,-0.0927437,0.216176,0.655337,-2.10229,3.26512,-2.57874,4.72728,0.386615,-0.398986,49.0999,1.91282,
14.4306,16.8504,0.761962,0.937094,0.3018,-0.0924234,0.215971,0.655404,-2.04493,3.37081,-2.5893,4.75354,0.386525,-0.396976,48.704,1.91238,
14.429,16.8504,0.764462,0.937216,0.302049,-0.092238,0.215888,0.655463,-1.96574,3.40819,-2.55989,4.75213,0.386641,-0.391468,48.1914,1.91291,
14.4273,16.8504,0.766962,0.937338,0.302299,-0.0920554,0.215809,0.655523,-1.8861,3.44417,-2.52967,4.75015,0.38676,-0.38589,47.6765,1.91347,
14.4257,16.8504,0.769462,0.937461,0.30255,-0.0918728,0.215729,0.655582,-1.80646,3.48015,-2.49945,4.74817,0.38688,-0.380311,47.1615,1.91402,
14.424,16.8504,0.771962,0.937583,0.3028,-0.0916901,0.215649,0.655641,-1.72682,3.51614,-2.46922,4.7462,0.386999,-0.374732,46.6466,1.91457,
14.4223,16.8504,0.774463,0.937705,0.303051,-0.0915075,0.21557,0.655701,-1.64719,3.55212,-2.439,4.74422,0.387119,-0.369154,46.1317,1.91512,
14.4207,16.8504,0.776963,0.937828,0.303301,-0.0913249,0.21549,0.65576,-1.56755,3.58811,-2.40878,4.74224,0.387238,-0.363575,45.6167,1.91568,
14.419,16.8504,0.779463,0.93795,0.303552,-0.0911422,0.215411,0.655819,-1.48791,3.62409,-2.37855,4.74026,0.387358,-0.357996,45.1018,1.91623,
14.4173,16.8504,0.781963,0.938073,0.303802,-0.0909596,0.215331,0.655878,-1.40828,3.66007,-2.34833,4.73829,0.387477,-0.352418,44.5869,1.91678,
14.4157,16.8504,0.784464,0.938195,0.304053,-0.090777,0.215251,0.655938,-1.32864,3.69606,-2.31811,4.73631,0.387597,-0.346839,44.0719,1.91734,
14.414,16.8504,0.786964,0.938317,0.304303,-0.0905944,0.215172,0.655997,-1.249,3.73204,-2.28788,4.73433,0.387716,-0.34126,43.557,1.91789,
14.4123,16.8504,0.789464,0.93844,0.304554,-0.0904117,0.215092,0.656056,-1.16936,3.76802,-2.25766,4.73235,0.387836,-0.335682,43.042,1.91844,
14.4107,16.8504,0.791964,0.938562,0.304804,-0.0902291,0.215012,0.656115,-1.08973,3.80401,-2.22744,4.73038,0.387955,-0.330103,42.5271,1.91899,
14.409,16.8504,0.794464,0.938685,0.305055,-0.0900465,0.214933,0.656175,-1.01009,3.83999,-2.19721,4.7284,0.388075,-0.324524,42.0122,1.91955,
14.4074,16.8504,0.796965,0.938807,0.305305,-0.0898639,0.214853,0.656234,-0.930451,3.87597,-2.16699,4.72642,0.388194,-0.318946,41.4972,1.9201,
14.4057,16.8504,0.799465,0.938929,0.305556,-0.0896812,0.214773,0.656293,-0.850813,3.91196,-2.13677,4.72444,0.388314,-0.313367,40.9823,1.92065,
14.404,16.8504,0.801965,0.939052,0.305806,-0.0894986,0.214694,0.656353,-0.771176,3.94794,-2.10654,4.72247,0.388433,-0.307788,40.4674,1.9212,
14.4024,16.8504,0.804465,0.939174,0.306057,-0.089316,0.214614,0.656412,-0.691538,3.98393,-2.07632,4.72049,0.388553,-0.30221,39.9524,1.92176,
14.4007,16.8504,0.806966,0.939297,0.306307,-0.0891334,0.214534,0.656471,-0.611901,4.01991,-2.0461,4.71851,0.388672,-0.296631,39.4375,1.92231,
14.399,16.8504,0.809466,0.939419,0.306558,-0.0889507,0.214455,0.65653,-0.532264,4.05589,-2.01587,4.71653,0.388792,-0.291052,38.9225,1.92286,
14.3974,16.8504,0.811966,0.939542,0.306808,-0.0887681,0.214375,0.65659,-0.452626,4.09188,-1.98565,4.71456,0.388911,-0.285474,38.4076,1.92342,
14.3957,16.8504,0.814466,0.939664,0.307059,-0.0885855,0.214296,0.656649,-0.372989,4.12786,-1.95543,4.71258,0.389031,-0.279895,37.8927,1.92397,
14.3941,16.8504,0.816966,0.939795,0.3073,-0.088408,0.214226,0.656714,-0.293197,4.15384,-1.92225,4.70597,0.389152,-0.273947,37.3726,1.92453,
14.3924,16.8504,0.819467,0.939927,0.307539,-0.0882315,0.214158,0.65678,-0.213378,4.17808,-1.88857,4.69856,0.389273,-0.267934,36.8516,1.92509,
14.3907,16.8504,0.821967,0.940059,0.307778,-0.0880549,0.21409,0.656846,-0.13356,4.20233,-1.85489,4.69115,0.389395,-0.261921,36.3306,1.92565,
14.3891,16.8504,0.824467,0.940191,0.308017,-0.0878783,0.214022,0.656913,-0.0537413,4.22657,-1.82121,4.68375,0.389516,-0.255909,35.8096,1.92622,
14.3874,16.8504,0.826967,0.940323,0.308257,-0.0877018,0.213954,0.656979,0.0260772,4.25082,-1.78753,4.67634,0.389638,-0.249896,35.2886,1.92678,
14.3857,16.8504,0.829468,0.940455,0.308496,-0.0875252,0.213886,0.657045,0.105896,4.27507,-1.75385,4.66893,0.389759,-0.243884,34.7676,1.92734,
14.3841,16.8504,0.831968,0.940587,0.308735,-0.0873486,0.213818,0.657111,0.185714,4.29931,-1.72017,4.66152,0.389881,-0.237871,34.2466,1.9279,
14.3824,16.8504,0.834468,0.940719,0.308974,-0.0871721,0.21375,0.657177,0.265533,4.32356,-1.68649,4.65411,0.390002,-0.231858,33.7256,1.92847,
14.3807,16.8504,0.836968,0.940829,0.309123,-0.0871356,0.213721,0.657242,0.299249,4.2746,-1.64837,4.60176,0.390102,-0.226301,33.2414,1.92894,
14.3791,16.8504,0.839469,0.940935,0.309253,-0.0871293,0.213701,0.657306,0.323079,4.20995,-1.60929,4.53976,0.390198,-0.220841,32.765,1.9294,
14.3774,16.8504,0.841969,0.941043,0.309391,-0.0871201,0.21368,0.657371,0.349771,4.14693,-1.56897,4.4788,0.3903,-0.215243,32.2827,1.92989,
14.3758,16.8504,0.844469,0.941158,0.309564,-0.0871007,0.213656,0.657436,0.386932,4.08989,-1.52411,4.42159,0.390428,-0.209142,31.7784,1.9305,
14.3741,16.8504,0.846969,0.941274,0.309737,-0.0870814,0.213632,0.657501,0.424093,4.03285,-1.47924,4.36438,0.390556,-0.203041,31.274,1.93111,
14.3724,16.8504,0.849469,0.941389,0.309911,-0.087062,0.213608,0.657566,0.461253,3.97581,-1.43438,4.30717,0.390683,-0.196939,30.7697,1.93172,
14.3708,16.8504,0.85197,0.941505,0.310084,-0.0870427,0.213585,0.657631,0.498414,3.91877,-1.38951,4.24997,0.390811,-0.190838,30.2654,1.93233,
14.3691,16.8504,0.85447,0.94162,0.310257,-0.0870233,0.213561,0.657696,0.535575,3.86173,-1.34464,4.19276,0.390938,-0.184737,29.7611,1.93293,
14.3674,16.8504,0.85697,0.941736,0.31043,-0.087004,0.213537,0.657761,0.572736,3.80469,-1.29978,4.13555,0.391066,-0.178636,29.2567,1.93354,
14.3658,16.8504,0.85947,0.941851,0.310603,-0.0869846,0.213514,0.657827,0.609897,3.74765,-1.25491,4.07834,0.391194,-0.172535,28.7524,1.93415,
14.3641,16.8504,0.861971,0.941967,0.310776,-0.0869653,0.21349,0.657892,0.647058,3.69061,-1.21005,4.02113,0.391321,-0.166434,28.2481,1.93476,
14.3624,16.8504,0.864471,0.942082,0.310949,-0.086946,0.213466,0.657957,0.684219,3.63357,-1.16518,3.96392,0.391449,-0.160332,27.7437,1.93537,
14.3608,16.8504,0.866971,0.942198,0.311122,-0.0869266,0.213443,0.658022,0.72138,3.57653,-1.12031,3.90672,0.391577,-0.154231,27.2394,1.93597,
14.3591,16.8504,0.869471,0.942313,0.311295,-0.0869073,0.213419,0.658087,0.758541,3.51949,-1.07545,3.84951,0.391704,-0.14813,26.7351,1.93658,
14.3575,16.8504,0.871971,0.942429,0.311468,-0.0868879,0.213395,0.658152,0.795702,3.46246,-1.03058,3.7923,0.391832,-0.142029,26.2307,1.93719,
14.3558,16.8504,0.874472,0.942544,0.311642,-0.0868686,0.213372,0.658217,0.832862,3.40542,-0.985717,3.73509,0.391959,-0.135928,25.7264,1.9378,
14.3541,16.8504,0.876972,0.94266,0.311815,-0.0868492,0.213348,0.658282,0.870023,3.34838,-0.940851,3.67788,0.392087,-0.129826,25.2221,1.93841,
14.3525,16.8504,0.879472,0.942775,0.311988,-0.0868299,0.213324,0.658347,0.907184,3.29134,-0.895986,3.62068,0.392215,-0.123725,24.7177,1.93901,
14.3508,16.8504,0.881972,0.942891,0.312161,-0.0868105,0.2133,0.658413,0.944345,3.2343,-0.85112,3.56347,0.392342,-0.117624,24.2134,1.93962,
14.3491,16.8504,0.884473,0.943006,0.312334,-0.0867912,0.213277,0.658478,0.981506,3.17726,-0.806254,3.50626,0.39247,-0.111523,23.7091,1.94023,
14.3475,16.8504,0.886973,0.943122,0.312507,-0.0867718,0.213253,0.658543,1.01867,3.12022,-0.761388,3.44905,0.392598,-0.105422,23.2047,1.94084,
14.3458,16.8504,0.889473,0.943237,0.31268,-0.0867525,0.213229,0.658608,1.05583,3.06318,-0.716523,3.39184,0.392725,-0.0993204,22.7004,1.94145,
14.3441,16.8504,0.891973,0.943353,0.312853,-0.0867331,0.213206,0.658673,1.09299,3.00614,-0.671657,3.33463,0.392853,-0.0932192,22.1961,1.94206,
14.3425,16.8504,0.894473,0.943468,0.313026,-0.0867138,0.213182,0.658738,1.13015,2.9491,-0.626791,3.27743,0.39298,-0.087118,21.6917,1.94266,
14.3408,16.8504,0.896974,0.943583,0.313199,-0.0866944,0.213158,0.658803,1.16731,2.89206,-0.581925,3.22022,0.393108,-0.0810168,21.1874,1.94327,
14.3392,16.8504,0.899474,0.943699,0.313372,-0.0866751,0.213135,0.658868,1.20447,2.83502,-0.537059,3.16301,0.393236,-0.0749156,20.6831,1.94388,
14.3375,16.8504,0.901974,0.943814,0.313546,-0.0866557,0.213111,0.658934,1.24163,2.77798,-0.492194,3.1058,0.393363,-0.0688144,20.1787,1.94449,
14.3358,16.8504,0.904474,0.94393,0.313719,-0.0866364,0.213087,0.658999,1.27879,2.72094,-0.447328,3.04859,0.393491,-0.0627133,19.6744,1.9451,
14.3342,16.8504,0.906975,0.944021,0.3138,-0.0866319,0.213028,0.659061,1.28595,2.65855,-0.416857,2.98619,0.393524,-0.0586111,19.2252,1.94526,
14.3325,16.8504,0.909475,0.944087,0.313787,-0.0866426,0.212933,0.659121,1.2625,2.59069,-0.401072,2.91847,0.393459,-0.0565484,18.8323,1.94496,
14.3308,16.8504,0.911975,0.944153,0.313774,-0.0866533,0.212838,0.659181,1.23904,2.52283,-0.385287,2.85076,0.393395,-0.0544858,18.4393,1.94466,
14.3292,16.8504,0.914475,0.94422,0.313761,-0.086664,0.212743,0.659241,1.21559,2.45497,-0.369502,2.78305,0.39333,-0.0524231,18.0464,1.94436,
14.3275,16.8504,0.916976,0.944286,0.313748,-0.0866747,0.212648,0.659301,1.19214,2.38711,-0.353717,2.71534,0.393266,-0.0503605,17.6534,1.94406,
14.3259,16.8504,0.919476,0.944352,0.313735,-0.0866855,0.212553,0.65936,1.16859,2.31925,-0.337867,2.6477,0.393202,-0.0482826,17.2602,1.94377,
14.3242,16.8504,0.921976,0.944418,0.313722,-0.0866965,0.212458,0.65942,1.14492,2.25138,-0.321922,2.58018,0.393139,-0.0461826,16.8668,1.94348,
14.3225,16.8504,0.924476,0.944485,0.313709,-0.0867075,0.212363,0.65948,1.12125,2.18351,-0.305978,2.51265,0.393076,-0.0440826,16.4734,1.94319,
14.3209,16.8504,0.926976,0.944551,0.313696,-0.0867185,0.212268,0.65954,1.09758,2.11565,-0.290033,2.44513,0.393014,-0.0419827,16.0799,1.94289,
14.3192,16.8504,0.929477,0.944617,0.313683,-0.0867295,0.212173,0.6596,1.0739,2.04778,-0.274089,2.3776,0.392951,-0.0398827,15.6865,1.9426,
14.3175,16.8504,0.931977,0.944683,0.31367,-0.0867405,0.212078,0.65966,1.05023,1.97992,-0.258144,2.31008,0.392888,-0.0377827,15.293,1.94231,
14.3159,16.8504,0.934477,0.94475,0.313658,-0.0867515,0.211983,0.659719,1.02656,1.91205,-0.2422,2.24255,0.392825,-0.0356827,14.8996,1.94202,
14.3142,16.8504,0.936977,0.944816,0.313645,-0.0867626,0.211887,0.659779,1.00289,1.84418,-0.226255,2.17503,0.392762,-0.0335827,14.5061,1.94173,
14.3125,16.8504,0.939478,0.944882,0.313632,-0.0867736,0.211792,0.659839,0.979217,1.77632,-0.210311,2.1075,0.3927,-0.0314827,14.1127,1.94144,
14.3109,16.8504,0.941978,0.944953,0.313637,-0.0867905,0.211701,0.659901,0.957571,1.70332,-0.190868,2.0351,0.392654,-0.0289367,13.702,1.94124,
14.3092,16.8504,0.944478,0.945029,0.313659,-0.0868131,0.211613,0.659964,0.937847,1.62546,-0.168111,1.95808,0.392626,-0.0259681,13.2749,1.94111,
14.3076,16.8504,0.946978,0.945105,0.313681,-0.0868357,0.211525,0.660028,0.918122,1.54759,-0.145355,1.88105,0.392598,-0.0229995,12.8478,1.94099,
14.3059,16.8504,0.949478,0.945181,0.313703,-0.0868583,0.211436,0.660091,0.898397,1.46973,-0.122598,1.80403,0.392569,-0.0200309,12.4207,1.94086,
14.3042,16.8504,0.951979,0.945257,0.313726,-0.0868808,0.211348,0.660154,0.878672,1.39187,-0.0998407,1.727,0.392541,-0.0170623,11.9936,1.94074,
14.3026,16.8504,0.954479,0.945333,0.313748,-0.0869034,0.21126,0.660218,0.858948,1.31401,-0.0770838,1.64998,0.392512,-0.0140937,11.5665,1.94061,
14.3009,16.8504,0.956979,0.945409,0.31377,-0.086926,0.211172,0.660281,0.839223,1.23615,-0.0543268,1.57296,0.392484,-0.0111251,11.1394,1.94049,
14.2992,16.8504,0.959479,0.945485,0.313792,-0.0869486,0.211084,0.660344,0.819498,1.15829,-0.0315699,1.49593,0.392455,-0.00815647,10.7123,1.94036,
14.2976,16.8504,0.96198,0.945561,0.313814,-0.0869712,0.210996,0.660408,0.799773,1.08042,-0.008813,1.41891,0.392427,-0.00518786,10.2852,1.94023,
14.2959,16.8504,0.96448,0.945637,0.313836,-0.0869938,0.210908,0.660471,0.780048,1.00256,0.0139439,1.34188,0.392399,-0.00221925,9.85808,1.94011,
14.2942,16.8504,0.96698,0.945713,0.313859,-0.0870164,0.21082,0.660535,0.760324,0.9247,0.0367008,1.26486,0.39237,0.000749354,9.43099,1.93998,
14.2926,16.8504,0.96948,0.945789,0.313881,-0.0870389,0.210731,0.660598,0.740599,0.846838,0.0594578,1.18784,0.392342,0.00371796,9.00389,1.93986,
14.2909,16.8504,0.971981,0.945864,0.313903,-0.0870615,0.210643,0.660661,0.720874,0.768976,0.0822147,1.11081,0.392313,0.00668657,8.57679,1.93973,
14.2893,16.8504,0.974481,0.94594,0.313925,-0.0870841,0.210555,0.660725,0.701149,0.691114,0.104972,1.03379,0.392285,0.00965517,8.14969,1.93961,
14.2876,16.8504,0.976981,0.946016,0.313947,-0.0871067,0.210467,0.660788,0.681425,0.613253,0.127729,0.956765,0.392256,0.0126238,7.72259,1.93948,
14.2859,16.8504,0.979481,0.946092,0.31397,-0.0871293,0.210379,0.660852,0.6617,0.535391,0.150485,0.879742,0.392228,0.0155924,7.29549,1.93936,
14.2843,16.8504,0.981981,0.946152,0.31392,-0.0871105,0.210245,0.660909,0.640513,0.496631,0.155775,0.83564,0.392106,0.0164134,7.02264,1.93878,
14.2826,16.8504,0.984482,0.946203,0.313834,-0.0870703,0.210087,0.660964,0.618932,0.477574,0.152229,0.81257,0.391936,0.0161073,6.82874,1.93796,
14.2809,16.8504,0.986982,0.946253,0.313749,-0.0870297,0.209929,0.661018,0.597646,0.458354,0.148728,0.793115,0.391764,0.015772,6.63525,1.93714,
14.2793,16.8504,0.989482,0.946303,0.313663,-0.0869891,0.209771,0.661072,0.57636,0.439133,0.145227,0.773661,0.391593,0.0154367,6.44176,1.93632,
14.2776,16.8504,0.991982,0.946354,0.313578,-0.0869484,0.209613,0.661126,0.555074,0.419912,0.141726,0.754207,0.391421,0.0151014,6.24827,1.9355,
14.276,16.8504,0.994483,0.946404,0.313492,-0.0869078,0.209455,0.66118,0.533788,0.400692,0.138225,0.734753,0.391249,0.0147662,6.05477,1.93468,
14.2743,16.8504,0.996983,0.946455,0.313407,-0.0868672,0.209297,0.661234,0.512502,0.381471,0.134724,0.715298,0.391078,0.0144309,5.86128,1.93386,
14.2726,16.8504,0.999483,0.946505,0.313321,-0.0868265,0.209139,0.661288,0.491216,0.36225,0.131222,0.695844,0.390906,0.0140956,5.66779,1.93304,
14.271,16.8504,1.00198,0.946556,0.313236,-0.0867859,0.208981,0.661342,0.46993,0.343029,0.127721,0.67639,0.390735,0.0137603,5.4743,1.93221,
14.2693,16.8504,1.00448,0.946606,0.31315,-0.0867453,0.208823,0.661396,0.448644,0.323809,0.12422,0.656936,0.390563,0.013425,5.28081,1.93139,
14.2676,16.8504,1.00698,0.946657,0.313065,-0.0867046,0.208665,0.66145,0.427358,0.304588,0.120719,0.637481,0.390391,0.0130898,5.08732,1.93057,
14.266,16.8504,1.00948,0.946707,0.312979,-0.086664,0.208507,0.661504,0.406072,0.285367,0.117218,0.618027,0.39022,0.0127545,4.89382,1.92975,
14.2643,16.8504,1.01198,0.946758,0.312894,-0.0866234,0.208349,0.661558,0.384786,0.266147,0.113717,0.598573,0.390048,0.0124192,4.70033,1.92893,
14.2626,16.8504,1.01448,0.946808,0.312809,-0.0865828,0.208191,0.661612,0.3635,0.246926,0.110216,0.579118,0.389877,0.0120839,4.50684,1.92811,
14.261,16.8504,1.01698,0.946859,0.312723,-0.0865421,0.208033,0.661666,0.342214,0.227705,0.106715,0.559664,0.389705,0.0117487,4.31335,1.92729,
14.2593,16.8504,1.01948,0.946909,0.312638,-0.0865015,0.207875,0.661721,0.320928,0.208484,0.103214,0.54021,0.389533,0.0114134,4.11986,1.92647,
14.2577,16.8504,1.02199,0.94696,0.312552,-0.0864609,0.207717,0.661775,0.299642,0.189264,0.0997124,0.520756,0.389362,0.0110781,3.92637,1.92564,
14.256,16.8504,1.02449,0.94701,0.312467,-0.0864202,0.207559,0.661829,0.278356,0.170043,0.0962113,0.501301,0.38919,0.0107428,3.73287,1.92482,
14.2543,16.8504,1.02699,0.947061,0.312381,-0.0863796,0.207401,0.661883,0.25707,0.150822,0.0927102,0.481847,0.389019,0.0104075,3.53938,1.924,
14.2527,16.8504,1.02949,0.947111,0.312296,-0.086339,0.207243,0.661937,0.235784,0.131602,0.0892091,0.462393,0.388847,0.0100723,3.34589,1.92318,
14.251,16.8504,1.03199,0.947162,0.31221,-0.0862983,0.207085,0.661991,0.214498,0.112381,0.085708,0.442939,0.388676,0.00973698,3.1524,1.92236,
14.2493,16.8504,1.03449,0.947212,0.312125,-0.0862577,0.206927,0.662045,0.193212,0.0931602,0.0822068,0.423484,0.388504,0.0094017,2.95891,1.92154,
14.2477,16.8504,1.03699,0.947263,0.312039,-0.0862171,0.206769,0.662099,0.171926,0.0739395,0.0787057,0.40403,0.388332,0.00906643,2.76542,1.92072,
14.246,16.8504,1.03949,0.947313,0.311954,-0.0861764,0.206611,0.662153,0.150641,0.0547188,0.0752046,0.384576,0.388161,0.00873115,2.57192,1.9199,
14.2443,16.8504,1.04199,0.947363,0.311868,-0.0861358,0.206453,0.662207,0.129355,0.0354981,0.0717035,0.365121,0.387989,0.00839587,2.37843,1.91907,
14.2427,16.8504,1.04449,0.947414,0.311783,-0.0860952,0.206295,0.662261,0.108069,0.0162774,0.0682024,0.345667,0.387818,0.00806059,2.18494,1.91825,
14.241,16.8504,1.04699,0.947464,0.311697,-0.0860545,0.206137,0.662315,0.0867825,-0.00294329,0.0647013,0.326213,0.387646,0.00772531,1.99145,1.91743,
14.2394,16.8504,1.04949,0.947515,0.311613,-0.0860162,0.205977,0.66237,0.0643896,-0.0245004,0.0614119,0.304689,0.387475,0.00742579,1.78783,1.91661,
14.2377,16.8504,1.05199,0.947567,0.311538,-0.0859892,0.205807,0.662426,0.0365842,-0.0574816,0.059158,0.273043,0.387308,0.0073011,1.53466,1.91581,
14.236,16.8504,1.05449,0.947619,0.311462,-0.0859622,0.205636,0.662482,0.00877881,-0.0904628,0.056904,0.241398,0.38714,0.00717641,1.2815,1.91501,
14.2344,16.8504,1.05699,0.947671,0.311386,-0.0859352,0.205466,0.662539,-0.0190266,-0.123444,0.0546501,0.209752,0.386972,0.00705173,1.02833,1.91422,
14.2327,16.8504,1.05949,0.947723,0.31131,-0.0859082,0.205296,0.662595,-0.046832,-0.156425,0.0523961,0.178107,0.386805,0.00692704,0.775167,1.91342,
14.231,16.8504,1.06199,0.947765,0.311259,-0.085874,0.205144,0.662637,-0.0481793,-0.157098,0.0506669,0.172713,0.386667,0.00661846,0.727545,1.91275,
14.2294,16.8504,1.06449,0.947807,0.311209,-0.0858392,0.204995,0.662678,-0.0470344,-0.154727,0.0489871,0.169792,0.386533,0.00629257,0.699283,1.9121,
14.2277,16.8504,1.06699,0.947849,0.31116,-0.0858043,0.204845,0.662719,-0.0458895,-0.152356,0.0473073,0.166871,0.386398,0.00596667,0.671021,1.91146,
14.226,16.8504,1.06949,0.94789,0.31111,-0.0857694,0.204695,0.66276,-0.0447446,-0.149985,0.0456274,0.16395,0.386264,0.00564077,0.642759,1.91081,
14.2244,16.8504,1.07199,0.947933,0.311054,-0.0857286,0.204559,0.662801,-0.0447874,-0.148927,0.044461,0.162696,0.386131,0.00539219,0.628022,1.91017,
14.2227,16.8504,1.07449,0.947976,0.310996,-0.085686,0.204428,0.662843,-0.0452119,-0.14829,0.0434597,0.161977,0.385999,0.00516846,0.617632,1.90953,
14.2211,16.8504,1.07699,0.948019,0.310938,-0.0856433,0.204297,0.662884,-0.0456363,-0.147654,0.0424583,0.161258,0.385867,0.00494473,0.607242,1.90889,
14.2194,16.8504,1.07949,0.948062,0.310879,-0.0856006,0.204165,0.662926,-0.0460608,-0.147017,0.0414569,0.160539,0.385736,0.004721,0.596853,1.90826,
14.2177,16.8504,1.08199,0.948105,0.310821,-0.0855579,0.204034,0.662967,-0.0464853,-0.146381,0.0404555,0.15982,0.385604,0.00449727,0.586463,1.90762,
14.2161,16.8504,1.08449,0.948148,0.310763,-0.0855152,0.203903,0.663009,-0.0469098,-0.145744,0.0394541,0.159102,0.385472,0.00427354,0.576073,1.90699,
14.2144,16.8504,1.08699,0.948191,0.310705,-0.0854725,0.203771,0.66305,-0.0473343,-0.145108,0.0384527,0.158383,0.38534,0.00404981,0.565683,1.90635,
14.2127,16.8504,1.08949,0.948234,0.310647,-0.0854298,0.20364,0.663092,-0.0477587,-0.144471,0.0374513,0.157664,0.385208,0.00382608,0.555293,1.90571,
14.2111,16.8504,1.09199,0.948277,0.310588,-0.0853871,0.203509,0.663133,-0.0481832,-0.143835,0.03645,0.156945,0.385076,0.00360235,0.544904,1.90508,
14.2094,16.8504,1.09449,0.948321,0.31053,-0.0853438,0.203377,0.663175,-0.0484016,-0.14302,0.0354423,0.156035,0.384944,0.00337878,0.534453,1.90444,
14.2078,16.8504,1.09699,0.948366,0.310467,-0.0852969,0.203242,0.663219,-0.0473403,-0.141102,0.0343955,0.153941,0.384805,0.00315616,0.523626,1.90377,
14.2061,16.8504,1.09949,0.948411,0.310404,-0.0852499,0.203107,0.663263,-0.046279,-0.139183,0.0333487,0.151846,0.384667,0.00293354,0.512799,1.90311,
14.2044,16.8504,1.10199,0.948457,0.310342,-0.0852029,0.202972,0.663307,-0.0452177,-0.137265,0.0323019,0.149752,0.384529,0.00271092,0.501972,1.90244,
14.2028,16.8504,1.10449,0.948502,0.310279,-0.085156,0.202837,0.663351,-0.0441564,-0.135346,0.0312551,0.147657,0.384391,0.0024883,0.491145,1.90177,
14.2011,16.8504,1.10699,0.948547,0.310217,-0.085109,0.202702,0.663395,-0.0430951,-0.133428,0.0302083,0.145563,0.384253,0.00226569,0.480317,1.90111,
14.1994,16.8504,1.10949,0.948592,0.310154,-0.0850621,0.202567,0.663438,-0.0420338,-0.131509,0.0291615,0.143468,0.384115,0.00204307,0.46949,1.90044,
14.1978,16.8504,1.11199,0.948638,0.310092,-0.0850151,0.202432,0.663482,-0.0409725,-0.12959,0.0281147,0.141373,0.383976,0.00182045,0.458663,1.89978,
14.1961,16.8504,1.11449,0.948683,0.310029,-0.0849681,0.202297,0.663526,-0.0399112,-0.127672,0.0270678,0.139279,0.383838,0.00159783,0.447836,1.89911,
14.1944,16.8504,1.11699,0.948728,0.309966,-0.0849212,0.202162,0.66357,-0.0388499,-0.125753,0.026021,0.137184,0.3837,0.00137521,0.437009,1.89844,
14.1928,16.8504,1.11949,0.948774,0.309904,-0.0848742,0.202027,0.663614,-0.0377886,-0.123835,0.0249742,0.13509,0.383562,0.00115259,0.426182,1.89778,
14.1911,16.8504,1.12199,0.948819,0.309841,-0.0848273,0.201892,0.663658,-0.0367273,-0.121916,0.0239274,0.132995,0.383424,0.000929976,0.415355,1.89711,
14.1895,16.8504,1.12449,0.948864,0.309779,-0.0847803,0.201757,0.663702,-0.035666,-0.119998,0.0228806,0.130901,0.383286,0.000707357,0.404528,1.89645,
14.1878,16.8504,1.12699,0.948909,0.309716,-0.0847333,0.201623,0.663745,-0.0346047,-0.118079,0.0218338,0.128806,0.383147,0.000484739,0.393701,1.89578,
14.1861,16.8504,1.12949,0.948955,0.309654,-0.0846864,0.201488,0.663789,-0.0335434,-0.116161,0.020787,0.126712,0.383009,0.000262121,0.382873,1.89511,
14.1845,16.8504,1.13199,0.949,0.309591,-0.0846394,0.201353,0.663833,-0.0324821,-0.114242,0.0197402,0.124617,0.382871,3.95022e-05,0.372046,1.89445,
14.1828,16.8504,1.1345,0.949045,0.309528,-0.0845925,0.201218,0.663877,-0.0314208,-0.112324,0.0186934,0.122523,0.382733,-0.000183116,0.361219,1.89378,
14.1811,16.8504,1.137,0.94909,0.309466,-0.0845455,0.201083,0.663921,-0.0303595,-0.110405,0.0176466,0.120428,0.382595,-0.000405734,0.350392,1.89311,
14.1795,16.8504,1.1395,0.949136,0.309403,-0.0844985,0.200948,0.663965,-0.0292982,-0.108486,0.0165998,0.118333,0.382457,-0.000628353,0.339565,1.89245,
14.1778,16.8504,1.142,0.949181,0.309341,-0.0844516,0.200813,0.664008,-0.0282369,-0.106568,0.015553,0.116239,0.382319,-0.000850971,0.328738,1.89178,
14.1761,16.8504,1.1445,0.949226,0.309278,-0.0844046,0.200678,0.664052,-0.0271756,-0.104649,0.0145062,0.114144,0.38218,-0.00107359,0.317911,1.89112,
14.1745,16.8504,1.147,0.949271,0.309216,-0.0843577,0.200543,0.664096,-0.0261143,-0.102731,0.0134594,0.11205,0.382042,-0.00129621,0.307084,1.89045,
14.1728,16.8504,1.1495,0.949317,0.309153,-0.0843107,0.200408,0.66414,-0.025053,-0.100812,0.0124126,0.109955,0.381904,-0.00151883,0.296256,1.88978,
14.1712,16.8504,1.152,0.949362,0.30909,-0.0842637,0.200273,0.664184,-0.0239917,-0.0988937,0.0113658,0.107861,0.381766,-0.00174144,0.285429,1.88912,
14.1695,16.8504,1.1545,0.949407,0.309028,-0.0842168,0.200138,0.664228,-0.0229304,-0.0969751,0.010319,0.105766,0.381628,-0.00196406,0.274602,1.88845,
14.1678,16.8504,1.157,0.949453,0.308965,-0.0841698,0.200003,0.664272,-0.0218692,-0.0950566,0.00927222,0.103672,0.38149,-0.00218668,0.263775,1.88779,
14.1662,16.8504,1.1595,0.949498,0.308903,-0.0841229,0.199868,0.664315,-0.0208079,-0.093138,0.00822542,0.101577,0.381351,-0.0024093,0.252948,1.88712,
14.1645,16.8504,1.162,0.949543,0.30884,-0.0840759,0.199733,0.664359,-0.0197466,-0.0912195,0.00717862,0.0994825,0.381213,-0.00263192,0.242121,1.88645,
14.1628,16.8504,1.1645,0.949588,0.308777,-0.0840289,0.199598,0.664403,-0.0186853,-0.0893009,0.00613181,0.0973879,0.381075,-0.00285454,0.231294,1.88579,
14.1612,16.8504,1.167,0.949635,0.308715,-0.0839836,0.199464,0.664448,-0.0183508,-0.0865336,0.00566189,0.094977,0.380938,-0.00298576,0.22126,1.88513,
14.1595,16.8504,1.1695,0.949682,0.308655,-0.083939,0.199336,0.664494,-0.0183356,-0.0844823,0.00563386,0.0944138,0.380807,-0.0029547,0.215125,1.8845,
14.1578,16.8504,1.172,0.94973,0.308599,-0.0838951,0.199217,0.664541,-0.0187466,-0.0835476,0.00622403,0.0935779,0.380683,-0.00270909,0.214724,1.8839,
14.1562,16.8504,1.1745,0.949778,0.308543,-0.0838513,0.199098,0.664587,-0.0191576,-0.082613,0.00681421,0.092742,0.38056,-0.00246347,0.214324,1.88331,
14.1545,16.8504,1.177,0.949827,0.308487,-0.0838074,0.198979,0.664634,-0.0195686,-0.0816784,0.00740438,0.0919062,0.380436,-0.00221786,0.213924,1.88272,
14.1529,16.8504,1.1795,0.949875,0.308431,-0.0837636,0.198859,0.664681,-0.0199796,-0.0807438,0.00799455,0.0910703,0.380313,-0.00197225,0.213524,1.88212,
14.1512,16.8504,1.182,0.949923,0.308375,-0.0837197,0.19874,0.664728,-0.0203906,-0.0798091,0.00858473,0.0902344,0.380189,-0.00172663,0.213124,1.88153,
14.1495,16.8504,1.1845,0.949971,0.308319,-0.0836759,0.198621,0.664775,-0.0208016,-0.0788745,0.0091749,0.0893985,0.380065,-0.00148102,0.212724,1.88094,
14.1479,16.8504,1.187,0.95002,0.308264,-0.083632,0.198502,0.664822,-0.0212126,-0.0779399,0.00976508,0.0885626,0.379942,-0.0012354,0.212324,1.88034,
14.1462,16.8504,1.1895,0.950068,0.308208,-0.0835882,0.198382,0.664868,-0.0216236,-0.0770053,0.0103552,0.0877267,0.379818,-0.00098979,0.211923,1.87975,
14.1445,16.8504,1.192,0.950116,0.308152,-0.0835444,0.198263,0.664915,-0.0220346,-0.0760707,0.0109454,0.0868908,0.379695,-0.000744176,0.211523,1.87916,
14.1429,16.8504,1.1945,0.950164,0.308096,-0.0835005,0.198144,0.664962,-0.0224456,-0.075136,0.0115356,0.0860549,0.379571,-0.000498562,0.211123,1.87856,
14.1412,16.8504,1.197,0.950213,0.30804,-0.0834567,0.198025,0.665009,-0.0228566,-0.0742014,0.0121258,0.085219,0.379448,-0.000252948,0.210723,1.87797,
14.1396,16.8504,1.1995,0.950261,0.307984,-0.0834128,0.197905,0.665056,-0.0232676,-0.0732668,0.0127159,0.0843831,0.379324,-7.33396e-06,0.210323,1.87738,
14.1379,16.8504,1.202,0.950309,0.307928,-0.083369,0.197786,0.665103,-0.0236786,-0.0723322,0.0133061,0.0835472,0.379201,0.00023828,0.209923,1.87678,
14.1362,16.8504,1.2045,0.950357,0.307872,-0.0833251,0.197667,0.665149,-0.0240896,-0.0713976,0.0138963,0.0827113,0.379077,0.000483894,0.209523,1.87619,
14.1346,16.8504,1.207,0.950405,0.307816,-0.0832813,0.197548,0.665196,-0.0245006,-0.0704629,0.0144865,0.0818754,0.378953,0.000729508,0.209123,1.8756,
14.1329,16.8504,1.2095,0.950454,0.30776,-0.0832374,0.197428,0.665243,-0.0249116,-0.0695283,0.0150766,0.0810395,0.37883,0.000975122,0.208722,1.87501,
14.1312,16.8504,1.212,0.950502,0.307704,-0.0831936,0.197309,0.66529,-0.0253226,-0.0685937,0.0156668,0.0802036,0.378706,0.00122074,0.208322,1.87441,
14.1296,16.8504,1.2145,0.95055,0.307649,-0.0831497,0.19719,0.665337,-0.0257336,-0.0676591,0.016257,0.0793677,0.378583,0.00146635,0.207922,1.87382,
14.1279,16.8504,1.217,0.950598,0.307593,-0.0831059,0.19707,0.665384,-0.0261446,-0.0667244,0.0168472,0.0785318,0.378459,0.00171196,0.207522,1.87323,
14.1262,16.8504,1.2195,0.950647,0.307537,-0.083062,0.196951,0.66543,-0.0265556,-0.0657898,0.0174373,0.0776959,0.378336,0.00195758,0.207122,1.87263,
14.1246,16.8504,1.222,0.950695,0.307481,-0.0830182,0.196832,0.665477,-0.0269666,-0.0648552,0.0180275,0.07686,0.378212,0.00220319,0.206722,1.87204,
14.1229,16.8504,1.2245,0.950743,0.307425,-0.0829743,0.196713,0.665524,-0.0273776,-0.0639206,0.0186177,0.0760241,0.378089,0.00244881,0.206322,1.87145,
14.1213,16.8504,1.227,0.950791,0.307369,-0.0829305,0.196593,0.665571,-0.0277886,-0.062986,0.0192079,0.0751882,0.377965,0.00269442,0.205921,1.87085,
14.1196,16.8504,1.2295,0.95084,0.307313,-0.0828866,0.196474,0.665618,-0.0281996,-0.0620513,0.019798,0.0743523,0.377842,0.00294003,0.205521,1.87026,
14.1179,16.8504,1.232,0.950888,0.307257,-0.0828428,0.196355,0.665665,-0.0286106,-0.0611167,0.0203882,0.0735165,0.377718,0.00318565,0.205121,1.86967,
14.1163,16.8504,1.2345,0.950936,0.307201,-0.082799,0.196236,0.665711,-0.0290216,-0.0601821,0.0209784,0.0726806,0.377594,0.00343126,0.204721,1.86907,
14.1146,16.8504,1.237,0.950984,0.307145,-0.0827551,0.196116,0.665758,-0.0294326,-0.0592475,0.0215686,0.0718447,0.377471,0.00367688,0.204321,1.86848,
14.1129,16.8504,1.2395,0.951033,0.307089,-0.0827113,0.195997,0.665805,-0.0298436,-0.0583128,0.0221587,0.0710088,0.377347,0.00392249,0.203921,1.86789,
14.1113,16.8504,1.242,0.951081,0.307032,-0.0826667,0.195878,0.665852,-0.0303566,-0.0576815,0.0226987,0.0703988,0.377223,0.00415164,0.203388,1.86729,
14.1096,16.8504,1.24451,0.951129,0.30697,-0.0826191,0.19576,0.665899,-0.0313474,-0.0584721,0.0230031,0.0708482,0.377094,0.00430363,0.202234,1.86667,
14.1079,16.8504,1.24701,0.951175,0.306909,-0.0825731,0.195644,0.665944,-0.0319739,-0.0587792,0.0231616,0.070889,0.376969,0.0044261,0.201254,1.86607,
14.1063,16.8504,1.24951,0.951217,0.306854,-0.0825321,0.195532,0.665985,-0.031564,-0.0577115,0.022905,0.0697682,0.376852,0.00446465,0.200767,1.86551,
14.1046,16.8504,1.25201,0.951258,0.306799,-0.0824912,0.19542,0.666025,-0.0311541,-0.0566438,0.0226485,0.0686474,0.376735,0.0045032,0.20028,1.86494,
14.103,16.8504,1.25451,0.9513,0.306744,-0.0824502,0.195308,0.666066,-0.0307443,-0.0555762,0.0223919,0.0675266,0.376618,0.00454174,0.199792,1.86438,
14.1013,16.8504,1.25701,0.951342,0.30669,-0.0824092,0.195196,0.666106,-0.0303344,-0.0545085,0.0221353,0.0664057,0.3765,0.00458029,0.199305,1.86382,
14.0996,16.8504,1.25951,0.951383,0.306635,-0.0823682,0.195084,0.666147,-0.0299245,-0.0534408,0.0218788,0.0652849,0.376383,0.00461884,0.198818,1.86325,
14.098,16.8504,1.26201,0.951425,0.30658,-0.0823272,0.194972,0.666187,-0.0295146,-0.0523731,0.0216222,0.0641641,0.376266,0.00465738,0.198331,1.86269,
14.0963,16.8504,1.26451,0.951466,0.306525,-0.0822862,0.19486,0.666228,-0.0291047,-0.0513055,0.0213656,0.0630433,0.376149,0.00469593,0.197844,1.86212,
14.0946,16.8504,1.26701,0.951508,0.30647,-0.0822452,0.194748,0.666269,-0.0286949,-0.0502378,0.021109,0.0619224,0.376032,0.00473448,0.197357,1.86156,
14.093,16.8504,1.26951,0.95155,0.306415,-0.0822042,0.194636,0.666309,-0.028285,-0.0491701,0.0208525,0.0608016,0.375915,0.00477302,0.19687,1.861,
14.0913,16.8504,1.27201,0.951591,0.30636,-0.0821632,0.194524,0.66635,-0.0278751,-0.0481024,0.0205959,0.0596808,0.375798,0.00481157,0.196383,1.86043,
14.0896,16.8504,1.27451,0.951633,0.306305,-0.0821223,0.194412,0.66639,-0.0274652,-0.0470347,0.0203393,0.05856,0.375681,0.00485012,0.195896,1.85987,
14.088,16.8504,1.27701,0.951674,0.30625,-0.0820813,0.194299,0.666431,-0.0270553,-0.0459671,0.0200827,0.0574391,0.375564,0.00488866,0.195409,1.8593,
14.0863,16.8504,1.27951,0.951716,0.306195,-0.0820403,0.194187,0.666472,-0.0266454,-0.0448994,0.0198262,0.0563183,0.375446,0.00492721,0.194922,1.85874,
14.0847,16.8504,1.28201,0.951757,0.30614,-0.0819993,0.194075,0.666512,-0.0262356,-0.0438317,0.0195696,0.0551975,0.375329,0.00496576,0.194435,1.85818,
14.083,16.8504,1.28451,0.951799,0.306085,-0.0819583,0.193963,0.666553,-0.0258257,-0.042764,0.019313,0.0540767,0.375212,0.00500431,0.193948,1.85761,
14.0813,16.8504,1.28701,0.951841,0.30603,-0.0819173,0.193851,0.666593,-0.0254158,-0.0416964,0.0190565,0.0529558,0.375095,0.00504285,0.19346,1.85705,
14.0797,16.8504,1.28951,0.951882,0.305975,-0.0818763,0.193739,0.666634,-0.0250059,-0.0406287,0.0187999,0.051835,0.374978,0.0050814,0.192973,1.85649,
14.078,16.8504,1.29201,0.951924,0.305921,-0.0818353,0.193627,0.666675,-0.024596,-0.039561,0.0185433,0.0507142,0.374861,0.00511995,0.192486,1.85592,
14.0763,16.8504,1.29451,0.951965,0.305866,-0.0817944,0.193515,0.666715,-0.0241861,-0.0384933,0.0182867,0.0495934,0.374744,0.00515849,0.191999,1.85536,
14.0747,16.8504,1.29701,0.952007,0.305811,-0.0817534,0.193403,0.666756,-0.0237763,-0.0374257,0.0180302,0.0484725,0.374627,0.00519704,0.191512,1.85479,
14.073,16.8504,1.29951,0.952048,0.305756,-0.0817124,0.193291,0.666796,-0.0233664,-0.036358,0.0177736,0.0473517,0.374509,0.00523559,0.191025,1.85423,
14.0714,16.8504,1.30201,0.95209,0.305701,-0.0816714,0.193179,0.666837,-0.0229565,-0.0352903,0.017517,0.0462309,0.374392,0.00527413,0.190538,1.85367,
14.0697,16.8504,1.30451,0.952132,0.305646,-0.0816304,0.193067,0.666877,-0.0225466,-0.0342226,0.0172605,0.0451101,0.374275,0.00531268,0.190051,1.8531,
14.068,16.8504,1.30701,0.952173,0.305591,-0.0815894,0.192955,0.666918,-0.0221367,-0.033155,0.0170039,0.0439893,0.374158,0.00535123,0.189564,1.85254,
14.0664,16.8504,1.30951,0.952215,0.305536,-0.0815484,0.192843,0.666959,-0.0217269,-0.0320873,0.0167473,0.0428684,0.374041,0.00538977,0.189077,1.85197,
14.0647,16.8504,1.31201,0.952256,0.305481,-0.0815076,0.192732,0.666999,-0.0213072,-0.0309945,0.0164858,0.0417301,0.373925,0.00542233,0.188643,1.85141,
14.063,16.8504,1.31451,0.952293,0.30543,-0.0814689,0.192626,0.667036,-0.0207906,-0.0296513,0.0161745,0.0404173,0.373815,0.00539515,0.188745,1.85089,
14.0614,16.8504,1.31701,0.952331,0.305379,-0.0814302,0.19252,0.667072,-0.020274,-0.0283082,0.0158633,0.0391045,0.373706,0.00536798,0.188847,1.85036,
14.0597,16.8504,1.31951,0.952368,0.305327,-0.0813915,0.192414,0.667109,-0.0197574,-0.0269651,0.0155521,0.0376792,0.373596,0.00533318,0.188948,1.84983,
14.058,16.8504,1.32201,0.952406,0.305276,-0.0813528,0.192308,0.667146,-0.0192408,-0.0256219,0.0152409,0.036249,0.373485,0.00529805,0.18905,1.8493,
14.0564,16.8504,1.32451,0.952443,0.305225,-0.0813141,0.192201,0.667183,-0.0187241,-0.0242788,0.0149297,0.0348188,0.373375,0.00526292,0.189152,1.84877,
14.0547,16.8504,1.32701,0.952481,0.305173,-0.0812754,0.192095,0.66722,-0.0182075,-0.0229356,0.0146185,0.0333886,0.373265,0.00522778,0.189253,1.84824,
14.0531,16.8504,1.32951,0.952518,0.305122,-0.0812367,0.191989,0.667256,-0.0176909,-0.0215925,0.0143072,0.0319584,0.373154,0.00519265,0.189355,1.8477,
14.0514,16.8504,1.33201,0.952556,0.305071,-0.081198,0.191883,0.667293,-0.0171743,-0.0202493,0.013996,0.0305282,0.373044,0.00515752,0.189457,1.84717,
14.0497,16.8504,1.33451,0.952593,0.305019,-0.0811593,0.191777,0.66733,-0.0166577,-0.0189062,0.0136848,0.029098,0.372934,0.00512239,0.189558,1.84664,
14.0481,16.8504,1.33701,0.952631,0.304968,-0.0811206,0.191671,0.667367,-0.0161411,-0.0175631,0.0133736,0.0276678,0.372824,0.00508725,0.18966,1.84611,
14.0464,16.8504,1.33951,0.952668,0.304917,-0.0810819,0.191565,0.667403,-0.0156244,-0.0162199,0.0130624,0.0262376,0.372713,0.00505212,0.189762,1.84558,
14.0447,16.8504,1.34201,0.952704,0.304867,-0.0810442,0.191459,0.667439,-0.0149428,-0.0147677,0.0127348,0.0247412,0.372605,0.00497987,0.189859,1.84505,
14.0431,16.8504,1.34451,0.952737,0.304822,-0.0810086,0.191352,0.667472,-0.0139162,-0.0130874,0.0123732,0.0231063,0.3725,0.00483001,0.189946,1.84455,
14.0414,16.8504,1.34701,0.952771,0.304776,-0.0809729,0.191245,0.667504,-0.0128896,-0.0114072,0.0120115,0.0214714,0.372395,0.00468015,0.190033,1.84404,
14.0397,16.8504,1.34951,0.952804,0.30473,-0.0809351,0.191139,0.667537,-0.0122429,-0.0105771,0.0115905,0.0205183,0.372291,0.00453457,0.19014,1.84354,
14.0381,16.8504,1.35201,0.952837,0.304684,-0.0808944,0.191035,0.66757,-0.012088,-0.0108482,0.0110927,0.0204483,0.372186,0.00439451,0.190272,1.84303,
14.0364,16.8504,1.35452,0.952869,0.304639,-0.0808541,0.190932,0.667601,-0.0120477,-0.0110568,0.0105615,0.0205815,0.372083,0.00420772,0.190379,1.84253,
14.0348,16.8504,1.35702,0.9529,0.304593,-0.0808141,0.190829,0.667632,-0.0120756,-0.0112282,0.0100106,0.0208357,0.37198,0.00399307,0.19047,1.84204,
14.0331,16.8504,1.35952,0.952931,0.304548,-0.0807741,0.190726,0.667663,-0.0121035,-0.0113995,0.00945963,0.0210899,0.371877,0.00377843,0.190561,1.84154,
14.0314,16.8504,1.36202,0.952963,0.304502,-0.080734,0.190623,0.667694,-0.0121314,-0.0115709,0.00890867,0.0213442,0.371774,0.00356379,0.190652,1.84104,
14.0298,16.8504,1.36452,0.952994,0.304456,-0.080694,0.19052,0.667724,-0.0121593,-0.0117423,0.00835772,0.0215984,0.371671,0.00334915,0.190743,1.84054,
14.0281,16.8504,1.36702,0.953025,0.304411,-0.080654,0.190417,0.667755,-0.0121872,-0.0119136,0.00780676,0.0218526,0.371568,0.0031345,0.190834,1.84005,
14.0264,16.8504,1.36952,0.953056,0.304365,-0.0806139,0.190314,0.667786,-0.0122151,-0.012085,0.0072558,0.0221068,0.371465,0.00291986,0.190925,1.83955,
14.0248,16.8504,1.37202,0.953088,0.30432,-0.0805739,0.190212,0.667817,-0.012243,-0.0122563,0.00670485,0.0223611,0.371362,0.00270522,0.191016,1.83905,
14.0231,16.8504,1.37452,0.953119,0.304274,-0.0805339,0.190109,0.667848,-0.0122709,-0.0124277,0.00615389,0.0226153,0.371259,0.00249058,0.191107,1.83855,
14.0215,16.8504,1.37702,0.95315,0.304228,-0.0804938,0.190006,0.667879,-0.0122988,-0.012599,0.00560293,0.0228695,0.371156,0.00227593,0.191198,1.83806,
14.0198,16.8504,1.37952,0.953181,0.304183,-0.0804538,0.189903,0.667909,-0.0123267,-0.0127704,0.00505198,0.0231237,0.371053,0.00206129,0.191289,1.83756,
14.0181,16.8504,1.38202,0.953212,0.304137,-0.0804138,0.1898,0.66794,-0.0123546,-0.0129417,0.00450102,0.023378,0.37095,0.00184665,0.191381,1.83706,
14.0165,16.8504,1.38452,0.953244,0.304092,-0.0803737,0.189697,0.667971,-0.0123825,-0.0131131,0.00395006,0.0236322,0.370847,0.00163201,0.191472,1.83656,
14.0148,16.8504,1.38702,0.953275,0.304046,-0.0803337,0.189594,0.668002,-0.0124104,-0.0132845,0.00339911,0.0238864,0.370745,0.00141736,0.191563,1.83607,
14.0131,16.8504,1.38952,0.953306,0.304,-0.0802937,0.189491,0.668033,-0.0124383,-0.0134558,0.00284815,0.0241406,0.370642,0.00120272,0.191654,1.83557,
14.0115,16.8504,1.39202,0.953337,0.303955,-0.0802536,0.189389,0.668063,-0.0124662,-0.0136272,0.00229719,0.0243949,0.370539,0.000988078,0.191745,1.83507,
14.0098,16.8504,1.39452,0.953369,0.303909,-0.0802136,0.189286,0.668094,-0.0124941,-0.0137985,0.00174624,0.0246491,0.370436,0.000773435,0.191836,1.83457,
14.0081,16.8504,1.39702,0.9534,0.303864,-0.0801736,0.189183,0.668125,-0.012522,-0.0139699,0.00119528,0.0249033,0.370333,0.000558793,0.191927,1.83408,
14.0065,16.8504,1.39952,0.953431,0.303818,-0.0801335,0.18908,0.668156,-0.0125499,-0.0141412,0.000644323,0.0251575,0.37023,0.00034415,0.192018,1.83358,
14.0048,16.8504,1.40202,0.953462,0.303772,-0.0800935,0.188977,0.668187,-0.0125778,-0.0143126,9.33666e-05,0.0254118,0.370127,0.000129507,0.192109,1.83308,
14.0032,16.8504,1.40452,0.953496,0.303718,-0.0800497,0.188881,0.66822,-0.0116332,-0.0130502,-6.71425e-05,0.0243591,0.370019,-3.98828e-05,0.192224,1.83256,
14.0015,16.8504,1.40702,0.95353,0.303661,-0.0800049,0.188786,0.668254,-0.0104209,-0.0113932,-0.000120169,0.0229466,0.369911,-0.000196816,0.192344,1.83204,
13.9998,16.8504,1.40952,0.953565,0.303605,-0.0799601,0.188691,0.668287,-0.00920862,-0.00973622,-0.000173195,0.0215342,0.369802,-0.000353749,0.192465,1.83151,
13.9982,16.8504,1.41202,0.953599,0.303548,-0.0799153,0.188596,0.668321,-0.00799632,-0.0080792,-0.000226221,0.0201217,0.369694,-0.000510681,0.192586,1.83099,
13.9965,16.8504,1.41452,0.953633,0.303491,-0.0798705,0.188502,0.668355,-0.00678401,-0.00642219,-0.000279247,0.0187092,0.369585,-0.000667614,0.192707,1.83046,
13.9948,16.8504,1.41702,0.953668,0.303435,-0.0798256,0.188407,0.668389,-0.0055717,-0.00476517,-0.000332274,0.0172968,0.369477,-0.000824547,0.192827,1.82994,
13.9932,16.8504,1.41952,0.953702,0.303378,-0.0797808,0.188312,0.668422,-0.0043594,-0.00310815,-0.0003853,0.0158843,0.369368,-0.00098148,0.192948,1.82942,
13.9915,16.8504,1.42202,0.953736,0.303321,-0.079736,0.188218,0.668456,-0.00314709,-0.00145114,-0.000438326,0.0144718,0.36926,-0.00113841,0.193069,1.82889,
13.9898,16.8504,1.42452,0.953771,0.303264,-0.0796912,0.188123,0.66849,-0.00193478,0.000205879,-0.000491352,0.0130594,0.369151,-0.00129535,0.19319,1.82837,
13.9882,16.8504,1.42702,0.953805,0.303208,-0.0796464,0.188028,0.668524,-0.000722474,0.00186289,-0.000544378,0.0116469,0.369043,-0.00145228,0.19331,1.82784,
13.9865,16.8504,1.42952,0.953839,0.303151,-0.0796016,0.187934,0.668558,0.000489833,0.00351991,-0.000597405,0.0102344,0.368934,-0.00160921,0.193431,1.82732,
13.9849,16.8504,1.43202,0.953873,0.303094,-0.0795567,0.187839,0.668591,0.00170214,0.00517693,-0.000650431,0.00882199,0.368826,-0.00176614,0.193552,1.8268,
13.9832,16.8504,1.43452,0.953907,0.303039,-0.0795131,0.187746,0.668625,0.00285669,0.00671808,-0.000719609,0.00773233,0.368719,-0.00190416,0.19366,1.82628,
13.9815,16.8504,1.43702,0.953938,0.302994,-0.079477,0.187663,0.668655,0.00362561,0.00748569,-0.00089662,0.00879776,0.368628,-0.00191586,0.193689,1.82584,
13.9799,16.8504,1.43952,0.953969,0.302948,-0.079441,0.187581,0.668685,0.00439454,0.00825331,-0.00107363,0.00986319,0.368537,-0.00192756,0.193718,1.8254,
13.9782,16.8504,1.44202,0.954,0.302903,-0.079405,0.187498,0.668716,0.00516347,0.00902092,-0.00125064,0.0109286,0.368445,-0.00193926,0.193746,1.82496,
13.9765,16.8504,1.44452,0.954031,0.302858,-0.079369,0.187416,0.668746,0.00593239,0.00978854,-0.00142765,0.011994,0.368354,-0.00195096,0.193775,1.82452,
13.9749,16.8504,1.44702,0.954062,0.302813,-0.0793329,0.187333,0.668777,0.00670132,0.0105562,-0.00160466,0.0130595,0.368263,-0.00196266,0.193803,1.82408,
13.9732,16.8504,1.44952,0.954093,0.302767,-0.0792969,0.187251,0.668807,0.00747024,0.0113238,-0.00178168,0.0141249,0.368171,-0.00197436,0.193832,1.82364,
13.9715,16.8504,1.45202,0.954123,0.302722,-0.0792609,0.187168,0.668837,0.00823917,0.0120914,-0.00195869,0.0151903,0.36808,-0.00198606,0.19386,1.8232,
13.9699,16.8504,1.45452,0.954154,0.302677,-0.0792248,0.187085,0.668868,0.0090081,0.012859,-0.0021357,0.0162558,0.367989,-0.00199776,0.193889,1.82276,
13.9682,16.8504,1.45702,0.954185,0.302631,-0.0791888,0.187003,0.668898,0.00977702,0.0136266,-0.00231271,0.0173212,0.367897,-0.00200946,0.193917,1.82232,
13.9666,16.8504,1.45952,0.954216,0.302586,-0.0791528,0.18692,0.668928,0.0105459,0.0143942,-0.00248972,0.0183866,0.367806,-0.00202116,0.193946,1.82188,
13.9649,16.8504,1.46202,0.954247,0.302541,-0.0791168,0.186838,0.668959,0.0113149,0.0151618,-0.00266673,0.019452,0.367715,-0.00203286,0.193974,1.82144,
13.9632,16.8504,1.46452,0.954278,0.302495,-0.0790807,0.186755,0.668989,0.0120838,0.0159295,-0.00284374,0.0205175,0.367624,-0.00204456,0.194003,1.821,
13.9616,16.8504,1.46703,0.954309,0.30245,-0.0790447,0.186673,0.66902,0.0128527,0.0166971,-0.00302075,0.0215829,0.367532,-0.00205626,0.194031,1.82056,
13.9599,16.8504,1.46953,0.95434,0.302405,-0.0790087,0.18659,0.66905,0.0136217,0.0174647,-0.00319776,0.0226483,0.367441,-0.00206796,0.19406,1.82012,
13.9582,16.8504,1.47203,0.954371,0.30236,-0.0789727,0.186507,0.66908,0.0143906,0.0182323,-0.00337478,0.0237138,0.36735,-0.00207966,0.194088,1.81968,
13.9566,16.8504,1.47453,0.954401,0.302314,-0.0789366,0.186425,0.669111,0.0151595,0.0189999,-0.00355179,0.0247792,0.367258,-0.00209136,0.194117,1.81923,
13.9549,16.8504,1.47703,0.954432,0.302269,-0.0789006,0.186342,0.669141,0.0159284,0.0197675,-0.0037288,0.0258446,0.367167,-0.00210306,0.194145,1.81879,
13.9533,16.8504,1.47953,0.954463,0.302224,-0.0788646,0.18626,0.669171,0.0166974,0.0205352,-0.00390581,0.02691,0.367076,-0.00211476,0.194174,1.81835,
13.9516,16.8504,1.48203,0.954494,0.302179,-0.0788287,0.186177,0.669202,0.0174138,0.0212637,-0.00406905,0.0279141,0.366984,-0.00212569,0.194202,1.81791,
13.9499,16.8504,1.48453,0.954525,0.302135,-0.0787942,0.186092,0.669232,0.0177088,0.0216786,-0.00412167,0.028425,0.366894,-0.00213044,0.194223,1.81748,
13.9483,16.8504,1.48703,0.954555,0.302091,-0.0787596,0.186007,0.669262,0.0180038,0.0220935,-0.00417429,0.0289359,0.366803,-0.00213519,0.194244,1.81704,
13.9466,16.8504,1.48953,0.954586,0.302047,-0.0787251,0.185922,0.669292,0.0182988,0.0225084,-0.00422692,0.0294468,0.366713,-0.00213994,0.194264,1.8166,
13.9449,16.8504,1.49203,0.954617,0.302004,-0.0786905,0.185837,0.669322,0.0185938,0.0229233,-0.00427954,0.0299577,0.366623,-0.00214469,0.194285,1.81617,
13.9433,16.8504,1.49453,0.954647,0.30196,-0.078656,0.185753,0.669352,0.0188888,0.0233382,-0.00433216,0.0304686,0.366532,-0.00214944,0.194306,1.81573,
13.9416,16.8504,1.49703,0.954678,0.301916,-0.0786214,0.185668,0.669382,0.0191838,0.0237531,-0.00438478,0.0309796,0.366442,-0.00215419,0.194327,1.81529,
13.9399,16.8504,1.49953,0.954709,0.301873,-0.0785869,0.185583,0.669413,0.0194788,0.024168,-0.00443741,0.0314905,0.366351,-0.00215894,0.194348,1.81486,
13.9383,16.8504,1.50203,0.954739,0.301829,-0.0785523,0.185498,0.669443,0.0197738,0.0245829,-0.00449003,0.0320014,0.366261,-0.00216369,0.194369,1.81442,
13.9366,16.8504,1.50453,0.95477,0.301785,-0.0785178,0.185413,0.669473,0.0200689,0.0249978,-0.00454265,0.0325123,0.36617,-0.00216844,0.19439,1.81399,
13.935,16.8504,1.50703,0.9548,0.301742,-0.0784832,0.185328,0.669503,0.0203639,0.0254127,-0.00459528,0.0330232,0.36608,-0.00217318,0.194411,1.81355,
13.9333,16.8504,1.50953,0.954831,0.301698,-0.0784487,0.185243,0.669533,0.0206589,0.0258276,-0.0046479,0.0335341,0.365989,-0.00217793,0.194432,1.81311,
13.9316,16.8504,1.51203,0.954862,0.301654,-0.0784142,0.185159,0.669563,0.0209539,0.0262425,-0.00470052,0.034045,0.365899,-0.00218268,0.194453,1.81268,
13.93,16.8504,1.51453,0.954892,0.301611,-0.0783796,0.185074,0.669593,0.0212489,0.0266574,-0.00475314,0.0345559,0.365808,-0.00218743,0.194474,1.81224,
13.9283,16.8504,1.51703,0.954923,0.301567,-0.0783451,0.184989,0.669623,0.0215439,0.0270723,-0.00480577,0.0350669,0.365718,-0.00219218,0.194495,1.8118,
13.9266,16.8504,1.51953,0.954954,0.301523,-0.0783105,0.184904,0.669654,0.0218389,0.0274872,-0.00485839,0.0355778,0.365627,-0.00219693,0.194516,1.81137,
13.925,16.8504,1.52203,0.954984,0.30148,-0.078276,0.184819,0.669684,0.0221339,0.0279021,-0.00491101,0.0360887,0.365537,-0.00220168,0.194537,1.81093,
13.9233,16.8504,1.52453,0.955015,0.301436,-0.0782414,0.184734,0.669714,0.0224289,0.028317,-0.00496364,0.0365996,0.365446,-0.00220643,0.194558,1.81049,
13.9216,16.8504,1.52703,0.955046,0.301392,-0.0782069,0.184649,0.669744,0.0227239,0.0287319,-0.00501626,0.0371105,0.365356,-0.00221118,0.194579,1.81006,
13.92,16.8504,1.52953,0.955076,0.301349,-0.0781723,0.184565,0.669774,0.0230189,0.0291468,-0.00506888,0.0376214,0.365265,-0.00221593,0.1946,1.80962,
13.9183,16.8504,1.53203,0.955107,0.301305,-0.0781378,0.18448,0.669804,0.0233139,0.0295617,-0.0051215,0.0381323,0.365175,-0.00222068,0.19462,1.80918,
13.9167,16.8504,1.53453,0.955137,0.301261,-0.0781033,0.184395,0.669834,0.0236089,0.0299766,-0.00517413,0.0386432,0.365085,-0.00222542,0.194641,1.80875,
13.915,16.8504,1.53703,0.955168,0.301217,-0.0780687,0.18431,0.669864,0.0239039,0.0303915,-0.00522675,0.0391542,0.364994,-0.00223017,0.194662,1.80831,
13.9133,16.8504,1.53953,0.955199,0.301174,-0.0780342,0.184225,0.669895,0.0241989,0.0308064,-0.00527937,0.0396651,0.364904,-0.00223492,0.194683,1.80787,
13.9117,16.8504,1.54203,0.955229,0.30113,-0.0779996,0.18414,0.669925,0.0244939,0.0312213,-0.005332,0.040176,0.364813,-0.00223967,0.194704,1.80744,
13.91,16.8504,1.54453,0.95526,0.301086,-0.0779651,0.184055,0.669955,0.0247889,0.0316361,-0.00538462,0.0406869,0.364723,-0.00224442,0.194725,1.807,
13.9083,16.8504,1.54703,0.955291,0.301043,-0.0779305,0.18397,0.669985,0.0250839,0.032051,-0.00543724,0.0411978,0.364632,-0.00224917,0.194746,1.80656,
13.9067,16.8504,1.54953,0.955321,0.300999,-0.077896,0.183886,0.670015,0.0253789,0.0324659,-0.00548986,0.0417087,0.364542,-0.00225392,0.194767,1.80613,
13.905,16.8504,1.55203,0.955351,0.300954,-0.07786,0.183807,0.670045,0.0251839,0.0322466,-0.00546453,0.0414163,0.364454,-0.00223529,0.194789,1.8057,
13.9033,16.8504,1.55453,0.955381,0.300909,-0.0778235,0.183732,0.670074,0.0248115,0.0317977,-0.005411,0.0408332,0.364367,-0.00220821,0.194811,1.80528,
13.9017,16.8504,1.55703,0.955411,0.300864,-0.0777869,0.183656,0.670103,0.0244391,0.0313489,-0.00535747,0.0402501,0.36428,-0.00218112,0.194834,1.80487,
13.9,16.8504,1.55953,0.955441,0.300819,-0.0777504,0.18358,0.670133,0.0240668,0.0309,-0.00530394,0.0396671,0.364193,-0.00215404,0.194856,1.80445,
13.8984,16.8504,1.56203,0.955471,0.300774,-0.0777139,0.183505,0.670162,0.0236944,0.0304511,-0.00525041,0.039084,0.364106,-0.00212695,0.194879,1.80403,
13.8967,16.8504,1.56453,0.9555,0.300728,-0.0776774,0.183429,0.670191,0.023322,0.0300023,-0.00519688,0.0385009,0.364019,-0.00209986,0.194901,1.80361,
13.895,16.8504,1.56703,0.95553,0.300683,-0.0776409,0.183353,0.67022,0.0229497,0.0295534,-0.00514335,0.0379179,0.363932,-0.00207278,0.194923,1.80319,
13.8934,16.8504,1.56953,0.95556,0.300638,-0.0776043,0.183278,0.67025,0.0225773,0.0291046,-0.00508982,0.0373348,0.363845,-0.00204569,0.194946,1.80277,
13.8917,16.8504,1.57203,0.95559,0.300593,-0.0775678,0.183202,0.670279,0.022205,0.0286557,-0.00503628,0.0367517,0.363758,-0.00201861,0.194968,1.80235,
13.89,16.8504,1.57453,0.95562,0.300548,-0.0775313,0.183126,0.670308,0.0218326,0.0282069,-0.00498275,0.0361686,0.363671,-0.00199152,0.19499,1.80193,
13.8884,16.8504,1.57704,0.955649,0.300502,-0.0774948,0.183051,0.670338,0.0214602,0.027758,-0.00492922,0.0355856,0.363584,-0.00196444,0.195013,1.80151,
13.8867,16.8504,1.57954,0.955679,0.300457,-0.0774583,0.182975,0.670367,0.0210879,0.0273092,-0.00487569,0.0350025,0.363497,-0.00193735,0.195035,1.80109,
13.8851,16.8504,1.58204,0.955709,0.300412,-0.0774217,0.182899,0.670396,0.0207155,0.0268603,-0.00482216,0.0344194,0.363411,-0.00191027,0.195057,1.80067,
13.8834,16.8504,1.58454,0.955739,0.300367,-0.0773852,0.182824,0.670426,0.0203431,0.0264115,-0.00476863,0.0338364,0.363324,-0.00188318,0.19508,1.80025,
13.8817,16.8504,1.58704,0.955769,0.300322,-0.0773487,0.182748,0.670455,0.0199708,0.0259626,-0.0047151,0.0332533,0.363237,-0.0018561,0.195102,1.79983,
13.8801,16.8504,1.58954,0.955798,0.300277,-0.0773122,0.182672,0.670484,0.0195984,0.0255138,-0.00466157,0.0326702,0.36315,-0.00182901,0.195125,1.79941,
13.8784,16.8504,1.59204,0.955828,0.300231,-0.0772756,0.182597,0.670514,0.0192261,0.0250649,-0.00460804,0.0320872,0.363063,-0.00180193,0.195147,1.79899,
13.8767,16.8504,1.59454,0.955858,0.300186,-0.0772391,0.182521,0.670543,0.0188537,0.0246161,-0.0045545,0.0315041,0.362976,-0.00177484,0.195169,1.79857,
13.8751,16.8504,1.59704,0.955888,0.300141,-0.0772026,0.182445,0.670572,0.0184813,0.0241672,-0.00450097,0.030921,0.362889,-0.00174776,0.195192,1.79815,
13.8734,16.8504,1.59954,0.955918,0.300096,-0.0771661,0.18237,0.670601,0.018109,0.0237184,-0.00444744,0.0303379,0.362802,-0.00172067,0.195214,1.79773,
13.8717,16.8504,1.60204,0.955948,0.300051,-0.0771296,0.182294,0.670631,0.0177366,0.0232695,-0.00439391,0.0297549,0.362715,-0.00169359,0.195236,1.79731,
13.8701,16.8504,1.60454,0.955977,0.300005,-0.077093,0.182218,0.67066,0.0173642,0.0228207,-0.00434038,0.0291718,0.362628,-0.0016665,0.195259,1.79689,
13.8684,16.8504,1.60704,0.956007,0.29996,-0.0770565,0.182143,0.670689,0.0169919,0.0223718,-0.00428685,0.0285887,0.362541,-0.00163942,0.195281,1.79647,
13.8668,16.8504,1.60954,0.956037,0.299915,-0.07702,0.182067,0.670719,0.0166195,0.021923,-0.00423332,0.0280057,0.362454,-0.00161233,0.195303,1.79605,
13.8651,16.8504,1.61204,0.956067,0.29987,-0.0769835,0.181991,0.670748,0.0162472,0.0214741,-0.00417979,0.0274226,0.362367,-0.00158524,0.195326,1.79563,
13.8634,16.8504,1.61454,0.956097,0.299825,-0.076947,0.181916,0.670777,0.0158748,0.0210253,-0.00412625,0.0268395,0.36228,-0.00155816,0.195348,1.79521,
13.8618,16.8504,1.61704,0.956126,0.29978,-0.0769104,0.18184,0.670807,0.0155024,0.0205764,-0.00407272,0.0262564,0.362193,-0.00153107,0.195371,1.79479,
13.8601,16.8504,1.61954,0.956156,0.299734,-0.0768739,0.181764,0.670836,0.0151301,0.0201275,-0.00401919,0.0256734,0.362106,-0.00150399,0.195393,1.79437,
13.8584,16.8504,1.62204,0.956186,0.299689,-0.0768374,0.181689,0.670865,0.0147577,0.0196787,-0.00396566,0.0250903,0.362019,-0.0014769,0.195415,1.79395,
13.8568,16.8504,1.62454,0.956216,0.299644,-0.0768009,0.181613,0.670895,0.0143853,0.0192298,-0.00391213,0.0245072,0.361932,-0.00144982,0.195438,1.79354,
13.8551,16.8504,1.62704,0.956246,0.299599,-0.0767644,0.181537,0.670924,0.014013,0.018781,-0.0038586,0.0239242,0.361846,-0.00142273,0.19546,1.79312,
13.8534,16.8504,1.62954,0.956275,0.299554,-0.0767278,0.181462,0.670953,0.0136406,0.0183321,-0.00380507,0.0233411,0.361759,-0.00139565,0.195482,1.7927,
13.8518,16.8504,1.63204,0.956305,0.299509,-0.0766913,0.181386,0.670982,0.0132682,0.0178833,-0.00375154,0.022758,0.361672,-0.00136856,0.195505,1.79228,
13.8501,16.8504,1.63454,0.956335,0.299463,-0.0766548,0.18131,0.671012,0.0128959,0.0174344,-0.003698,0.022175,0.361585,-0.00134148,0.195527,1.79186,
13.8485,16.8504,1.63704,0.956365,0.299418,-0.0766183,0.181235,0.671041,0.0125235,0.0169856,-0.00364447,0.0215919,0.361498,-0.00131439,0.195549,1.79144,
13.8468,16.8504,1.63954,0.956395,0.299373,-0.0765818,0.181159,0.67107,0.0121512,0.0165367,-0.00359094,0.0210088,0.361411,-0.00128731,0.195572,1.79102,
13.8451,16.8504,1.64204,0.956424,0.299328,-0.0765452,0.181083,0.6711,0.0117788,0.0160879,-0.00353741,0.0204257,0.361324,-0.00126022,0.195594,1.7906,
13.8435,16.8504,1.64454,0.956454,0.299283,-0.0765087,0.181008,0.671129,0.0114064,0.015639,-0.00348388,0.0198427,0.361237,-0.00123314,0.195617,1.79018,
13.8418,16.8504,1.64704,0.956484,0.299237,-0.0764722,0.180932,0.671158,0.0110341,0.0151902,-0.00343035,0.0192596,0.36115,-0.00120605,0.195639,1.78976,
13.8401,16.8504,1.64954,0.956514,0.299192,-0.0764357,0.180856,0.671188,0.0106617,0.0147413,-0.00337682,0.0186765,0.361063,-0.00117897,0.195661,1.78934,
13.8385,16.8504,1.65204,0.956544,0.299147,-0.0763992,0.180781,0.671217,0.0102893,0.0142925,-0.00332329,0.0180935,0.360976,-0.00115188,0.195684,1.78892,
13.8368,16.8504,1.65454,0.956574,0.299102,-0.0763626,0.180705,0.671246,0.00991698,0.0138436,-0.00326975,0.0175104,0.360889,-0.0011248,0.195706,1.7885,
13.8351,16.8504,1.65704,0.956603,0.299057,-0.0763261,0.180629,0.671275,0.00954462,0.0133948,-0.00321622,0.0169273,0.360802,-0.00109771,0.195728,1.78808,
13.8335,16.8504,1.65954,0.956633,0.299012,-0.0762896,0.180554,0.671305,0.00917225,0.0129459,-0.00316269,0.0163442,0.360715,-0.00107062,0.195751,1.78766,
13.8318,16.8504,1.66204,0.956663,0.298966,-0.0762531,0.180478,0.671334,0.00879989,0.0124971,-0.00310916,0.0157612,0.360628,-0.00104354,0.195773,1.78724,
13.8302,16.8504,1.66454,0.956693,0.298921,-0.0762165,0.180402,0.671363,0.00842753,0.0120482,-0.00305563,0.0151781,0.360541,-0.00101645,0.195795,1.78682,
13.8285,16.8504,1.66704,0.956723,0.298876,-0.07618,0.180327,0.671393,0.00805516,0.0115994,-0.0030021,0.014595,0.360454,-0.000989369,0.195818,1.7864,
13.8268,16.8504,1.66954,0.956752,0.298831,-0.0761435,0.180251,0.671422,0.0076828,0.0111505,-0.00294857,0.014012,0.360368,-0.000962284,0.19584,1.78598,
13.8252,16.8504,1.67204,0.956782,0.298786,-0.076107,0.180175,0.671451,0.00731044,0.0107017,-0.00289504,0.0134289,0.360281,-0.000935198,0.195863,1.78556,
13.8235,16.8504,1.67454,0.956812,0.29874,-0.0760705,0.1801,0.671481,0.00693808,0.0102528,-0.0028415,0.0128458,0.360194,-0.000908113,0.195885,1.78514,
13.8218,16.8504,1.67704,0.956842,0.298695,-0.0760339,0.180024,0.67151,0.00656571,0.00980395,-0.00278797,0.0122628,0.360107,-0.000881028,0.195907,1.78472,
13.8202,16.8504,1.67954,0.956872,0.29865,-0.0759974,0.179948,0.671539,0.00619335,0.0093551,-0.00273444,0.0116797,0.36002,-0.000853943,0.19593,1.7843,
13.8185,16.8504,1.68204,0.956901,0.298605,-0.0759609,0.179872,0.671569,0.00582099,0.00890625,-0.00268091,0.0110966,0.359933,-0.000826857,0.195952,1.78388,
13.8169,16.8504,1.68454,0.956931,0.29856,-0.0759244,0.179797,0.671598,0.00544862,0.00845739,-0.00262738,0.0105135,0.359846,-0.000799772,0.195974,1.78346,
13.8152,16.8504,1.68705,0.956961,0.298514,-0.0758876,0.179721,0.671627,0.00507369,0.00802134,-0.00257558,0.00993923,0.359758,-0.000770414,0.195996,1.78304,
13.8135,16.8504,1.68955,0.956992,0.298468,-0.0758502,0.179644,0.671657,0.00469319,0.00761296,-0.00252753,0.00938386,0.35967,-0.000736139,0.196016,1.78261,
13.8119,16.8504,1.69205,0.957022,0.298421,-0.0758129,0.179567,0.671687,0.00431268,0.00720459,-0.00247948,0.00882849,0.359581,-0.000701864,0.196036,1.78219,
13.8102,16.8504,1.69455,0.957053,0.298375,-0.0757755,0.17949,0.671718,0.00393218,0.00679622,-0.00243144,0.00827312,0.359492,-0.000667589,0.196057,1.78176,
13.8085,16.8504,1.69705,0.957084,0.298329,-0.0757381,0.179413,0.671748,0.00355168,0.00638785,-0.00238339,0.00771776,0.359404,-0.000633314,0.196077,1.78133,
13.8069,16.8504,1.69955,0.957113,0.298281,-0.0757002,0.179342,0.671776,0.00323767,0.00594439,-0.00233304,0.00740319,0.359317,-0.000637705,0.196101,1.78091,
13.8052,16.8504,1.70205,0.957141,0.298234,-0.0756619,0.179273,0.671804,0.00295428,0.00548477,-0.00228163,0.00719958,0.359232,-0.000659911,0.196127,1.7805,
13.8035,16.8504,1.70455,0.957168,0.298187,-0.0756248,0.179204,0.671831,0.00272137,0.00507379,-0.00222579,0.00711301,0.359147,-0.000680562,0.196153,1.78009,
13.8019,16.8504,1.70705,0.957196,0.298143,-0.0755896,0.179134,0.671858,0.0025803,0.00475138,-0.0021619,0.00723952,0.359065,-0.000698385,0.196177,1.77969,
13.8002,16.8504,1.70955,0.957223,0.298098,-0.0755544,0.179064,0.671884,0.00243923,0.00442896,-0.00209801,0.00736602,0.358982,-0.000716208,0.196201,1.7793,
13.7986,16.8504,1.71205,0.95725,0.298053,-0.0755191,0.178995,0.671911,0.00229817,0.00410655,-0.00203412,0.00749253,0.3589,-0.000734031,0.196225,1.7789,
13.7969,16.8504,1.71455,0.957277,0.298009,-0.0754839,0.178925,0.671938,0.0021571,0.00378413,-0.00197023,0.00761903,0.358818,-0.000751854,0.196249,1.7785,
13.7952,16.8504,1.71705,0.957304,0.297964,-0.0754487,0.178855,0.671965,0.00201604,0.00346172,-0.00190633,0.00774554,0.358735,-0.000769677,0.196273,1.7781,
13.7936,16.8504,1.71955,0.957331,0.29792,-0.0754135,0.178786,0.671991,0.00187497,0.00313931,-0.00184244,0.00787205,0.358653,-0.0007875,0.196297,1.7777,
13.7919,16.8504,1.72205,0.957358,0.297875,-0.0753783,0.178716,0.672018,0.00173391,0.00281689,-0.00177855,0.00799855,0.35857,-0.000805323,0.196321,1.7773,
13.7902,16.8504,1.72455,0.957385,0.297831,-0.0753431,0.178646,0.672045,0.00159284,0.00249448,-0.00171466,0.00812505,0.358488,-0.000823146,0.196345,1.7769,
13.7886,16.8504,1.72705,0.957412,0.297786,-0.0753078,0.178576,0.672071,0.00145178,0.00217206,-0.00165077,0.00825156,0.358405,-0.000840969,0.196369,1.7765,
13.7869,16.8504,1.72955,0.95744,0.297741,-0.0752726,0.178507,0.672098,0.00131071,0.00184965,-0.00158688,0.00837807,0.358323,-0.000858791,0.196393,1.77611,
13.7852,16.8504,1.73205,0.957467,0.297697,-0.0752374,0.178437,0.672125,0.00116965,0.00152723,-0.00152299,0.00850457,0.35824,-0.000876614,0.196417,1.77571,
13.7836,16.8504,1.73455,0.957494,0.297652,-0.0752022,0.178367,0.672151,0.00102858,0.00120482,-0.0014591,0.00863108,0.358158,-0.000894437,0.196441,1.77531,
13.7819,16.8504,1.73705,0.957521,0.297608,-0.075167,0.178298,0.672178,0.000887516,0.000882401,-0.00139521,0.00875758,0.358076,-0.00091226,0.196466,1.77491,
13.7803,16.8504,1.73955,0.957548,0.297563,-0.0751318,0.178228,0.672205,0.000746451,0.000559986,-0.00133131,0.00888409,0.357993,-0.000930083,0.19649,1.77451,
13.7786,16.8504,1.74205,0.957575,0.297518,-0.0750965,0.178158,0.672231,0.000605385,0.000237571,-0.00126742,0.00901059,0.357911,-0.000947906,0.196514,1.77411,
13.7769,16.8504,1.74455,0.957602,0.297474,-0.0750613,0.178089,0.672258,0.00046432,-8.48434e-05,-0.00120353,0.0091371,0.357828,-0.000965729,0.196538,1.77371,
13.7753,16.8504,1.74705,0.957629,0.297429,-0.0750261,0.178019,0.672285,0.000323254,-0.000407258,-0.00113964,0.0092636,0.357746,-0.000983552,0.196562,1.77332,
13.7736,16.8504,1.74955,0.957656,0.297385,-0.0749909,0.177949,0.672311,0.000182189,-0.000729673,-0.00107575,0.00939011,0.357663,-0.00100137,0.196586,1.77292,
13.7719,16.8504,1.75205,0.957684,0.29734,-0.0749557,0.17788,0.672338,4.11237e-05,-0.00105209,-0.00101186,0.00951661,0.357581,-0.0010192,0.19661,1.77252,
13.7703,16.8504,1.75455,0.957711,0.297296,-0.0749205,0.17781,0.672365,-9.99417e-05,-0.0013745,-0.000947967,0.00964312,0.357498,-0.00103702,0.196634,1.77212,
13.7686,16.8504,1.75705,0.957738,0.297251,-0.0748852,0.17774,0.672391,-0.000241007,-0.00169692,-0.000884076,0.00976962,0.357416,-0.00105484,0.196658,1.77172,
13.7669,16.8504,1.75955,0.957765,0.297206,-0.07485,0.177671,0.672418,-0.000382072,-0.00201933,-0.000820185,0.00989613,0.357334,-0.00107267,0.196682,1.77132,
13.7653,16.8504,1.76205,0.957792,0.297162,-0.0748148,0.177601,0.672445,-0.000523138,-0.00234175,-0.000756294,0.0100226,0.357251,-0.00109049,0.196706,1.77092,
13.7636,16.8504,1.76455,0.957819,0.297117,-0.0747796,0.177531,0.672471,-0.000664203,-0.00266416,-0.000692403,0.0101491,0.357169,-0.00110831,0.19673,1.77052,
13.762,16.8504,1.76705,0.957846,0.297073,-0.0747444,0.177461,0.672498,-0.000805269,-0.00298658,-0.000628512,0.0102756,0.357086,-0.00112614,0.196754,1.77013,
13.7603,16.8504,1.76955,0.957873,0.297028,-0.0747092,0.177392,0.672525,-0.000946334,-0.00330899,-0.000564621,0.0104021,0.357004,-0.00114396,0.196778,1.76973,
13.7586,16.8504,1.77205,0.9579,0.296984,-0.0746739,0.177322,0.672551,-0.0010874,-0.00363141,-0.000500729,0.0105287,0.356921,-0.00116178,0.196802,1.76933,
13.757,16.8504,1.77455,0.957928,0.296939,-0.0746387,0.177252,0.672578,-0.00122846,-0.00395382,-0.000436838,0.0106552,0.356839,-0.0011796,0.196826,1.76893,
13.7553,16.8504,1.77705,0.957955,0.296894,-0.0746035,0.177183,0.672605,-0.00136953,-0.00427624,-0.000372947,0.0107817,0.356756,-0.00119743,0.19685,1.76853,
13.7536,16.8504,1.77955,0.957982,0.29685,-0.0745683,0.177113,0.672632,-0.0015106,-0.00459865,-0.000309056,0.0109082,0.356674,-0.00121525,0.196874,1.76813,
13.752,16.8504,1.78205,0.958009,0.296805,-0.0745331,0.177043,0.672658,-0.00165166,-0.00492107,-0.000245165,0.0110347,0.356591,-0.00123307,0.196898,1.76773,
13.7503,16.8504,1.78455,0.958036,0.296761,-0.0744979,0.176974,0.672685,-0.00179273,-0.00524348,-0.000181274,0.0111612,0.356509,-0.0012509,0.196922,1.76734,
13.7487,16.8504,1.78705,0.958063,0.296716,-0.0744626,0.176904,0.672712,-0.00193379,-0.0055659,-0.000117383,0.0112877,0.356427,-0.00126872,0.196946,1.76694,
13.747,16.8504,1.78955,0.95809,0.296671,-0.0744274,0.176834,0.672738,-0.00207486,-0.00588831,-5.34917e-05,0.0114142,0.356344,-0.00128654,0.19697,1.76654,
13.7453,16.8504,1.79205,0.958117,0.296627,-0.0743922,0.176765,0.672765,-0.00221592,-0.00621073,1.03994e-05,0.0115407,0.356262,-0.00130436,0.196994,1.76614,
13.7437,16.8504,1.79455,0.958144,0.296582,-0.074357,0.176695,0.672792,-0.00235699,-0.00653314,7.42905e-05,0.0116672,0.356179,-0.00132219,0.197018,1.76574,
13.742,16.8504,1.79706,0.958171,0.296538,-0.0743218,0.176625,0.672818,-0.00249805,-0.00685556,0.000138182,0.0117937,0.356097,-0.00134001,0.197042,1.76534,
13.7403,16.8504,1.79956,0.958199,0.296493,-0.0742866,0.176556,0.672845,-0.00263912,-0.00717797,0.000202073,0.0119202,0.356014,-0.00135783,0.197066,1.76494,
13.7387,16.8504,1.80206,0.958226,0.296449,-0.0742513,0.176486,0.672872,-0.00278018,-0.00750039,0.000265964,0.0120467,0.355932,-0.00137566,0.19709,1.76454,
13.737,16.8504,1.80456,0.958253,0.296404,-0.0742161,0.176416,0.672898,-0.00292125,-0.0078228,0.000329855,0.0121732,0.355849,-0.00139348,0.197114,1.76415,
13.7353,16.8504,1.80706,0.95828,0.296359,-0.0741809,0.176346,0.672925,-0.00306231,-0.00814521,0.000393746,0.0122997,0.355767,-0.0014113,0.197139,1.76375,
13.7337,16.8504,1.80956,0.958307,0.296315,-0.0741457,0.176277,0.672952,-0.00320338,-0.00846763,0.000457637,0.0124262,0.355685,-0.00142912,0.197163,1.76335,
13.732,16.8504,1.81206,0.958334,0.29627,-0.0741105,0.176207,0.672978,-0.00334445,-0.00879005,0.000521528,0.0125527,0.355602,-0.00144695,0.197187,1.76295,
13.7304,16.8504,1.81456,0.958361,0.296226,-0.0740753,0.176137,0.673005,-0.00348551,-0.00911246,0.000585419,0.0126792,0.35552,-0.00146477,0.197211,1.76255,
13.7287,16.8504,1.81706,0.958388,0.296181,-0.07404,0.176068,0.673032,-0.00362658,-0.00943487,0.00064931,0.0128057,0.355437,-0.00148259,0.197235,1.76215,
13.727,16.8504,1.81956,0.958415,0.296137,-0.0740048,0.175998,0.673058,-0.00376764,-0.00975729,0.000713202,0.0129322,0.355355,-0.00150042,0.197259,1.76175,
13.7254,16.8504,1.82206,0.958443,0.296092,-0.0739696,0.175928,0.673085,-0.00390871,-0.0100797,0.000777093,0.0130588,0.355272,-0.00151824,0.197283,1.76136,
13.7237,16.8504,1.82456,0.95847,0.296047,-0.0739344,0.175859,0.673112,-0.00404977,-0.0104021,0.000840984,0.0131853,0.35519,-0.00153606,0.197307,1.76096,
13.722,16.8504,1.82706,0.958497,0.296003,-0.0738992,0.175789,0.673138,-0.00419084,-0.0107245,0.000904875,0.0133118,0.355107,-0.00155388,0.197331,1.76056,
13.7204,16.8504,1.82956,0.958524,0.295958,-0.073864,0.175719,0.673165,-0.0043319,-0.0110469,0.000968766,0.0134383,0.355025,-0.00157171,0.197355,1.76016,
13.7187,16.8504,1.83206,0.958551,0.295914,-0.0738287,0.17565,0.673192,-0.00447297,-0.0113694,0.00103266,0.0135648,0.354943,-0.00158953,0.197379,1.75976,
13.717,16.8504,1.83456,0.958578,0.295869,-0.0737935,0.17558,0.673218,-0.00461403,-0.0116918,0.00109655,0.0136913,0.35486,-0.00160735,0.197403,1.75936,
13.7154,16.8504,1.83706,0.958605,0.295824,-0.0737583,0.17551,0.673245,-0.0047551,-0.0120142,0.00116044,0.0138178,0.354778,-0.00162518,0.197427,1.75896,
13.7137,16.8504,1.83956,0.958632,0.29578,-0.0737231,0.175441,0.673272,-0.00489616,-0.0123366,0.00122433,0.0139443,0.354695,-0.001643,0.197451,1.75856,
13.7121,16.8504,1.84206,0.958659,0.295735,-0.0736879,0.175371,0.673298,-0.00503723,-0.012659,0.00128822,0.0140708,0.354613,-0.00166082,0.197475,1.75817,
13.7104,16.8504,1.84456,0.958687,0.295691,-0.0736527,0.175301,0.673325,-0.0051783,-0.0129814,0.00135211,0.0141973,0.35453,-0.00167865,0.197499,1.75777,
13.7087,16.8504,1.84706,0.958713,0.295646,-0.0736168,0.175236,0.673351,-0.00508278,-0.0128871,0.0013203,0.0142534,0.35445,-0.00168502,0.197512,1.75738,
13.7071,16.8504,1.84956,0.958739,0.2956,-0.0735805,0.175175,0.673377,-0.00485114,-0.0125531,0.00123343,0.014269,0.354371,-0.00168481,0.197518,1.757,
13.7054,16.8504,1.85206,0.958765,0.295555,-0.0735442,0.175113,0.673403,-0.0046195,-0.012219,0.00114655,0.0142846,0.354291,-0.00168461,0.197524,1.75661,
13.7037,16.8504,1.85456,0.958792,0.295509,-0.0735079,0.175051,0.673429,-0.00438786,-0.0118849,0.00105968,0.0143002,0.354212,-0.0016844,0.19753,1.75623,
13.7021,16.8504,1.85706,0.958818,0.295464,-0.0734717,0.174989,0.673454,-0.00415622,-0.0115508,0.000972804,0.0143158,0.354133,-0.00168419,0.197536,1.75585,
13.7004,16.8504,1.85956,0.958844,0.295418,-0.0734354,0.174927,0.67348,-0.00392458,-0.0112168,0.00088593,0.0143314,0.354054,-0.00168398,0.197543,1.75546,
13.6988,16.8504,1.86206,0.95887,0.295373,-0.0733991,0.174865,0.673506,-0.00369295,-0.0108827,0.000799055,0.014347,0.353975,-0.00168377,0.197549,1.75508,
13.6971,16.8504,1.86456,0.958896,0.295327,-0.0733628,0.174803,0.673532,-0.00346131,-0.0105486,0.000712181,0.0143626,0.353895,-0.00168356,0.197555,1.7547,
13.6954,16.8504,1.86706,0.958923,0.295282,-0.0733266,0.174741,0.673557,-0.00322967,-0.0102145,0.000625307,0.0143782,0.353816,-0.00168335,0.197561,1.75431,
13.6938,16.8504,1.86956,0.958949,0.295236,-0.0732903,0.174679,0.673583,-0.00299803,-0.00988046,0.000538432,0.0143938,0.353737,-0.00168315,0.197567,1.75393,
13.6921,16.8504,1.87206,0.958975,0.295191,-0.073254,0.174617,0.673609,-0.00276639,-0.00954638,0.000451558,0.0144094,0.353658,-0.00168294,0.197574,1.75355,
13.6904,16.8504,1.87456,0.959001,0.295145,-0.0732177,0.174555,0.673635,-0.00253476,-0.00921231,0.000364684,0.014425,0.353579,-0.00168273,0.19758,1.75316,
13.6888,16.8504,1.87706,0.959027,0.2951,-0.0731815,0.174494,0.67366,-0.00230312,-0.00887823,0.000277809,0.0144406,0.353499,-0.00168252,0.197586,1.75278,
13.6871,16.8504,1.87956,0.959053,0.295054,-0.0731452,0.174432,0.673686,-0.00207148,-0.00854416,0.000190935,0.0144562,0.35342,-0.00168231,0.197592,1.7524,
13.6854,16.8504,1.88206,0.95908,0.295009,-0.0731089,0.17437,0.673712,-0.00183984,-0.00821009,0.000104061,0.0144719,0.353341,-0.0016821,0.197598,1.75201,
13.6838,16.8504,1.88456,0.959106,0.294963,-0.0730726,0.174308,0.673738,-0.0016082,-0.00787601,1.71865e-05,0.0144875,0.353262,-0.00168189,0.197605,1.75163,
13.6821,16.8504,1.88706,0.959132,0.294918,-0.0730364,0.174246,0.673763,-0.00137656,-0.00754194,-6.96878e-05,0.0145031,0.353183,-0.00168169,0.197611,1.75125,
13.6805,16.8504,1.88956,0.959158,0.294872,-0.0730001,0.174184,0.673789,-0.00114493,-0.00720786,-0.000156562,0.0145187,0.353103,-0.00168148,0.197617,1.75086,
13.6788,16.8504,1.89206,0.959184,0.294827,-0.0729638,0.174122,0.673815,-0.000913288,-0.00687379,-0.000243436,0.0145343,0.353024,-0.00168127,0.197623,1.75048,
13.6771,16.8504,1.89456,0.959211,0.294781,-0.0729275,0.17406,0.673841,-0.000681649,-0.00653971,-0.000330311,0.0145499,0.352945,-0.00168106,0.197629,1.7501,
13.6755,16.8504,1.89706,0.959237,0.294736,-0.0728913,0.173998,0.673866,-0.000450011,-0.00620564,-0.000417185,0.0145655,0.352866,-0.00168085,0.197635,1.74971,
13.6738,16.8504,1.89956,0.959263,0.29469,-0.072855,0.173936,0.673892,-0.000218373,-0.00587157,-0.000504059,0.0145811,0.352787,-0.00168064,0.197642,1.74933,
13.6721,16.8504,1.90206,0.959289,0.294645,-0.0728187,0.173875,0.673918,1.32655e-05,-0.00553749,-0.000590934,0.0145967,0.352707,-0.00168043,0.197648,1.74895,
13.6705,16.8504,1.90456,0.959315,0.294599,-0.0727824,0.173813,0.673944,0.000244904,-0.00520342,-0.000677808,0.0146123,0.352628,-0.00168023,0.197654,1.74856,
13.6688,16.8504,1.90706,0.959342,0.294554,-0.0727462,0.173751,0.673969,0.000476542,-0.00486934,-0.000764682,0.0146279,0.352549,-0.00168002,0.19766,1.74818,
13.6671,16.8504,1.90957,0.959368,0.294508,-0.0727099,0.173689,0.673995,0.00070818,-0.00453527,-0.000851557,0.0146435,0.35247,-0.00167981,0.197666,1.7478,
13.6655,16.8504,1.91207,0.959394,0.294463,-0.0726736,0.173627,0.674021,0.000939819,-0.00420119,-0.000938431,0.0146591,0.352391,-0.0016796,0.197673,1.74742,
13.6638,16.8504,1.91457,0.95942,0.294417,-0.0726373,0.173565,0.674047,0.00117146,-0.00386712,-0.00102531,0.0146747,0.352311,-0.00167939,0.197679,1.74703,
13.6622,16.8504,1.91707,0.959446,0.294372,-0.0726011,0.173503,0.674072,0.0014031,-0.00353304,-0.00111218,0.0146903,0.352232,-0.00167918,0.197685,1.74665,
13.6605,16.8504,1.91957,0.959473,0.294326,-0.0725648,0.173441,0.674098,0.00163473,-0.00319897,-0.00119905,0.0147059,0.352153,-0.00167897,0.197691,1.74627,
13.6588,16.8504,1.92207,0.959499,0.294281,-0.0725285,0.173379,0.674124,0.00186637,-0.0028649,-0.00128593,0.0147215,0.352074,-0.00167877,0.197697,1.74588,
13.6572,16.8504,1.92457,0.959525,0.294235,-0.0724922,0.173317,0.67415,0.00209801,-0.00253082,-0.0013728,0.0147371,0.351995,-0.00167856,0.197703,1.7455,
13.6555,16.8504,1.92707,0.95955,0.294192,-0.072457,0.173257,0.674174,0.00237799,-0.00225913,-0.00141151,0.0147322,0.351918,-0.00167673,0.197706,1.74513,
13.6538,16.8504,1.92957,0.959574,0.29415,-0.0724226,0.173198,0.674198,0.00269043,-0.00202935,-0.00141787,0.0147134,0.351844,-0.00167381,0.197706,1.74477,
13.6522,16.8504,1.93207,0.959599,0.294108,-0.0723881,0.173139,0.674222,0.00300288,-0.00179957,-0.00142423,0.0146947,0.35177,-0.0016709,0.197705,1.74441,
13.6505,16.8504,1.93457,0.959623,0.294067,-0.0723536,0.17308,0.674246,0.00331532,-0.00156979,-0.00143059,0.014676,0.351696,-0.00166798,0.197705,1.74406,
13.6488,16.8504,1.93707,0.959648,0.294025,-0.0723192,0.173021,0.67427,0.00362777,-0.00134001,-0.00143694,0.0146572,0.351622,-0.00166507,0.197705,1.7437,
13.6472,16.8504,1.93957,0.959672,0.293983,-0.0722847,0.172961,0.674294,0.00394022,-0.00111023,-0.0014433,0.0146385,0.351548,-0.00166215,0.197704,1.74334,
13.6455,16.8504,1.94207,0.959697,0.293942,-0.0722502,0.172902,0.674318,0.00425266,-0.000880452,-0.00144966,0.0146197,0.351474,-0.00165924,0.197704,1.74298,
13.6439,16.8504,1.94457,0.959721,0.2939,-0.0722158,0.172843,0.674342,0.00456511,-0.000650672,-0.00145602,0.014601,0.3514,-0.00165632,0.197704,1.74262,
13.6422,16.8504,1.94707,0.959745,0.293858,-0.0721813,0.172784,0.674366,0.00487756,-0.000420892,-0.00146237,0.0145823,0.351326,-0.00165341,0.197704,1.74227,
13.6405,16.8504,1.94957,0.95977,0.293817,-0.0721468,0.172725,0.67439,0.00519,-0.000191112,-0.00146873,0.0145635,0.351252,-0.00165049,0.197703,1.74191,
13.6389,16.8504,1.95207,0.959794,0.293775,-0.0721124,0.172666,0.674414,0.00550245,3.86681e-05,-0.00147509,0.0145448,0.351178,-0.00164757,0.197703,1.74155,
13.6372,16.8504,1.95457,0.959819,0.293733,-0.0720779,0.172607,0.674438,0.0058149,0.000268448,-0.00148144,0.014526,0.351104,-0.00164466,0.197703,1.74119,
13.6355,16.8504,1.95707,0.959843,0.293692,-0.0720435,0.172547,0.674462,0.00612734,0.000498228,-0.0014878,0.0145073,0.35103,-0.00164174,0.197702,1.74083,
13.6339,16.8504,1.95957,0.959867,0.29365,-0.072009,0.172488,0.674486,0.00643979,0.000728008,-0.00149416,0.0144886,0.350956,-0.00163883,0.197702,1.74047,
13.6322,16.8504,1.96207,0.959892,0.293608,-0.0719745,0.172429,0.67451,0.00675224,0.000957788,-0.00150052,0.0144698,0.350882,-0.00163591,0.197702,1.74012,
13.6306,16.8504,1.96457,0.959916,0.293567,-0.0719401,0.17237,0.674534,0.00706468,0.00118757,-0.00150687,0.0144511,0.350808,-0.001633,0.197702,1.73976,
13.6289,16.8504,1.96707,0.959941,0.293525,-0.0719056,0.172311,0.674558,0.00737713,0.00141735,-0.00151323,0.0144324,0.350734,-0.00163008,0.197701,1.7394,
13.6272,16.8504,1.96957,0.959965,0.293483,-0.0718711,0.172252,0.674582,0.00768958,0.00164713,-0.00151959,0.0144136,0.35066,-0.00162716,0.197701,1.73904,
13.6256,16.8504,1.97207,0.95999,0.293442,-0.0718367,0.172193,0.674606,0.00800202,0.00187691,-0.00152595,0.0143949,0.350586,-0.00162425,0.197701,1.73868,
13.6239,16.8504,1.97457,0.960014,0.2934,-0.0718022,0.172133,0.67463,0.00831447,0.00210669,-0.0015323,0.0143761,0.350512,-0.00162133,0.197701,1.73833,
13.6222,16.8504,1.97707,0.960038,0.293358,-0.0717677,0.172074,0.674654,0.00862692,0.00233647,-0.00153866,0.0143574,0.350438,-0.00161842,0.1977,1.73797,
13.6206,16.8504,1.97957,0.960063,0.293317,-0.0717333,0.172015,0.674678,0.00893936,0.00256625,-0.00154502,0.0143387,0.350364,-0.0016155,0.1977,1.73761,
13.6189,16.8504,1.98207,0.960087,0.293275,-0.0716988,0.171956,0.674702,0.00925181,0.00279603,-0.00155137,0.0143199,0.35029,-0.00161259,0.1977,1.73725,
13.6172,16.8504,1.98457,0.960112,0.293233,-0.0716643,0.171897,0.674726,0.00956426,0.00302581,-0.00155773,0.0143012,0.350216,-0.00160967,0.197699,1.73689,
13.6156,16.8504,1.98707,0.960136,0.293192,-0.0716299,0.171838,0.67475,0.0098767,0.00325559,-0.00156409,0.0142825,0.350142,-0.00160676,0.197699,1.73653,
13.6139,16.8504,1.98957,0.960161,0.29315,-0.0715954,0.171779,0.674774,0.0101891,0.00348537,-0.00157045,0.0142637,0.350068,-0.00160384,0.197699,1.73618,
13.6123,16.8504,1.99207,0.960185,0.293108,-0.0715609,0.171719,0.674798,0.0105016,0.00371515,-0.0015768,0.014245,0.349994,-0.00160092,0.197699,1.73582,
13.6106,16.8504,1.99457,0.960207,0.293066,-0.0715294,0.171658,0.67482,0.0113304,0.00378848,-0.00133124,0.0149349,0.349919,-0.00171922,0.197692,1.73546,
13.6089,16.8504,1.99707,0.960228,0.293024,-0.0714999,0.171594,0.674841,0.0125255,0.00375081,-0.000906933,0.0161276,0.349844,-0.00192351,0.19768,1.73509,
13.6073,16.8504,1.99957,0.960249,0.292982,-0.0714705,0.171531,0.674861,0.0137205,0.00371314,-0.000482629,0.0173203,0.349769,-0.00212781,0.197668,1.73473,
13.6056,16.8504,2.00207,0.960269,0.29294,-0.071441,0.171468,0.674881,0.0149156,0.00367546,-5.83258e-05,0.0185131,0.349694,-0.0023321,0.197657,1.73436,
13.6039,16.8504,2.00457,0.96029,0.292898,-0.0714116,0.171405,0.674902,0.0161107,0.00363779,0.000365977,0.0197058,0.349619,-0.0025364,0.197645,1.734,
13.6023,16.8504,2.00707,0.960311,0.292855,-0.0713821,0.171341,0.674922,0.0173058,0.00360012,0.000790281,0.0208985,0.349544,-0.00274069,0.197633,1.73363,
13.6006,16.8504,2.00957,0.960331,0.292813,-0.0713527,0.171278,0.674942,0.0185009,0.00356245,0.00121458,0.0220912,0.349469,-0.00294498,0.197622,1.73327,
13.5989,16.8504,2.01207,0.960352,0.292771,-0.0713232,0.171215,0.674963,0.019696,0.00352478,0.00163889,0.0232839,0.349394,-0.00314928,0.19761,1.7329,
13.5973,16.8504,2.01457,0.960373,0.292729,-0.0712938,0.171151,0.674983,0.0208911,0.00348711,0.00206319,0.0244766,0.349319,-0.00335357,0.197598,1.73254,
13.5956,16.8504,2.01707,0.960393,0.292686,-0.0712643,0.171088,0.675003,0.0220862,0.00344944,0.00248749,0.0256693,0.349244,-0.00355786,0.197587,1.73217,
13.594,16.8504,2.01958,0.960414,0.292644,-0.0712349,0.171025,0.675024,0.0232813,0.00341177,0.0029118,0.0268621,0.349169,-0.00376216,0.197575,1.73181,
13.5923,16.8504,2.02208,0.960435,0.292602,-0.0712054,0.170961,0.675044,0.0244764,0.0033741,0.0033361,0.0280548,0.349094,-0.00396645,0.197563,1.73144,
13.5906,16.8504,2.02458,0.960455,0.29256,-0.071176,0.170898,0.675064,0.0256715,0.00333643,0.0037604,0.0292475,0.349019,-0.00417074,0.197552,1.73108,
13.589,16.8504,2.02708,0.960476,0.292517,-0.0711465,0.170835,0.675085,0.0268665,0.00329876,0.00418471,0.0304402,0.348944,-0.00437504,0.19754,1.73071,
13.5873,16.8504,2.02958,0.960497,0.292475,-0.0711171,0.170771,0.675105,0.0280616,0.00326109,0.00460901,0.0316329,0.348869,-0.00457933,0.197528,1.73035,
13.5856,16.8504,2.03208,0.960517,0.292433,-0.0710876,0.170708,0.675125,0.0292567,0.00322342,0.00503331,0.0328256,0.348794,-0.00478363,0.197517,1.72998,
13.584,16.8504,2.03458,0.960538,0.292391,-0.0710582,0.170645,0.675146,0.0304518,0.00318575,0.00545762,0.0340184,0.348719,-0.00498792,0.197505,1.72962,
13.5823,16.8504,2.03708,0.960559,0.292349,-0.0710287,0.170581,0.675166,0.0316469,0.00314807,0.00588192,0.0352111,0.348644,-0.00519221,0.197493,1.72925,
13.5806,16.8504,2.03958,0.960579,0.292306,-0.0709992,0.170518,0.675186,0.032842,0.0031104,0.00630622,0.0364038,0.348568,-0.00539651,0.197482,1.72889,
13.579,16.8504,2.04208,0.9606,0.292264,-0.0709698,0.170455,0.675207,0.0340371,0.00307273,0.00673053,0.0375965,0.348493,-0.0056008,0.19747,1.72852,
13.5773,16.8504,2.04458,0.960621,0.292222,-0.0709403,0.170391,0.675227,0.0352322,0.00303506,0.00715483,0.0387892,0.348418,-0.00580509,0.197458,1.72816,
13.5757,16.8504,2.04708,0.960641,0.29218,-0.0709109,0.170328,0.675247,0.0364273,0.00299739,0.00757913,0.0399819,0.348343,-0.00600939,0.197447,1.72779,
13.574,16.8504,2.04958,0.960662,0.292137,-0.0708814,0.170265,0.675268,0.0376224,0.00295972,0.00800344,0.0411747,0.348268,-0.00621368,0.197435,1.72743,
13.5723,16.8504,2.05208,0.960683,0.292095,-0.070852,0.170202,0.675288,0.0388175,0.00292205,0.00842774,0.0423674,0.348193,-0.00641797,0.197423,1.72706,
13.5707,16.8504,2.05458,0.960703,0.292053,-0.0708225,0.170138,0.675308,0.0400125,0.00288438,0.00885204,0.0435601,0.348118,-0.00662227,0.197412,1.7267,
13.569,16.8504,2.05708,0.960724,0.292011,-0.0707931,0.170075,0.675329,0.0412076,0.00284671,0.00927635,0.0447528,0.348043,-0.00682656,0.1974,1.72633,
13.5673,16.8504,2.05958,0.960745,0.291968,-0.0707636,0.170012,0.675349,0.0424027,0.00280904,0.00970065,0.0459455,0.347968,-0.00703085,0.197388,1.72597,
13.5657,16.8504,2.06208,0.960766,0.291926,-0.0707342,0.169948,0.675369,0.0435978,0.00277137,0.010125,0.0471382,0.347893,-0.00723515,0.197377,1.7256,
13.564,16.8504,2.06458,0.960786,0.291884,-0.0707047,0.169885,0.67539,0.0447929,0.0027337,0.0105493,0.048331,0.347818,-0.00743944,0.197365,1.72524,
13.5624,16.8504,2.06708,0.960807,0.291842,-0.0706753,0.169822,0.67541,0.045988,0.00269603,0.0109736,0.0495237,0.347743,-0.00764374,0.197353,1.72487,
13.5607,16.8504,2.06958,0.960828,0.291799,-0.0706458,0.169758,0.67543,0.0471831,0.00265836,0.0113979,0.0507164,0.347668,-0.00784803,0.197342,1.72451,
13.559,16.8504,2.07208,0.960848,0.291757,-0.0706164,0.169695,0.675451,0.0483782,0.00262068,0.0118222,0.0519091,0.347593,-0.00805232,0.19733,1.72415,
13.5574,16.8504,2.07458,0.960869,0.291715,-0.0705869,0.169632,0.675471,0.0495733,0.00258301,0.0122465,0.0531018,0.347518,-0.00825662,0.197318,1.72378,
13.5557,16.8504,2.07708,0.96089,0.291673,-0.0705575,0.169568,0.675491,0.0507684,0.00254534,0.0126708,0.0542945,0.347443,-0.00846091,0.197307,1.72342,
13.554,16.8504,2.07958,0.96091,0.291631,-0.070528,0.169505,0.675512,0.0519635,0.00250767,0.0130951,0.0554873,0.347368,-0.0086652,0.197295,1.72305,
13.5524,16.8504,2.08208,0.960931,0.291588,-0.0704985,0.169442,0.675532,0.0531585,0.00247,0.0135194,0.05668,0.347293,-0.0088695,0.197283,1.72269,
13.5507,16.8504,2.08458,0.960952,0.291546,-0.0704691,0.169378,0.675552,0.0543536,0.00243233,0.0139437,0.0578727,0.347218,-0.00907379,0.197272,1.72232,
13.549,16.8504,2.08708,0.960972,0.291504,-0.0704396,0.169315,0.675573,0.0555487,0.00239466,0.014368,0.0590654,0.347143,-0.00927808,0.19726,1.72196,
13.5474,16.8504,2.08958,0.960993,0.291462,-0.0704102,0.169252,0.675593,0.0567438,0.00235699,0.0147923,0.0602581,0.347067,-0.00948238,0.197248,1.72159,
13.5457,16.8504,2.09208,0.961014,0.291419,-0.0703807,0.169189,0.675613,0.0579389,0.00231932,0.0152166,0.0614508,0.346992,-0.00968667,0.197237,1.72123,
13.5441,16.8504,2.09458,0.961034,0.291377,-0.0703513,0.169125,0.675634,0.059134,0.00228165,0.0156409,0.0626436,0.346917,-0.00989097,0.197225,1.72086,
13.5424,16.8504,2.09708,0.961055,0.291335,-0.0703218,0.169062,0.675654,0.0603291,0.00224398,0.0160652,0.0638363,0.346842,-0.0100953,0.197213,1.7205,
13.5407,16.8504,2.09958,0.961076,0.291293,-0.0702924,0.168999,0.675674,0.0615242,0.00220631,0.0164895,0.065029,0.346767,-0.0102996,0.197202,1.72013,
13.5391,16.8504,2.10208,0.961096,0.29125,-0.0702629,0.168935,0.675695,0.0627193,0.00216864,0.0169138,0.0662217,0.346692,-0.0105038,0.19719,1.71977,
13.5374,16.8504,2.10458,0.961117,0.291208,-0.0702335,0.168872,0.675715,0.0639144,0.00213096,0.0173381,0.0674144,0.346617,-0.0107081,0.197178,1.7194,
13.5357,16.8504,2.10708,0.961138,0.291166,-0.070204,0.168809,0.675736,0.0651094,0.00209329,0.0177624,0.0686071,0.346542,-0.0109124,0.197167,1.71904,
13.5341,16.8504,2.10958,0.961158,0.291124,-0.0701746,0.168745,0.675756,0.0663045,0.00205562,0.0181867,0.0697998,0.346467,-0.0111167,0.197155,1.71867,
13.5324,16.8504,2.11208,0.961179,0.291081,-0.0701451,0.168682,0.675776,0.0674996,0.00201795,0.018611,0.0709926,0.346392,-0.011321,0.197143,1.71831,
13.5307,16.8504,2.11458,0.9612,0.291039,-0.0701157,0.168619,0.675797,0.0686947,0.00198028,0.0190353,0.0721853,0.346317,-0.0115253,0.197132,1.71794,
13.5291,16.8504,2.11708,0.961221,0.290997,-0.0700862,0.168555,0.675817,0.0698898,0.00194261,0.0194596,0.073378,0.346242,-0.0117296,0.19712,1.71758,
13.5274,16.8504,2.11958,0.961241,0.290955,-0.0700568,0.168492,0.675837,0.0710849,0.00190494,0.0198839,0.0745707,0.346167,-0.0119339,0.197108,1.71721,
13.5258,16.8504,2.12208,0.961262,0.290913,-0.0700273,0.168429,0.675858,0.07228,0.00186727,0.0203082,0.0757634,0.346092,-0.0121382,0.197097,1.71685,
13.5241,16.8504,2.12458,0.961283,0.29087,-0.0699978,0.168365,0.675878,0.0734751,0.0018296,0.0207325,0.0769561,0.346017,-0.0123425,0.197085,1.71648,
13.5224,16.8504,2.12708,0.961303,0.290828,-0.0699684,0.168302,0.675898,0.0746702,0.00179193,0.0211568,0.0781489,0.345942,-0.0125468,0.197073,1.71612,
13.5208,16.8504,2.12959,0.961325,0.290785,-0.0699375,0.168241,0.67592,0.0756391,0.00131984,0.0217164,0.0793675,0.345867,-0.0126669,0.197063,1.71576,
13.5191,16.8504,2.13209,0.961348,0.290742,-0.0699065,0.16818,0.675942,0.0765804,0.000794744,0.0222924,0.0805892,0.345792,-0.0127768,0.197054,1.71539,
13.5174,16.8504,2.13459,0.96137,0.2907,-0.0698754,0.168119,0.675964,0.0775218,0.000269646,0.0228685,0.081811,0.345717,-0.0128867,0.197044,1.71503,
13.5158,16.8504,2.13709,0.961393,0.290657,-0.0698444,0.168058,0.675986,0.0784631,-0.000255452,0.0234445,0.0830328,0.345643,-0.0129966,0.197034,1.71467,
13.5141,16.8504,2.13959,0.961415,0.290614,-0.0698133,0.167997,0.676008,0.0794044,-0.00078055,0.0240205,0.0842545,0.345568,-0.0131064,0.197025,1.7143,
13.5124,16.8504,2.14209,0.961436,0.290567,-0.0697804,0.167937,0.676029,0.0801396,-0.000202768,0.023887,0.0845907,0.34549,-0.0133195,0.197013,1.71393,
13.5108,16.8504,2.14459,0.961462,0.290522,-0.0697444,0.167892,0.676055,0.0791598,0.00067462,0.0233303,0.083522,0.34542,-0.0131542,0.197003,1.71359,
13.5091,16.8504,2.14709,0.96149,0.290478,-0.0697078,0.167855,0.676082,0.0774773,0.00125093,0.0228619,0.0821624,0.345355,-0.0127749,0.196995,1.71327,
13.5075,16.8504,2.14959,0.961519,0.290433,-0.0696712,0.167817,0.67611,0.0757948,0.00182724,0.0223936,0.0808028,0.345289,-0.0123955,0.196987,1.71296,
13.5058,16.8504,2.15209,0.961547,0.290389,-0.0696345,0.16778,0.676138,0.0741123,0.00240355,0.0219252,0.0794432,0.345223,-0.0120162,0.196979,1.71264,
13.5041,16.8504,2.15459,0.961575,0.290345,-0.0695979,0.167742,0.676166,0.0724298,0.00297987,0.0214568,0.0780835,0.345158,-0.0116368,0.196971,1.71233,
13.5025,16.8504,2.15709,0.961604,0.290301,-0.0695613,0.167704,0.676194,0.0707473,0.00355618,0.0209885,0.0767239,0.345092,-0.0112575,0.196964,1.71201,
13.5008,16.8504,2.15959,0.961632,0.290257,-0.0695246,0.167667,0.676222,0.0690648,0.00413249,0.0205201,0.0753643,0.345027,-0.0108782,0.196956,1.7117,
13.4991,16.8504,2.16209,0.96166,0.290213,-0.069488,0.167629,0.67625,0.0673823,0.0047088,0.0200518,0.0740047,0.344961,-0.0104988,0.196948,1.71138,
13.4975,16.8504,2.16459,0.961688,0.290169,-0.0694513,0.167592,0.676278,0.0656998,0.00528511,0.0195834,0.0726451,0.344895,-0.0101195,0.19694,1.71107,
13.4958,16.8504,2.16709,0.961717,0.290125,-0.0694147,0.167554,0.676305,0.0640173,0.00586142,0.019115,0.0712854,0.34483,-0.00974018,0.196932,1.71075,
13.4942,16.8504,2.16959,0.961745,0.290081,-0.0693781,0.167517,0.676333,0.0623348,0.00643774,0.0186467,0.0699258,0.344764,-0.00936085,0.196924,1.71043,
13.4925,16.8504,2.17209,0.961773,0.290037,-0.0693414,0.167479,0.676361,0.0606523,0.00701405,0.0181783,0.0685662,0.344699,-0.00898151,0.196916,1.71012,
13.4908,16.8504,2.17459,0.961802,0.289993,-0.0693048,0.167442,0.676389,0.0589698,0.00759036,0.0177099,0.0672066,0.344633,-0.00860218,0.196908,1.7098,
13.4892,16.8504,2.17709,0.96183,0.289949,-0.0692681,0.167404,0.676417,0.0572873,0.00816667,0.0172416,0.065847,0.344567,-0.00822284,0.1969,1.70949,
13.4875,16.8504,2.17959,0.961858,0.289905,-0.0692315,0.167366,0.676445,0.0556048,0.00874298,0.0167732,0.0644874,0.344502,-0.00784351,0.196892,1.70917,
13.4858,16.8504,2.18209,0.961886,0.289861,-0.0691949,0.167329,0.676473,0.0539223,0.00931929,0.0163048,0.0631277,0.344436,-0.00746418,0.196884,1.70886,
13.4842,16.8504,2.18459,0.961915,0.289817,-0.0691582,0.167291,0.676501,0.0522398,0.0098956,0.0158365,0.0617681,0.344371,-0.00708484,0.196876,1.70854,
13.4825,16.8504,2.18709,0.961943,0.289773,-0.0691216,0.167254,0.676529,0.0505573,0.0104719,0.0153681,0.0604085,0.344305,-0.00670551,0.196868,1.70823,
13.4808,16.8504,2.18959,0.961971,0.289728,-0.0690849,0.167216,0.676556,0.0488748,0.0110482,0.0148997,0.0590489,0.344239,-0.00632618,0.19686,1.70791,
13.4792,16.8504,2.19209,0.962,0.289684,-0.0690483,0.167179,0.676584,0.0471923,0.0116245,0.0144314,0.0576893,0.344174,-0.00594684,0.196852,1.7076,
13.4775,16.8504,2.19459,0.962028,0.28964,-0.0690117,0.167141,0.676612,0.0455098,0.0122008,0.013963,0.0563297,0.344108,-0.00556751,0.196845,1.70728,
13.4759,16.8504,2.19709,0.962056,0.289596,-0.068975,0.167104,0.67664,0.0438273,0.0127772,0.0134946,0.05497,0.344043,-0.00518817,0.196837,1.70697,
13.4742,16.8504,2.19959,0.962085,0.289552,-0.0689384,0.167066,0.676668,0.0421448,0.0133535,0.0130263,0.0536104,0.343977,-0.00480884,0.196829,1.70665,
13.4725,16.8504,2.20209,0.962113,0.289508,-0.0689017,0.167029,0.676696,0.0404623,0.0139298,0.0125579,0.0522508,0.343911,-0.00442951,0.196821,1.70633,
13.4709,16.8504,2.20459,0.962141,0.289464,-0.0688651,0.166991,0.676724,0.0387798,0.0145061,0.0120895,0.0508912,0.343846,-0.00405017,0.196813,1.70602,
13.4692,16.8504,2.20709,0.962169,0.28942,-0.0688285,0.166953,0.676752,0.0370973,0.0150824,0.0116212,0.0495316,0.34378,-0.00367084,0.196805,1.7057,
13.4675,16.8504,2.20959,0.962198,0.289376,-0.0687918,0.166916,0.67678,0.0354148,0.0156587,0.0111528,0.048172,0.343715,-0.00329151,0.196797,1.70539,
13.4659,16.8504,2.21209,0.962226,0.289332,-0.0687552,0.166878,0.676807,0.0337323,0.016235,0.0106844,0.0468123,0.343649,-0.00291217,0.196789,1.70507,
13.4642,16.8504,2.21459,0.962254,0.289288,-0.0687186,0.166841,0.676835,0.0320498,0.0168113,0.0102161,0.0454527,0.343583,-0.00253284,0.196781,1.70476,
13.4625,16.8504,2.21709,0.962283,0.289244,-0.0686819,0.166803,0.676863,0.0303673,0.0173877,0.00974771,0.0440931,0.343518,-0.0021535,0.196773,1.70444,
13.4609,16.8504,2.21959,0.962311,0.2892,-0.0686453,0.166766,0.676891,0.0286848,0.017964,0.00927935,0.0427335,0.343452,-0.00177417,0.196765,1.70413,
13.4592,16.8504,2.22209,0.962336,0.289158,-0.0686108,0.166725,0.676916,0.0275935,0.0184372,0.00893026,0.0417293,0.343388,-0.00153564,0.19676,1.70382,
13.4576,16.8504,2.22459,0.962356,0.28912,-0.0685804,0.16668,0.676935,0.0276028,0.0187184,0.00880328,0.0413871,0.343326,-0.0015593,0.196759,1.70352,
13.4559,16.8504,2.22709,0.962375,0.289082,-0.0685501,0.166635,0.676954,0.0276122,0.0189996,0.00867629,0.0410448,0.343264,-0.00158295,0.196759,1.70322,
13.4542,16.8504,2.22959,0.962394,0.289045,-0.0685197,0.16659,0.676973,0.0276215,0.0192808,0.00854931,0.0407026,0.343202,-0.00160661,0.196759,1.70292,
13.4526,16.8504,2.23209,0.962414,0.289007,-0.0684893,0.166545,0.676993,0.0276309,0.0195621,0.00842232,0.0403603,0.34314,-0.00163026,0.196758,1.70262,
13.4509,16.8504,2.23459,0.962433,0.288969,-0.0684589,0.1665,0.677012,0.0276402,0.0198433,0.00829534,0.0400181,0.343078,-0.00165392,0.196758,1.70232,
13.4492,16.8504,2.23709,0.962453,0.288932,-0.0684286,0.166455,0.677031,0.0276496,0.0201245,0.00816835,0.0396758,0.343016,-0.00167757,0.196757,1.70201,
13.4476,16.8504,2.23959,0.962472,0.288894,-0.0683982,0.16641,0.67705,0.0276589,0.0204057,0.00804136,0.0393335,0.342955,-0.00170122,0.196757,1.70171,
13.4459,16.8504,2.2421,0.962492,0.288856,-0.0683678,0.166365,0.677069,0.0276683,0.020687,0.00791438,0.0389913,0.342893,-0.00172488,0.196757,1.70141,
13.4443,16.8504,2.2446,0.962511,0.288819,-0.0683374,0.16632,0.677088,0.0276776,0.0209682,0.00778739,0.038649,0.342831,-0.00174853,0.196756,1.70111,
13.4426,16.8504,2.2471,0.962531,0.288781,-0.0683071,0.166275,0.677108,0.027687,0.0212494,0.00766041,0.0383068,0.342769,-0.00177219,0.196756,1.70081,
13.4409,16.8504,2.2496,0.96255,0.288743,-0.0682767,0.16623,0.677127,0.0276964,0.0215306,0.00753342,0.0379645,0.342707,-0.00179584,0.196755,1.70051,
13.4393,16.8504,2.2521,0.96257,0.288706,-0.0682463,0.166185,0.677146,0.0277057,0.0218119,0.00740644,0.0376223,0.342645,-0.0018195,0.196755,1.70021,
13.4376,16.8504,2.2546,0.962589,0.288668,-0.0682159,0.166139,0.677165,0.0277151,0.0220931,0.00727945,0.03728,0.342583,-0.00184315,0.196755,1.69991,
13.4359,16.8504,2.2571,0.962608,0.28863,-0.0681855,0.166094,0.677184,0.0277244,0.0223743,0.00715247,0.0369378,0.342521,-0.00186681,0.196754,1.69961,
13.4343,16.8504,2.2596,0.962628,0.288593,-0.0681558,0.166048,0.677203,0.0276441,0.0224218,0.00704804,0.0366338,0.34246,-0.00188802,0.196756,1.69931,
13.4326,16.8504,2.2621,0.962647,0.288557,-0.0681267,0.166001,0.677222,0.0274596,0.0221978,0.00696982,0.0363744,0.342398,-0.00190641,0.196761,1.69902,
13.4309,16.8504,2.2646,0.962666,0.288521,-0.0680977,0.165953,0.677241,0.0272751,0.0219739,0.0068916,0.036115,0.342337,-0.0019248,0.196767,1.69872,
13.4293,16.8504,2.2671,0.962686,0.288485,-0.0680686,0.165906,0.67726,0.0270906,0.0217499,0.00681338,0.0358556,0.342276,-0.00194318,0.196772,1.69842,
13.4276,16.8504,2.2696,0.962705,0.288449,-0.0680396,0.165858,0.677279,0.0269061,0.0215259,0.00673515,0.0355962,0.342214,-0.00196157,0.196777,1.69812,
13.426,16.8504,2.2721,0.962724,0.288413,-0.0680105,0.165811,0.677298,0.0267216,0.0213019,0.00665693,0.0353368,0.342153,-0.00197995,0.196782,1.69783,
13.4243,16.8504,2.2746,0.962743,0.288377,-0.0679814,0.165763,0.677317,0.0265371,0.021078,0.00657871,0.0350774,0.342092,-0.00199834,0.196787,1.69753,
13.4226,16.8504,2.2771,0.962763,0.288341,-0.0679524,0.165716,0.677336,0.0263526,0.020854,0.00650049,0.034818,0.34203,-0.00201673,0.196793,1.69723,
13.421,16.8504,2.2796,0.962782,0.288305,-0.0679233,0.165668,0.677355,0.0261681,0.02063,0.00642226,0.0345586,0.341969,-0.00203511,0.196798,1.69693,
13.4193,16.8504,2.2821,0.962801,0.288269,-0.0678943,0.165621,0.677374,0.0259836,0.0204061,0.00634404,0.0342992,0.341908,-0.0020535,0.196803,1.69663,
13.4176,16.8504,2.2846,0.96282,0.288233,-0.0678652,0.165573,0.677393,0.0257992,0.0201821,0.00626582,0.0340397,0.341846,-0.00207188,0.196808,1.69634,
13.416,16.8504,2.2871,0.962839,0.288197,-0.0678362,0.165526,0.677412,0.0256147,0.0199581,0.0061876,0.0337803,0.341785,-0.00209027,0.196813,1.69604,
13.4143,16.8504,2.2896,0.962859,0.288161,-0.0678071,0.165478,0.677431,0.0254302,0.0197341,0.00610937,0.0335209,0.341724,-0.00210866,0.196818,1.69574,
13.4126,16.8504,2.2921,0.962878,0.288125,-0.0677781,0.165431,0.67745,0.0252457,0.0195102,0.00603115,0.0332615,0.341662,-0.00212704,0.196824,1.69544,
13.411,16.8504,2.2946,0.962897,0.288089,-0.067749,0.165383,0.677469,0.0250612,0.0192862,0.00595293,0.0330021,0.341601,-0.00214543,0.196829,1.69515,
13.4093,16.8504,2.2971,0.962916,0.288052,-0.0677199,0.165336,0.677488,0.0248767,0.0190622,0.00587471,0.0327427,0.34154,-0.00216382,0.196834,1.69485,
13.4077,16.8504,2.2996,0.962936,0.288016,-0.0676909,0.165288,0.677507,0.0246922,0.0188383,0.00579649,0.0324833,0.341478,-0.0021822,0.196839,1.69455,
13.406,16.8504,2.3021,0.962955,0.28798,-0.0676618,0.165241,0.677526,0.0245077,0.0186143,0.00571826,0.0322239,0.341417,-0.00220059,0.196844,1.69425,
13.4043,16.8504,2.3046,0.962974,0.287944,-0.0676328,0.165193,0.677545,0.0243232,0.0183903,0.00564004,0.0319645,0.341356,-0.00221897,0.19685,1.69396,
13.4027,16.8504,2.3071,0.962994,0.287908,-0.0676037,0.165146,0.677564,0.0241387,0.0181663,0.00556182,0.0317051,0.341295,-0.00223736,0.196855,1.69366,
13.401,16.8504,2.3096,0.963013,0.287872,-0.0675747,0.165098,0.677583,0.0239542,0.0179424,0.0054836,0.0314457,0.341233,-0.00225575,0.19686,1.69336,
13.3993,16.8504,2.3121,0.963032,0.287836,-0.0675456,0.165051,0.677602,0.0237697,0.0177184,0.00540537,0.0311863,0.341172,-0.00227413,0.196865,1.69306,
13.3977,16.8504,2.3146,0.963051,0.2878,-0.0675165,0.165003,0.677621,0.0235852,0.0174944,0.00532715,0.0309268,0.341111,-0.00229252,0.19687,1.69277,
13.396,16.8504,2.3171,0.96307,0.287764,-0.0674875,0.164956,0.67764,0.0234008,0.0172705,0.00524893,0.0306674,0.341049,-0.0023109,0.196875,1.69247,
13.3943,16.8504,2.3196,0.96309,0.287728,-0.0674584,0.164908,0.677659,0.0232163,0.0170465,0.00517071,0.030408,0.340988,-0.00232929,0.196881,1.69217,
13.3927,16.8504,2.3221,0.963109,0.287692,-0.0674294,0.164861,0.677678,0.0230318,0.0168225,0.00509248,0.0301486,0.340927,-0.00234768,0.196886,1.69187,
13.391,16.8504,2.3246,0.963128,0.287656,-0.0674003,0.164813,0.677697,0.0228473,0.0165985,0.00501426,0.0298892,0.340865,-0.00236606,0.196891,1.69158,
13.3894,16.8504,2.3271,0.963147,0.28762,-0.0673713,0.164766,0.677716,0.0226628,0.0163746,0.00493604,0.0296298,0.340804,-0.00238445,0.196896,1.69128,
13.3877,16.8504,2.3296,0.963167,0.287584,-0.0673422,0.164718,0.677735,0.0224783,0.0161506,0.00485782,0.0293704,0.340743,-0.00240284,0.196901,1.69098,
13.386,16.8504,2.3321,0.963186,0.287548,-0.0673131,0.16467,0.677754,0.0222938,0.0159266,0.0047796,0.029111,0.340681,-0.00242122,0.196907,1.69068,
13.3844,16.8504,2.3346,0.963205,0.287511,-0.0672841,0.164623,0.677773,0.0221093,0.0157027,0.00470137,0.0288516,0.34062,-0.00243961,0.196912,1.69039,
13.3827,16.8504,2.3371,0.963224,0.287475,-0.067255,0.164575,0.677791,0.0219248,0.0154787,0.00462315,0.0285922,0.340559,-0.00245799,0.196917,1.69009,
13.381,16.8504,2.3396,0.963244,0.287439,-0.067226,0.164528,0.67781,0.0217403,0.0152547,0.00454493,0.0283328,0.340497,-0.00247638,0.196922,1.68979,
13.3794,16.8504,2.3421,0.963263,0.287403,-0.0671969,0.16448,0.677829,0.0215558,0.0150307,0.00446671,0.0280733,0.340436,-0.00249477,0.196927,1.68949,
13.3777,16.8504,2.3446,0.963282,0.287367,-0.0671679,0.164433,0.677848,0.0213713,0.0148068,0.00438848,0.0278139,0.340375,-0.00251315,0.196932,1.6892,
13.3761,16.8504,2.3471,0.963301,0.287331,-0.0671388,0.164385,0.677867,0.0211868,0.0145828,0.00431026,0.0275545,0.340313,-0.00253154,0.196938,1.6889,
13.3744,16.8504,2.3496,0.963321,0.287295,-0.0671098,0.164338,0.677886,0.0210024,0.0143588,0.00423204,0.0272951,0.340252,-0.00254993,0.196943,1.6886,
13.3727,16.8504,2.35211,0.96334,0.287259,-0.0670807,0.16429,0.677905,0.0208179,0.0141349,0.00415382,0.0270357,0.340191,-0.00256831,0.196948,1.6883,
13.3711,16.8504,2.35461,0.963359,0.287223,-0.0670516,0.164243,0.677924,0.0206334,0.0139109,0.00407559,0.0267763,0.340129,-0.0025867,0.196953,1.688,
13.3694,16.8504,2.35711,0.963378,0.287187,-0.0670226,0.164195,0.677943,0.0204489,0.0136869,0.00399737,0.0265169,0.340068,-0.00260508,0.196958,1.68771,
13.3677,16.8504,2.35961,0.963398,0.287151,-0.0669935,0.164148,0.677962,0.0202644,0.0134629,0.00391915,0.0262575,0.340007,-0.00262347,0.196964,1.68741,
13.3661,16.8504,2.36211,0.963417,0.287115,-0.0669645,0.1641,0.677981,0.0200799,0.013239,0.00384093,0.0259981,0.339946,-0.00264186,0.196969,1.68711,
13.3644,16.8504,2.36461,0.963436,0.287079,-0.0669354,0.164053,0.678,0.0198954,0.013015,0.00376271,0.0257387,0.339884,-0.00266024,0.196974,1.68681,
13.3627,16.8504,2.36711,0.963455,0.287043,-0.0669064,0.164005,0.678019,0.0197109,0.012791,0.00368448,0.0254793,0.339823,-0.00267863,0.196979,1.68652,
13.3611,16.8504,2.36961,0.963475,0.287007,-0.0668773,0.163958,0.678038,0.0195264,0.0125671,0.00360626,0.0252198,0.339762,-0.00269701,0.196984,1.68622,
13.3594,16.8504,2.37211,0.963494,0.286971,-0.0668482,0.16391,0.678057,0.0193419,0.0123431,0.00352804,0.0249604,0.3397,-0.0027154,0.19699,1.68592,
13.3578,16.8504,2.37461,0.963513,0.286934,-0.0668192,0.163863,0.678076,0.0191574,0.0121191,0.00344982,0.024701,0.339639,-0.00273379,0.196995,1.68562,
13.3561,16.8504,2.37711,0.963532,0.286898,-0.0667901,0.163815,0.678095,0.0189729,0.0118951,0.00337159,0.0244416,0.339578,-0.00275217,0.197,1.68533,
13.3544,16.8504,2.37961,0.963552,0.286862,-0.0667611,0.163768,0.678114,0.0187884,0.0116712,0.00329337,0.0241822,0.339516,-0.00277056,0.197005,1.68503,
13.3528,16.8504,2.38211,0.963571,0.286826,-0.066732,0.16372,0.678133,0.018604,0.0114472,0.00321515,0.0239228,0.339455,-0.00278895,0.19701,1.68473,
13.3511,16.8504,2.38461,0.96359,0.28679,-0.066703,0.163673,0.678152,0.0184195,0.0112232,0.00313693,0.0236634,0.339394,-0.00280733,0.197015,1.68443,
13.3494,16.8504,2.38711,0.963609,0.286754,-0.0666739,0.163625,0.678171,0.018235,0.0109993,0.0030587,0.023404,0.339332,-0.00282572,0.197021,1.68414,
13.3478,16.8504,2.38961,0.963629,0.286718,-0.0666449,0.163578,0.67819,0.0180505,0.0107753,0.00298048,0.0231446,0.339271,-0.0028441,0.197026,1.68384,
13.3461,16.8504,2.39211,0.963648,0.286682,-0.0666158,0.16353,0.678209,0.017866,0.0105513,0.00290226,0.0228852,0.33921,-0.00286249,0.197031,1.68354,
13.3444,16.8504,2.39461,0.963667,0.286646,-0.0665867,0.163483,0.678228,0.0176815,0.0103273,0.00282404,0.0226258,0.339148,-0.00288088,0.197036,1.68324,
13.3428,16.8504,2.39711,0.963686,0.28661,-0.0665577,0.163435,0.678247,0.017497,0.0101034,0.00274582,0.0223664,0.339087,-0.00289926,0.197041,1.68295,
13.3411,16.8504,2.39961,0.963706,0.286574,-0.0665286,0.163388,0.678266,0.0173125,0.0098794,0.00266759,0.0221069,0.339026,-0.00291765,0.197047,1.68265,
13.3395,16.8504,2.40211,0.963725,0.286538,-0.0664996,0.16334,0.678285,0.017128,0.00965543,0.00258937,0.0218475,0.338964,-0.00293603,0.197052,1.68235,
13.3378,16.8504,2.40461,0.963744,0.286502,-0.0664705,0.163293,0.678304,0.0169435,0.00943146,0.00251115,0.0215881,0.338903,-0.00295442,0.197057,1.68205,
13.3361,16.8504,2.40711,0.963763,0.286466,-0.0664415,0.163245,0.678323,0.016759,0.00920749,0.00243293,0.0213287,0.338842,-0.00297281,0.197062,1.68176,
13.3345,16.8504,2.40961,0.963783,0.28643,-0.0664124,0.163198,0.678342,0.0165745,0.00898352,0.0023547,0.0210693,0.33878,-0.00299119,0.197067,1.68146,
13.3328,16.8504,2.41211,0.963802,0.286394,-0.0663833,0.16315,0.678361,0.0163901,0.00875955,0.00227648,0.0208099,0.338719,-0.00300958,0.197072,1.68116,
13.3311,16.8504,2.41461,0.963821,0.286357,-0.0663543,0.163103,0.67838,0.0162056,0.00853558,0.00219826,0.0205505,0.338658,-0.00302797,0.197078,1.68086,
13.3295,16.8504,2.41711,0.96384,0.286321,-0.0663252,0.163055,0.678399,0.0160211,0.0083116,0.00212004,0.0202911,0.338596,-0.00304635,0.197083,1.68056,
13.3278,16.8504,2.41961,0.96386,0.286285,-0.0662962,0.163008,0.678418,0.0158366,0.00808763,0.00204181,0.0200317,0.338535,-0.00306474,0.197088,1.68027,
13.3261,16.8504,2.42211,0.963879,0.286249,-0.0662671,0.16296,0.678437,0.0156521,0.00786366,0.00196359,0.0197723,0.338474,-0.00308312,0.197093,1.67997,
13.3245,16.8504,2.42461,0.963898,0.286213,-0.0662381,0.162913,0.678455,0.0154676,0.00763969,0.00188537,0.0195129,0.338413,-0.00310151,0.197098,1.67967,
13.3228,16.8504,2.42711,0.963917,0.286177,-0.066209,0.162865,0.678474,0.0152831,0.00741572,0.00180715,0.0192534,0.338351,-0.0031199,0.197104,1.67937,
13.3212,16.8504,2.42961,0.963937,0.286141,-0.06618,0.162818,0.678493,0.0150986,0.00719175,0.00172893,0.018994,0.33829,-0.00313828,0.197109,1.67908,
13.3195,16.8504,2.43211,0.963956,0.286105,-0.0661509,0.16277,0.678512,0.0149141,0.00696778,0.0016507,0.0187346,0.338229,-0.00315667,0.197114,1.67878,
13.3178,16.8504,2.43461,0.963975,0.286069,-0.0661218,0.162723,0.678531,0.0147296,0.00674381,0.00157248,0.0184752,0.338167,-0.00317506,0.197119,1.67848,
13.3162,16.8504,2.43711,0.963994,0.286033,-0.0660928,0.162675,0.67855,0.0145451,0.00651983,0.00149426,0.0182158,0.338106,-0.00319344,0.197124,1.67818,
13.3145,16.8504,2.43961,0.964014,0.285997,-0.0660637,0.162628,0.678569,0.0143606,0.00629586,0.00141604,0.0179564,0.338045,-0.00321183,0.197129,1.67789,
13.3128,16.8504,2.44211,0.964033,0.285961,-0.0660347,0.16258,0.678588,0.0141761,0.00607189,0.00133781,0.017697,0.337983,-0.00323021,0.197135,1.67759,
13.3112,16.8504,2.44461,0.964052,0.285925,-0.0660056,0.162533,0.678607,0.0139917,0.00584792,0.00125959,0.0174376,0.337922,-0.0032486,0.19714,1.67729,
13.3095,16.8504,2.44711,0.964071,0.285889,-0.0659766,0.162485,0.678626,0.0138072,0.00562395,0.00118137,0.0171782,0.337861,-0.00326699,0.197145,1.67699,
13.3079,16.8504,2.44961,0.96409,0.285853,-0.0659475,0.162438,0.678645,0.0136227,0.00539998,0.00110315,0.0169188,0.337799,-0.00328537,0.19715,1.6767,
13.3062,16.8504,2.45211,0.96411,0.285817,-0.0659184,0.16239,0.678664,0.0134382,0.00517601,0.00102492,0.0166594,0.337738,-0.00330376,0.197155,1.6764,
13.3045,16.8504,2.45461,0.964129,0.28578,-0.0658894,0.162343,0.678683,0.0132537,0.00495204,0.000946703,0.0163999,0.337677,-0.00332214,0.197161,1.6761,
13.3029,16.8504,2.45711,0.964148,0.285744,-0.0658603,0.162295,0.678702,0.0130692,0.00472806,0.00086848,0.0161405,0.337615,-0.00334053,0.197166,1.6758,
13.3012,16.8504,2.45961,0.964167,0.285708,-0.0658313,0.162248,0.678721,0.0128847,0.00450409,0.000790258,0.0158811,0.337554,-0.00335892,0.197171,1.67551,
13.2995,16.8504,2.46212,0.964187,0.285672,-0.0658022,0.1622,0.67874,0.0127002,0.00428012,0.000712036,0.0156217,0.337493,-0.0033773,0.197176,1.67521,
13.2979,16.8504,2.46462,0.964206,0.285636,-0.0657732,0.162153,0.678759,0.0125157,0.00405615,0.000633813,0.0153623,0.337431,-0.00339569,0.197181,1.67491,
13.2962,16.8504,2.46712,0.964225,0.2856,-0.0657441,0.162105,0.678778,0.0123312,0.00383218,0.000555591,0.0151029,0.33737,-0.00341408,0.197186,1.67461,
13.2945,16.8504,2.46962,0.964244,0.285564,-0.0657151,0.162058,0.678797,0.0121467,0.00360821,0.000477369,0.0148435,0.337309,-0.00343246,0.197192,1.67432,
13.2929,16.8504,2.47212,0.964264,0.285528,-0.065686,0.16201,0.678816,0.0119622,0.00338424,0.000399146,0.0145841,0.337247,-0.00345085,0.197197,1.67402,
13.2912,16.8504,2.47462,0.964283,0.285492,-0.0656569,0.161963,0.678835,0.0117777,0.00316027,0.000320924,0.0143247,0.337186,-0.00346923,0.197202,1.67372,
13.2896,16.8504,2.47712,0.964302,0.285456,-0.0656279,0.161915,0.678854,0.0115933,0.00293629,0.000242702,0.0140653,0.337125,-0.00348762,0.197207,1.67342,
13.2879,16.8504,2.47962,0.964321,0.28542,-0.0655988,0.161868,0.678873,0.0114088,0.00271232,0.00016448,0.0138059,0.337063,-0.00350601,0.197212,1.67312,
13.2862,16.8504,2.48212,0.964341,0.285384,-0.0655698,0.16182,0.678892,0.0112243,0.00248835,8.62572e-05,0.0135464,0.337002,-0.00352439,0.197218,1.67283,
13.2846,16.8504,2.48462,0.96436,0.285348,-0.0655407,0.161773,0.678911,0.0110398,0.00226438,8.03495e-06,0.013287,0.336941,-0.00354278,0.197223,1.67253,
13.2829,16.8504,2.48712,0.964379,0.285312,-0.0655117,0.161725,0.67893,0.0108553,0.00204041,-7.01874e-05,0.0130276,0.33688,-0.00356116,0.197228,1.67223,
13.2812,16.8504,2.48962,0.964398,0.285276,-0.0654826,0.161678,0.678949,0.0106708,0.00181644,-0.00014841,0.0127682,0.336818,-0.00357955,0.197233,1.67193,
13.2796,16.8504,2.49212,0.964418,0.28524,-0.0654535,0.16163,0.678968,0.0104863,0.00159247,-0.000226632,0.0125088,0.336757,-0.00359794,0.197238,1.67164,
13.2779,16.8504,2.49462,0.964437,0.285203,-0.0654245,0.161583,0.678987,0.0103018,0.0013685,-0.000304854,0.0122494,0.336696,-0.00361632,0.197243,1.67134,
13.2762,16.8504,2.49712,0.964456,0.285167,-0.0653954,0.161535,0.679006,0.0101173,0.00114452,-0.000383077,0.01199,0.336634,-0.00363471,0.197249,1.67104,
13.2746,16.8504,2.49962,0.964475,0.285131,-0.0653664,0.161488,0.679025,0.00993283,0.000920553,-0.000461299,0.0117306,0.336573,-0.0036531,0.197254,1.67074,
13.2729,16.8504,2.50212,0.964495,0.285095,-0.0653373,0.16144,0.679044,0.00974833,0.000696582,-0.000539521,0.0114712,0.336512,-0.00367148,0.197259,1.67045,
13.2713,16.8504,2.50462,0.964514,0.285059,-0.0653083,0.161393,0.679063,0.00956384,0.000472611,-0.000617743,0.0112118,0.33645,-0.00368987,0.197264,1.67015,
13.2696,16.8504,2.50712,0.964533,0.285023,-0.0652792,0.161345,0.679081,0.00937935,0.00024864,-0.000695966,0.0109524,0.336389,-0.00370825,0.197269,1.66985,
13.2679,16.8504,2.50962,0.964552,0.284987,-0.0652502,0.161297,0.679101,0.00919486,2.46684e-05,-0.000774188,0.010693,0.336328,-0.00372664,0.197275,1.66955,
13.2663,16.8504,2.51212,0.964571,0.28495,-0.0652201,0.161256,0.679119,0.00918276,1.2738e-06,-0.000752552,0.0106678,0.336268,-0.00373763,0.197288,1.66927,
13.2646,16.8504,2.51462,0.964589,0.284913,-0.0651901,0.161215,0.679137,0.00918755,-2.4781e-06,-0.000721137,0.0106657,0.336209,-0.0037479,0.197302,1.66898,
13.2629,16.8504,2.51712,0.964608,0.284876,-0.06516,0.161174,0.679155,0.00919234,-6.23001e-06,-0.000689721,0.0106635,0.33615,-0.00375817,0.197316,1.66869,
13.2613,16.8504,2.51962,0.964626,0.284838,-0.0651299,0.161132,0.679173,0.00919714,-9.98191e-06,-0.000658306,0.0106613,0.336091,-0.00376844,0.19733,1.6684,
13.2596,16.8504,2.52212,0.964645,0.284801,-0.0650998,0.161091,0.679191,0.00920193,-1.37338e-05,-0.000626891,0.0106591,0.336032,-0.00377871,0.197344,1.66812,
13.2579,16.8504,2.52462,0.964663,0.284764,-0.0650697,0.16105,0.67921,0.00920672,-1.74857e-05,-0.000595475,0.010657,0.335973,-0.00378898,0.197359,1.66783,
13.2563,16.8504,2.52712,0.964682,0.284727,-0.0650396,0.161009,0.679228,0.00921151,-2.12376e-05,-0.00056406,0.0106548,0.335914,-0.00379924,0.197373,1.66754,
13.2546,16.8504,2.52962,0.9647,0.28469,-0.0650095,0.160968,0.679246,0.0092163,-2.49895e-05,-0.000532645,0.0106526,0.335855,-0.00380951,0.197387,1.66726,
13.253,16.8504,2.53212,0.964719,0.284652,-0.0649794,0.160927,0.679264,0.00922109,-2.87414e-05,-0.000501229,0.0106504,0.335796,-0.00381978,0.197401,1.66697,
13.2513,16.8504,2.53462,0.964737,0.284615,-0.0649493,0.160886,0.679282,0.00922588,-3.24933e-05,-0.000469814,0.0106483,0.335737,-0.00383005,0.197415,1.66668,
13.2496,16.8504,2.53712,0.964755,0.284578,-0.0649192,0.160845,0.679301,0.00923067,-3.62452e-05,-0.000438398,0.0106461,0.335678,-0.00384032,0.197429,1.6664,
13.248,16.8504,2.53962,0.964774,0.284541,-0.0648892,0.160803,0.679319,0.00923546,-3.99971e-05,-0.000406983,0.0106439,0.335618,-0.00385059,0.197444,1.66611,
13.2463,16.8504,2.54212,0.964792,0.284504,-0.0648591,0.160762,0.679337,0.00924025,-4.3749e-05,-0.000375568,0.0106417,0.335559,-0.00386085,0.197458,1.66582,
13.2446,16.8504,2.54462,0.964811,0.284467,-0.064829,0.160721,0.679355,0.00924504,-4.75009e-05,-0.000344152,0.0106396,0.3355,-0.00387112,0.197472,1.66553,
13.243,16.8504,2.54712,0.964829,0.284429,-0.0647989,0.16068,0.679373,0.00924983,-5.12528e-05,-0.000312737,0.0106374,0.335441,-0.00388139,0.197486,1.66525,
13.2413,16.8504,2.54962,0.964848,0.284392,-0.0647688,0.160639,0.679391,0.00925462,-5.50047e-05,-0.000281322,0.0106352,0.335382,-0.00389166,0.1975,1.66496,
13.2397,16.8504,2.55212,0.964866,0.284355,-0.0647387,0.160598,0.67941,0.00925941,-5.87566e-05,-0.000249906,0.010633,0.335323,-0.00390193,0.197514,1.66467,
13.238,16.8504,2.55462,0.964885,0.284318,-0.0647086,0.160557,0.679428,0.0092642,-6.25085e-05,-0.000218491,0.0106309,0.335264,-0.0039122,0.197528,1.66439,
13.2363,16.8504,2.55712,0.964903,0.284281,-0.0646785,0.160516,0.679446,0.00926899,-6.62604e-05,-0.000187076,0.0106287,0.335205,-0.00392247,0.197543,1.6641,
13.2347,16.8504,2.55962,0.964921,0.284243,-0.0646484,0.160475,0.679464,0.00927378,-7.00123e-05,-0.00015566,0.0106265,0.335146,-0.00393273,0.197557,1.66381,
13.233,16.8504,2.56212,0.96494,0.284206,-0.0646183,0.160433,0.679482,0.00927857,-7.37642e-05,-0.000124245,0.0106243,0.335087,-0.003943,0.197571,1.66353,
13.2313,16.8504,2.56462,0.964958,0.284169,-0.0645882,0.160392,0.679501,0.00928336,-7.75162e-05,-9.28296e-05,0.0106222,0.335028,-0.00395327,0.197585,1.66324,
13.2297,16.8504,2.56712,0.964977,0.284132,-0.0645582,0.160351,0.679519,0.00928816,-8.12681e-05,-6.14143e-05,0.01062,0.334969,-0.00396354,0.197599,1.66295,
13.228,16.8504,2.56962,0.964995,0.284095,-0.0645281,0.16031,0.679537,0.00929295,-8.502e-05,-2.99989e-05,0.0106178,0.334909,-0.00397381,0.197613,1.66266,
13.2263,16.8504,2.57212,0.965014,0.284057,-0.064498,0.160269,0.679555,0.00929774,-8.87719e-05,1.41642e-06,0.0106156,0.33485,-0.00398408,0.197627,1.66238,
13.2247,16.8504,2.57463,0.965032,0.28402,-0.0644679,0.160228,0.679573,0.00930253,-9.25238e-05,3.28318e-05,0.0106135,0.334791,-0.00399435,0.197642,1.66209,
13.223,16.8504,2.57713,0.965051,0.283983,-0.0644378,0.160187,0.679591,0.00930732,-9.62757e-05,6.42471e-05,0.0106113,0.334732,-0.00400461,0.197656,1.6618,
13.2214,16.8504,2.57963,0.965069,0.283946,-0.0644077,0.160146,0.67961,0.00931211,-0.000100028,9.56625e-05,0.0106091,0.334673,-0.00401488,0.19767,1.66152,
13.2197,16.8504,2.58213,0.965088,0.283909,-0.0643776,0.160104,0.679628,0.0093169,-0.000103779,0.000127078,0.0106069,0.334614,-0.00402515,0.197684,1.66123,
13.218,16.8504,2.58463,0.965106,0.283871,-0.0643475,0.160063,0.679646,0.00932169,-0.000107531,0.000158493,0.0106048,0.334555,-0.00403542,0.197698,1.66094,
13.2164,16.8504,2.58713,0.965124,0.283834,-0.0643174,0.160022,0.679664,0.00932648,-0.000111283,0.000189909,0.0106026,0.334496,-0.00404569,0.197712,1.66066,
13.2147,16.8504,2.58963,0.965143,0.283797,-0.0642873,0.159981,0.679682,0.00933127,-0.000115035,0.000221324,0.0106004,0.334437,-0.00405596,0.197727,1.66037,
13.213,16.8504,2.59213,0.965161,0.28376,-0.0642572,0.15994,0.6797,0.00933606,-0.000118787,0.000252739,0.0105982,0.334378,-0.00406622,0.197741,1.66008,
13.2114,16.8504,2.59463,0.96518,0.283723,-0.0642272,0.159899,0.679719,0.00934085,-0.000122539,0.000284155,0.0105961,0.334319,-0.00407649,0.197755,1.65979,
13.2097,16.8504,2.59713,0.965198,0.283685,-0.0641971,0.159858,0.679737,0.00934564,-0.000126291,0.00031557,0.0105939,0.334259,-0.00408676,0.197769,1.65951,
13.208,16.8504,2.59963,0.965217,0.283648,-0.064167,0.159817,0.679755,0.00935043,-0.000130043,0.000346985,0.0105917,0.3342,-0.00409703,0.197783,1.65922,
13.2064,16.8504,2.60213,0.965235,0.283611,-0.0641369,0.159775,0.679773,0.00935522,-0.000133795,0.000378401,0.0105895,0.334141,-0.0041073,0.197797,1.65893,
13.2047,16.8504,2.60463,0.965254,0.283574,-0.0641068,0.159734,0.679791,0.00936001,-0.000137547,0.000409816,0.0105874,0.334082,-0.00411757,0.197811,1.65865,
13.2031,16.8504,2.60713,0.965272,0.283537,-0.0640767,0.159693,0.67981,0.0093648,-0.000141298,0.000441231,0.0105852,0.334023,-0.00412784,0.197826,1.65836,
13.2014,16.8504,2.60963,0.96529,0.2835,-0.0640466,0.159652,0.679828,0.00936959,-0.00014505,0.000472647,0.010583,0.333964,-0.0041381,0.19784,1.65807,
13.1997,16.8504,2.61213,0.965309,0.283462,-0.0640165,0.159611,0.679846,0.00937438,-0.000148802,0.000504062,0.0105808,0.333905,-0.00414837,0.197854,1.65778,
13.1981,16.8504,2.61463,0.965327,0.283425,-0.0639864,0.15957,0.679864,0.00937917,-0.000152554,0.000535477,0.0105787,0.333846,-0.00415864,0.197868,1.6575,
13.1964,16.8504,2.61713,0.965346,0.283388,-0.0639563,0.159529,0.679882,0.00938397,-0.000156306,0.000566893,0.0105765,0.333787,-0.00416891,0.197882,1.65721,
13.1947,16.8504,2.61963,0.965364,0.283351,-0.0639262,0.159488,0.6799,0.00938876,-0.000160058,0.000598308,0.0105743,0.333728,-0.00417918,0.197896,1.65692,
13.1931,16.8504,2.62213,0.965383,0.283314,-0.0638962,0.159447,0.679919,0.00939355,-0.00016381,0.000629723,0.0105721,0.333669,-0.00418945,0.197911,1.65664,
13.1914,16.8504,2.62463,0.965401,0.283276,-0.0638661,0.159405,0.679937,0.00939834,-0.000167562,0.000661139,0.01057,0.33361,-0.00419972,0.197925,1.65635,
13.1897,16.8504,2.62713,0.96542,0.283239,-0.063836,0.159364,0.679955,0.00940313,-0.000171314,0.000692554,0.0105678,0.33355,-0.00420998,0.197939,1.65606,
13.1881,16.8504,2.62963,0.965438,0.283202,-0.0638059,0.159323,0.679973,0.00940792,-0.000175066,0.000723969,0.0105656,0.333491,-0.00422025,0.197953,1.65578,
13.1864,16.8504,2.63213,0.965456,0.283165,-0.0637758,0.159282,0.679991,0.00941271,-0.000178818,0.000755385,0.0105634,0.333432,-0.00423052,0.197967,1.65549,
13.1848,16.8504,2.63463,0.965475,0.283128,-0.0637457,0.159241,0.68001,0.0094175,-0.000182569,0.0007868,0.0105613,0.333373,-0.00424079,0.197981,1.6552,
13.1831,16.8504,2.63713,0.965493,0.28309,-0.0637156,0.1592,0.680028,0.00942229,-0.000186321,0.000818215,0.0105591,0.333314,-0.00425106,0.197995,1.65491,
13.1814,16.8504,2.63963,0.965512,0.283053,-0.0636855,0.159159,0.680046,0.00942708,-0.000190073,0.000849631,0.0105569,0.333255,-0.00426133,0.19801,1.65463,
13.1798,16.8504,2.64213,0.96553,0.283016,-0.0636554,0.159118,0.680064,0.00943187,-0.000193825,0.000881046,0.0105547,0.333196,-0.00427159,0.198024,1.65434,
13.1781,16.8504,2.64463,0.965549,0.282979,-0.0636253,0.159076,0.680082,0.00943666,-0.000197577,0.000912462,0.0105526,0.333137,-0.00428186,0.198038,1.65405,
13.1764,16.8504,2.64713,0.965567,0.282942,-0.0635953,0.159035,0.6801,0.00944145,-0.000201329,0.000943877,0.0105504,0.333078,-0.00429213,0.198052,1.65377,
13.1748,16.8504,2.64963,0.965586,0.282904,-0.0635652,0.158994,0.680119,0.00944624,-0.000205081,0.000975292,0.0105482,0.333019,-0.0043024,0.198066,1.65348,
13.1731,16.8504,2.65213,0.965604,0.282867,-0.0635351,0.158953,0.680137,0.00945103,-0.000208833,0.00100671,0.010546,0.33296,-0.00431267,0.19808,1.65319,
13.1715,16.8504,2.65463,0.965623,0.28283,-0.063505,0.158912,0.680155,0.00945582,-0.000212585,0.00103812,0.0105439,0.3329,-0.00432294,0.198094,1.65291,
13.1698,16.8504,2.65713,0.965641,0.282793,-0.0634749,0.158871,0.680173,0.00946061,-0.000216337,0.00106954,0.0105417,0.332841,-0.00433321,0.198109,1.65262,
13.1681,16.8504,2.65963,0.965659,0.282756,-0.0634448,0.15883,0.680191,0.0094654,-0.000220088,0.00110095,0.0105395,0.332782,-0.00434347,0.198123,1.65233,
13.1665,16.8504,2.66213,0.965678,0.282718,-0.0634147,0.158789,0.68021,0.00947019,-0.00022384,0.00113237,0.0105373,0.332723,-0.00435374,0.198137,1.65204,
13.1648,16.8504,2.66463,0.965696,0.282681,-0.0633846,0.158747,0.680228,0.00947498,-0.000227592,0.00116378,0.0105352,0.332664,-0.00436401,0.198151,1.65176,
13.1631,16.8504,2.66713,0.965715,0.282644,-0.0633545,0.158706,0.680246,0.00947978,-0.000231344,0.0011952,0.010533,0.332605,-0.00437428,0.198165,1.65147,
13.1615,16.8504,2.66963,0.965733,0.282607,-0.0633244,0.158665,0.680264,0.00948457,-0.000235096,0.00122662,0.0105308,0.332546,-0.00438455,0.198179,1.65118,
13.1598,16.8504,2.67213,0.965752,0.28257,-0.0632944,0.158624,0.680282,0.00948936,-0.000238848,0.00125803,0.0105286,0.332487,-0.00439482,0.198194,1.6509,
13.1581,16.8504,2.67463,0.96577,0.282533,-0.0632643,0.158583,0.6803,0.00949415,-0.0002426,0.00128945,0.0105265,0.332428,-0.00440509,0.198208,1.65061,
13.1565,16.8504,2.67713,0.965789,0.282495,-0.0632342,0.158542,0.680319,0.00949894,-0.000246352,0.00132086,0.0105243,0.332369,-0.00441535,0.198222,1.65032,
13.1548,16.8504,2.67963,0.965807,0.282458,-0.0632041,0.158501,0.680337,0.00950373,-0.000250104,0.00135228,0.0105221,0.33231,-0.00442562,0.198236,1.65004,
13.1532,16.8504,2.68213,0.965825,0.282421,-0.063174,0.15846,0.680355,0.00950852,-0.000253856,0.00138369,0.0105199,0.332251,-0.00443589,0.19825,1.64975,
13.1515,16.8504,2.68464,0.965844,0.282384,-0.0631439,0.158419,0.680373,0.00951331,-0.000257607,0.00141511,0.0105178,0.332191,-0.00444616,0.198264,1.64946,
13.1498,16.8504,2.68714,0.965862,0.282347,-0.0631138,0.158377,0.680391,0.0095181,-0.000261359,0.00144652,0.0105156,0.332132,-0.00445643,0.198278,1.64917,
13.1482,16.8504,2.68964,0.965881,0.282309,-0.0630837,0.158336,0.68041,0.00952289,-0.000265111,0.00147794,0.0105134,0.332073,-0.0044667,0.198293,1.64889,
13.1465,16.8504,2.69214,0.965899,0.282272,-0.0630536,0.158295,0.680428,0.00952768,-0.000268863,0.00150935,0.0105112,0.332014,-0.00447696,0.198307,1.6486,
13.1448,16.8504,2.69464,0.965918,0.282235,-0.0630235,0.158254,0.680446,0.00953247,-0.000272615,0.00154077,0.0105091,0.331955,-0.00448723,0.198321,1.64831,
13.1432,16.8504,2.69714,0.965936,0.282198,-0.0629934,0.158213,0.680464,0.00953726,-0.000276367,0.00157218,0.0105069,0.331896,-0.0044975,0.198335,1.64803,
13.1415,16.8504,2.69964,0.965955,0.282161,-0.0629634,0.158172,0.680482,0.00954205,-0.000280119,0.0016036,0.0105047,0.331837,-0.00450777,0.198349,1.64774,
13.1398,16.8504,2.70214,0.965973,0.282123,-0.0629333,0.158131,0.6805,0.00954684,-0.000283871,0.00163501,0.0105025,0.331778,-0.00451804,0.198363,1.64745,
13.1382,16.8504,2.70464,0.965991,0.282089,-0.0629054,0.15809,0.680518,0.00966791,-0.000196307,0.00168394,0.0106255,0.331722,-0.00451192,0.198377,1.64718,
13.1365,16.8504,2.70714,0.966008,0.282055,-0.0628777,0.158049,0.680535,0.00979519,-0.000103867,0.0017338,0.0107551,0.331666,-0.00450492,0.19839,1.64691,
13.1349,16.8504,2.70964,0.966026,0.282021,-0.06285,0.158008,0.680553,0.00992247,-1.14275e-05,0.00178366,0.0108847,0.33161,-0.00449792,0.198403,1.64664,
13.1332,16.8504,2.71214,0.966044,0.281987,-0.0628222,0.157967,0.68057,0.0100498,8.10124e-05,0.00183352,0.0110143,0.331555,-0.00449093,0.198416,1.64637,
13.1315,16.8504,2.71464,0.966061,0.281953,-0.0627945,0.157926,0.680587,0.010177,0.000173452,0.00188337,0.0111439,0.331499,-0.00448393,0.198429,1.6461,
13.1299,16.8504,2.71714,0.966079,0.281918,-0.0627668,0.157885,0.680605,0.0103043,0.000265892,0.00193323,0.0112735,0.331443,-0.00447693,0.198442,1.64583,
13.1282,16.8504,2.71964,0.966096,0.281884,-0.062739,0.157844,0.680622,0.0104316,0.000358332,0.00198309,0.0114031,0.331387,-0.00446994,0.198455,1.64555,
13.1265,16.8504,2.72214,0.966114,0.28185,-0.0627113,0.157803,0.680639,0.0105589,0.000450772,0.00203295,0.0115327,0.331332,-0.00446294,0.198469,1.64528,
13.1249,16.8504,2.72464,0.966132,0.281816,-0.0626836,0.157762,0.680657,0.0106861,0.000543212,0.00208281,0.0116623,0.331276,-0.00445594,0.198482,1.64501,
13.1232,16.8504,2.72714,0.966149,0.281782,-0.0626559,0.157722,0.680674,0.0108134,0.000635652,0.00213267,0.0117919,0.33122,-0.00444894,0.198495,1.64474,
13.1216,16.8504,2.72964,0.966167,0.281748,-0.0626281,0.157681,0.680691,0.0109407,0.000728092,0.00218253,0.0119215,0.331164,-0.00444195,0.198508,1.64447,
13.1199,16.8504,2.73214,0.966184,0.281714,-0.0626004,0.15764,0.680709,0.011068,0.000820532,0.00223239,0.0120512,0.331109,-0.00443495,0.198521,1.6442,
13.1182,16.8504,2.73464,0.966202,0.28168,-0.0625727,0.157599,0.680726,0.0111953,0.000912972,0.00228225,0.0121808,0.331053,-0.00442795,0.198534,1.64393,
13.1166,16.8504,2.73714,0.96622,0.281645,-0.0625449,0.157558,0.680743,0.0113225,0.00100541,0.00233211,0.0123104,0.330997,-0.00442096,0.198547,1.64366,
13.1149,16.8504,2.73964,0.966237,0.281611,-0.0625172,0.157517,0.680761,0.0114498,0.00109785,0.00238196,0.01244,0.330941,-0.00441396,0.198561,1.64339,
13.1132,16.8504,2.74214,0.966255,0.281577,-0.0624895,0.157476,0.680778,0.0115771,0.00119029,0.00243182,0.0125696,0.330886,-0.00440696,0.198574,1.64312,
13.1116,16.8504,2.74464,0.966272,0.281543,-0.0624617,0.157435,0.680795,0.0117044,0.00128273,0.00248168,0.0126992,0.33083,-0.00439997,0.198587,1.64285,
13.1099,16.8504,2.74714,0.96629,0.281509,-0.062434,0.157394,0.680813,0.0118317,0.00137517,0.00253154,0.0128288,0.330774,-0.00439297,0.1986,1.64257,
13.1082,16.8504,2.74964,0.966308,0.281475,-0.0624063,0.157353,0.68083,0.0119589,0.00146761,0.0025814,0.0129584,0.330718,-0.00438597,0.198613,1.6423,
13.1066,16.8504,2.75214,0.966325,0.281441,-0.0623786,0.157312,0.680847,0.0120862,0.00156005,0.00263126,0.013088,0.330663,-0.00437897,0.198626,1.64203,
13.1049,16.8504,2.75464,0.966343,0.281406,-0.0623508,0.157272,0.680865,0.0122135,0.00165249,0.00268112,0.0132176,0.330607,-0.00437198,0.198639,1.64176,
13.1033,16.8504,2.75714,0.96636,0.281372,-0.0623231,0.157231,0.680882,0.0123408,0.00174493,0.00273098,0.0133472,0.330551,-0.00436498,0.198653,1.64149,
13.1016,16.8504,2.75964,0.966378,0.281338,-0.0622954,0.15719,0.6809,0.0124681,0.00183737,0.00278084,0.0134768,0.330495,-0.00435798,0.198666,1.64122,
13.0999,16.8504,2.76214,0.966396,0.281304,-0.0622676,0.157149,0.680917,0.0125953,0.00192981,0.0028307,0.0136065,0.330439,-0.00435099,0.198679,1.64095,
13.0983,16.8504,2.76464,0.966413,0.28127,-0.0622399,0.157108,0.680934,0.0127226,0.00202225,0.00288055,0.0137361,0.330384,-0.00434399,0.198692,1.64068,
13.0966,16.8504,2.76714,0.966431,0.281236,-0.0622122,0.157067,0.680952,0.0128499,0.00211469,0.00293041,0.0138657,0.330328,-0.00433699,0.198705,1.64041,
13.0949,16.8504,2.76964,0.966448,0.281202,-0.0621845,0.157026,0.680969,0.0129772,0.00220713,0.00298027,0.0139953,0.330272,-0.00433,0.198718,1.64014,
13.0933,16.8504,2.77214,0.966466,0.281168,-0.0621567,0.156985,0.680986,0.0131045,0.00229957,0.00303013,0.0141249,0.330216,-0.004323,0.198731,1.63987,
13.0916,16.8504,2.77464,0.966484,0.281133,-0.062129,0.156944,0.681004,0.0132317,0.00239201,0.00307999,0.0142545,0.330161,-0.004316,0.198745,1.63959,
13.0899,16.8504,2.77714,0.966501,0.281099,-0.0621013,0.156903,0.681021,0.013359,0.00248445,0.00312985,0.0143841,0.330105,-0.00430901,0.198758,1.63932,
13.0883,16.8504,2.77964,0.966519,0.281065,-0.0620735,0.156862,0.681038,0.0134863,0.00257689,0.00317971,0.0145137,0.330049,-0.00430201,0.198771,1.63905,
13.0866,16.8504,2.78214,0.966537,0.281031,-0.0620458,0.156821,0.681056,0.0136136,0.00266933,0.00322957,0.0146433,0.329993,-0.00429501,0.198784,1.63878,
13.085,16.8504,2.78464,0.966554,0.280997,-0.0620181,0.156781,0.681073,0.0137409,0.00276177,0.00327943,0.0147729,0.329938,-0.00428801,0.198797,1.63851,
13.0833,16.8504,2.78714,0.966572,0.280963,-0.0619904,0.15674,0.68109,0.0138681,0.00285421,0.00332929,0.0149025,0.329882,-0.00428102,0.19881,1.63824,
13.0816,16.8504,2.78964,0.966589,0.280929,-0.0619626,0.156699,0.681108,0.0139954,0.00294665,0.00337914,0.0150321,0.329826,-0.00427402,0.198823,1.63797,
13.08,16.8504,2.79215,0.966607,0.280894,-0.0619349,0.156658,0.681125,0.0141227,0.00303909,0.003429,0.0151618,0.32977,-0.00426702,0.198837,1.6377,
13.0783,16.8504,2.79465,0.966625,0.28086,-0.0619072,0.156617,0.681142,0.01425,0.00313153,0.00347886,0.0152914,0.329715,-0.00426003,0.19885,1.63743,

