41.1761,16.8504,-0.388356,0.975478,0.0710144,-0.00360619,-0.0525727,0.700653,350.627,1087.66,337.706,1191.65,0.0881872,-1.49956,0.936951,0.44216,
41.1779,16.8504,-0.385912,0.976735,0.0996422,-0.00686532,-0.074583,0.700654,85.8568,232.883,64.5803,256.472,0.124389,-1.31063,9.63445,0.623274,
41.1796,16.8504,-0.383467,0.977349,0.110235,-0.00870126,-0.0829283,0.700657,57.563,144.745,37.0837,160.131,0.137971,-1.22204,17.5246,0.691115,
41.1814,16.8504,-0.381023,0.977829,0.117785,-0.0102554,-0.0889895,0.700661,48.1276,114.91,27.5722,127.597,0.147746,-1.15296,23.9009,0.739901,
41.1831,16.8504,-0.378579,0.978262,0.124059,-0.0117348,-0.0940618,0.700667,43.5014,100.181,22.869,111.588,0.155918,-1.09101,29.137,0.780651,
41.1848,16.8504,-0.376135,0.978671,0.129658,-0.0131682,-0.0986143,0.700673,40.6002,90.9373,19.9138,101.562,0.163243,-1.03259,33.5282,0.81716,
41.1866,16.8504,-0.37369,0.979067,0.134804,-0.0145676,-0.102818,0.70068,38.5748,84.5359,17.8727,94.6253,0.170002,-0.976306,37.206,0.850827,
41.1883,16.8504,-0.371246,0.979462,0.139696,-0.0159648,-0.106807,0.700687,36.9907,79.6308,16.3346,89.3097,0.176439,-0.920468,40.284,0.882868,
41.1901,16.8504,-0.368802,0.979849,0.144198,-0.0173126,-0.110504,0.700696,35.8044,76.113,15.2547,85.487,0.182392,-0.866425,42.5932,0.912481,
41.1918,16.8504,-0.366358,0.980235,0.148554,-0.0186428,-0.114084,0.700705,34.7073,72.9634,14.3111,82.0557,0.18816,-0.812828,44.5213,0.94116,
41.1936,16.8504,-0.363913,0.980626,0.152782,-0.0199747,-0.117537,0.700716,33.6789,70.1871,13.5265,79.0162,0.19376,-0.758649,45.9068,0.968981,
41.1953,16.8504,-0.361469,0.981008,0.156794,-0.0212582,-0.120833,0.700727,32.6969,67.6669,12.8425,76.2422,0.199091,-0.705849,46.8666,0.995456,
41.1971,16.8504,-0.359025,0.981398,0.160715,-0.0225393,-0.124024,0.700739,31.6765,65.2096,12.2261,73.5203,0.204294,-0.652353,47.3507,1.02128,
41.1988,16.8504,-0.35658,0.981784,0.164525,-0.0237916,-0.127131,0.700752,30.631,62.7625,11.6322,70.8005,0.209357,-0.599612,47.6087,1.04639,
41.2006,16.8504,-0.354136,0.982165,0.16808,-0.024982,-0.13002,0.700766,29.4693,60.2423,11.0839,67.9738,0.214085,-0.548096,47.2222,1.06982,
41.2023,16.8504,-0.351692,0.982551,0.171657,-0.0261821,-0.132911,0.700781,28.2675,57.6456,10.5264,65.0607,0.218835,-0.496006,46.7863,1.09336,
41.204,16.8504,-0.349248,0.982926,0.174968,-0.0273002,-0.135584,0.700797,26.8919,54.7853,9.95228,61.8357,0.223237,-0.446352,45.955,1.11515,
41.2058,16.8504,-0.346803,0.983295,0.178072,-0.0283551,-0.138067,0.700814,25.3015,51.5648,9.34379,58.1928,0.227356,-0.398277,44.747,1.13553,
41.2075,16.8504,-0.344359,0.983667,0.181179,-0.0294119,-0.140542,0.700832,23.6748,48.2721,8.72501,54.4685,0.231475,-0.35,43.5119,1.1559,
41.2093,16.8504,-0.341915,0.984023,0.184087,-0.0303996,-0.142847,0.70085,21.9519,44.7961,8.08017,50.5358,0.235324,-0.30431,42.1764,1.17492,
41.211,16.8504,-0.339471,0.98434,0.186466,-0.031205,-0.144701,0.700868,19.9691,40.8224,7.36433,46.0377,0.23846,-0.265427,40.5764,1.1904,
41.2128,16.8504,-0.337026,0.984657,0.188819,-0.0320006,-0.146516,0.700887,17.9278,36.7204,6.62863,41.3973,0.241552,-0.226811,38.9639,1.20565,
41.2145,16.8504,-0.334582,0.984973,0.191171,-0.0327962,-0.148331,0.700906,15.8865,32.6184,5.89293,36.7569,0.244643,-0.188196,37.3515,1.22091,
41.2163,16.8504,-0.332138,0.985249,0.193156,-0.0334648,-0.149836,0.700924,13.9376,28.6931,5.19173,32.3189,0.247236,-0.155414,35.9371,1.23369,
41.218,16.8504,-0.329693,0.985449,0.194456,-0.0338973,-0.150762,0.70094,12.1606,25.0966,4.55471,28.2573,0.248901,-0.133485,34.8914,1.24189,
41.2197,16.8504,-0.327249,0.985647,0.195733,-0.0343218,-0.151666,0.700957,10.3849,21.4978,3.91816,24.1943,0.250533,-0.111925,33.8717,1.24992,
41.2215,16.8504,-0.324805,0.985843,0.196997,-0.0347418,-0.152556,0.700974,8.60987,17.8977,3.28188,20.1304,0.252146,-0.0905726,32.8668,1.25786,
41.2232,16.8504,-0.322361,0.986039,0.198261,-0.0351617,-0.153447,0.70099,6.83485,14.2975,2.64561,16.0666,0.253759,-0.0692202,31.8619,1.2658,
41.225,16.8504,-0.319916,0.986162,0.198949,-0.0353825,-0.153858,0.701009,5.60856,11.792,2.19852,13.2417,0.254592,-0.0576373,31.8059,1.26989,
41.2267,16.8504,-0.317472,0.986244,0.199309,-0.0354898,-0.153996,0.701028,4.69475,9.90975,1.85917,11.1224,0.254981,-0.0516178,32.2902,1.27179,
41.2285,16.8504,-0.315028,0.986325,0.199669,-0.0355972,-0.154134,0.701046,3.78095,8.02751,1.51982,9.00301,0.25537,-0.0455982,32.7744,1.2737,
41.2302,16.8504,-0.312583,0.986407,0.200029,-0.0357045,-0.154273,0.701065,2.86714,6.14528,1.18047,6.88364,0.255758,-0.0395787,33.2587,1.2756,
41.232,16.8504,-0.310139,0.986488,0.200389,-0.0358119,-0.154411,0.701084,1.95333,4.26304,0.841118,4.76427,0.256147,-0.0335591,33.743,1.27751,
41.2337,16.8504,-0.307695,0.986569,0.200744,-0.0359177,-0.154544,0.701103,1.04312,2.38684,0.502907,2.65294,0.256529,-0.0276064,34.239,1.27938,
41.2354,16.8504,-0.305251,0.986602,0.200721,-0.0359023,-0.154373,0.701126,0.751255,1.75441,0.377125,2.55397,0.256406,-0.0280415,35.986,1.27876,
41.2372,16.8504,-0.302806,0.986633,0.200695,-0.0358857,-0.154199,0.701148,0.464601,1.13269,0.253128,2.47145,0.256278,-0.0285425,37.7435,1.27812,
41.2389,16.8504,-0.300362,0.986665,0.200668,-0.0358692,-0.154025,0.70117,0.177947,0.510965,0.129131,2.38892,0.256149,-0.0290435,39.5009,1.27748,
41.2407,16.8504,-0.297918,0.986697,0.200641,-0.0358526,-0.153851,0.701192,-0.108707,-0.11076,0.00513473,2.30639,0.256021,-0.0295446,41.2584,1.27684,
41.2424,16.8504,-0.295474,0.986729,0.200615,-0.035836,-0.153677,0.701214,-0.39536,-0.732484,-0.118862,2.22386,0.255893,-0.0300456,43.0158,1.2762,
41.2442,16.8504,-0.293029,0.986761,0.200588,-0.0358194,-0.153503,0.701237,-0.682014,-1.35421,-0.242859,2.14134,0.255764,-0.0305467,44.7733,1.27556,
41.2459,16.8504,-0.290585,0.986789,0.20053,-0.0357944,-0.153304,0.701259,-0.928362,-1.89364,-0.35231,2.13828,0.255594,-0.0315897,46.6159,1.27471,
41.2477,16.8504,-0.288141,0.9868,0.200359,-0.0357398,-0.153019,0.701281,-1.03346,-2.14453,-0.410794,2.41614,0.255278,-0.0345331,48.7577,1.27315,
41.2494,16.8504,-0.285696,0.986812,0.200192,-0.035687,-0.152734,0.701302,-1.14195,-2.40148,-0.470523,2.70102,0.254966,-0.0374385,50.8951,1.2716,
41.2511,16.8504,-0.283252,0.986823,0.200025,-0.0356342,-0.15245,0.701324,-1.25044,-2.65844,-0.530252,2.98589,0.254653,-0.0403439,53.0324,1.27006,
41.2529,16.8504,-0.280808,0.986834,0.199859,-0.0355814,-0.152165,0.701345,-1.35894,-2.9154,-0.589981,3.27077,0.254341,-0.0432493,55.1698,1.26851,
41.2546,16.8504,-0.278364,0.986846,0.199692,-0.0355286,-0.151881,0.701367,-1.46743,-3.17236,-0.64971,3.55565,0.254028,-0.0461546,57.3072,1.26696,
41.2564,16.8504,-0.275919,0.986857,0.199525,-0.0354757,-0.151597,0.701388,-1.57592,-3.42932,-0.709439,3.84052,0.253716,-0.04906,59.4446,1.26542,
41.2581,16.8504,-0.273475,0.986869,0.199359,-0.0354229,-0.151312,0.70141,-1.68442,-3.68628,-0.769168,4.1254,0.253403,-0.0519654,61.582,1.26387,
41.2599,16.8504,-0.271031,0.986879,0.199179,-0.0353672,-0.151019,0.701431,-1.78995,-3.93655,-0.827278,4.40282,0.253074,-0.0550736,63.7266,1.26224,
41.2616,16.8504,-0.268587,0.986874,0.198891,-0.0352867,-0.150645,0.701452,-1.87,-4.12922,-0.871443,4.616,0.252609,-0.0599278,65.9328,1.25994,
41.2634,16.8504,-0.266142,0.986869,0.198609,-0.0352081,-0.150273,0.701473,-1.95002,-4.3206,-0.915381,4.82794,0.252147,-0.0647247,68.1411,1.25766,
41.2651,16.8504,-0.263698,0.986865,0.198331,-0.0351311,-0.149902,0.701493,-2.03001,-4.51084,-0.959125,5.03881,0.25169,-0.0694723,70.3512,1.2554,
41.2668,16.8504,-0.261254,0.98686,0.198052,-0.0350542,-0.149532,0.701513,-2.11,-4.70109,-1.00287,5.24969,0.251233,-0.0742198,72.5613,1.25314,
41.2686,16.8504,-0.258809,0.986856,0.197774,-0.0349772,-0.149161,0.701533,-2.18998,-4.89134,-1.04661,5.46056,0.250776,-0.0789673,74.7714,1.25088,
41.2703,16.8504,-0.256365,0.986851,0.197496,-0.0349002,-0.14879,0.701554,-2.26997,-5.08158,-1.09036,5.67144,0.250319,-0.0837149,76.9815,1.24863,
41.2721,16.8504,-0.253921,0.986846,0.197218,-0.0348233,-0.148419,0.701574,-2.34996,-5.27183,-1.1341,5.88231,0.249862,-0.0884624,79.1916,1.24637,
41.2738,16.8504,-0.251477,0.986842,0.19694,-0.0347463,-0.148048,0.701594,-2.42995,-5.46208,-1.17784,6.09319,0.249405,-0.09321,81.4017,1.24411,
41.2756,16.8504,-0.249032,0.986837,0.196662,-0.0346693,-0.147677,0.701614,-2.50993,-5.65232,-1.22159,6.30406,0.248948,-0.0979575,83.6118,1.24185,
41.2773,16.8504,-0.246588,0.986826,0.196339,-0.0345804,-0.147274,0.701634,-2.58492,-5.8229,-1.2579,6.49388,0.248434,-0.103402,85.817,1.23931,
41.2791,16.8504,-0.244144,0.986806,0.195937,-0.0344706,-0.146816,0.701654,-2.65115,-5.95909,-1.28121,6.64689,0.247822,-0.110054,88.0132,1.23629,
41.2808,16.8504,-0.2417,0.986785,0.195535,-0.034361,-0.146357,0.701674,-2.71733,-6.09545,-1.30444,6.80005,0.24721,-0.116605,90.2077,1.23327,
41.2825,16.8504,-0.239255,0.986765,0.195148,-0.0342561,-0.145902,0.701693,-2.78338,-6.23134,-1.32809,6.95283,0.246611,-0.123047,92.4085,1.2303,
41.2843,16.8504,-0.236811,0.986744,0.194761,-0.0341516,-0.145446,0.701711,-2.84942,-6.36721,-1.35175,7.10558,0.246012,-0.129484,94.6096,1.22735,
41.286,16.8504,-0.234367,0.986724,0.194374,-0.034047,-0.14499,0.70173,-2.91546,-6.50308,-1.37542,7.25833,0.245414,-0.13592,96.8108,1.22439,
41.2878,16.8504,-0.231922,0.986703,0.193987,-0.0339425,-0.144535,0.701749,-2.98151,-6.63895,-1.39909,7.41109,0.244815,-0.142356,99.012,1.22143,
41.2895,16.8504,-0.229478,0.986683,0.1936,-0.0338379,-0.144079,0.701768,-3.04755,-6.77482,-1.42276,7.56384,0.244217,-0.148792,101.213,1.21847,
41.2913,16.8504,-0.227034,0.986662,0.193213,-0.0337334,-0.143623,0.701786,-3.11359,-6.91069,-1.44643,7.71659,0.243618,-0.155229,103.414,1.21552,
41.293,16.8504,-0.22459,0.986642,0.192826,-0.0336288,-0.143167,0.701805,-3.17963,-7.04656,-1.4701,7.86934,0.243019,-0.161665,105.615,1.21256,
41.2948,16.8504,-0.222145,0.986622,0.192439,-0.0335243,-0.142712,0.701824,-3.24568,-7.18243,-1.49376,8.02209,0.242421,-0.168101,107.817,1.2096,
41.2965,16.8504,-0.219701,0.986601,0.192052,-0.0334197,-0.142256,0.701843,-3.31172,-7.3183,-1.51743,8.17484,0.241822,-0.174537,110.018,1.20664,
41.2982,16.8504,-0.217257,0.986566,0.191614,-0.0332927,-0.141757,0.70186,-3.3658,-7.40567,-1.52358,8.27642,0.241153,-0.181697,112.141,1.20334,
41.3,16.8504,-0.214812,0.986525,0.191151,-0.0331548,-0.141236,0.701877,-3.41415,-7.46979,-1.52134,8.35347,0.24045,-0.189202,114.227,1.19987,
41.3017,16.8504,-0.212368,0.986483,0.190687,-0.033017,-0.140716,0.701894,-3.46249,-7.53392,-1.5191,8.43053,0.239747,-0.196707,116.314,1.1964,
41.3035,16.8504,-0.209924,0.986441,0.190224,-0.0328791,-0.140196,0.701911,-3.51084,-7.59804,-1.51686,8.50758,0.239044,-0.204212,118.4,1.19293,
41.3052,16.8504,-0.20748,0.9864,0.189761,-0.0327413,-0.139675,0.701927,-3.55919,-7.66217,-1.51462,8.58464,0.238341,-0.211718,120.486,1.18946,
41.307,16.8504,-0.205035,0.986358,0.189298,-0.0326034,-0.139155,0.701944,-3.60754,-7.7263,-1.51238,8.66169,0.237638,-0.219223,122.572,1.18599,
41.3087,16.8504,-0.202591,0.986317,0.188835,-0.0324656,-0.138634,0.701961,-3.65588,-7.79042,-1.51014,8.73875,0.236935,-0.226728,124.659,1.18252,
41.3105,16.8504,-0.200147,0.986275,0.188371,-0.0323277,-0.138114,0.701978,-3.70423,-7.85455,-1.5079,8.8158,0.236232,-0.234234,126.745,1.17905,
41.3122,16.8504,-0.197703,0.986233,0.187908,-0.0321899,-0.137594,0.701995,-3.75258,-7.91868,-1.50565,8.89286,0.235529,-0.241739,128.831,1.17558,
41.3139,16.8504,-0.195258,0.986191,0.187437,-0.0320487,-0.137073,0.702012,-3.80094,-7.9813,-1.50269,8.96843,0.234819,-0.249338,130.918,1.17208,
41.3157,16.8504,-0.192814,0.986148,0.186957,-0.0319036,-0.136551,0.70203,-3.84933,-8.0422,-1.49891,9.04231,0.234101,-0.257044,133.007,1.16853,
41.3174,16.8504,-0.19037,0.986105,0.186477,-0.0317586,-0.13603,0.702048,-3.89771,-8.10311,-1.49513,9.11619,0.233383,-0.264751,135.095,1.16499,
41.3192,16.8504,-0.187925,0.986062,0.185997,-0.0316136,-0.135508,0.702066,-3.94609,-8.16401,-1.49135,9.19008,0.232665,-0.272457,137.183,1.16145,
41.3209,16.8504,-0.185481,0.98602,0.185516,-0.0314685,-0.134987,0.702084,-3.99447,-8.22491,-1.48756,9.26396,0.231947,-0.280163,139.271,1.15791,
41.3227,16.8504,-0.183037,0.985969,0.185026,-0.0312975,-0.134449,0.7021,-4.02897,-8.23848,-1.46933,9.28871,0.231208,-0.287897,141.231,1.15426,
41.3244,16.8504,-0.180593,0.985913,0.18453,-0.0311127,-0.133903,0.702115,-4.0561,-8.22695,-1.44344,9.28742,0.23046,-0.295645,143.122,1.15057,
41.3262,16.8504,-0.178148,0.985858,0.184035,-0.0309279,-0.133356,0.702131,-4.08323,-8.21542,-1.41755,9.28613,0.229711,-0.303394,145.013,1.14687,
41.3279,16.8504,-0.175704,0.985803,0.183539,-0.0307431,-0.13281,0.702146,-4.11036,-8.20389,-1.39166,9.28483,0.228962,-0.311142,146.904,1.14318,
41.3297,16.8504,-0.17326,0.985748,0.183044,-0.0305583,-0.132264,0.702161,-4.13749,-8.19236,-1.36576,9.28354,0.228213,-0.318891,148.795,1.13948,
41.3314,16.8504,-0.170816,0.985692,0.182548,-0.0303735,-0.131718,0.702177,-4.16463,-8.18083,-1.33987,9.28225,0.227464,-0.326639,150.686,1.13579,
41.3331,16.8504,-0.168371,0.985637,0.182053,-0.0301887,-0.131171,0.702192,-4.19176,-8.16929,-1.31398,9.28095,0.226715,-0.334388,152.577,1.13209,
41.3349,16.8504,-0.165927,0.985582,0.181562,-0.0300073,-0.130624,0.702207,-4.21895,-8.15995,-1.28884,9.28169,0.22597,-0.342083,154.471,1.12841,
41.3366,16.8504,-0.163483,0.985528,0.181077,-0.0298292,-0.130076,0.702222,-4.2462,-8.1527,-1.26442,9.28439,0.225229,-0.349728,156.368,1.12476,
41.3384,16.8504,-0.161038,0.985473,0.180591,-0.029651,-0.129529,0.702236,-4.27345,-8.14545,-1.24,9.28708,0.224488,-0.357373,158.265,1.1211,
41.3401,16.8504,-0.158594,0.985419,0.180106,-0.0294729,-0.128981,0.702251,-4.3007,-8.1382,-1.21559,9.28978,0.223747,-0.365018,160.162,1.11744,
41.3419,16.8504,-0.15615,0.985365,0.17962,-0.0292947,-0.128433,0.702266,-4.32795,-8.13096,-1.19117,9.29247,0.223005,-0.372663,162.059,1.11378,
41.3436,16.8504,-0.153706,0.98531,0.179135,-0.0291165,-0.127885,0.70228,-4.35521,-8.12371,-1.16675,9.29517,0.222264,-0.380308,163.956,1.11012,
41.3454,16.8504,-0.151261,0.985256,0.178649,-0.0289384,-0.127337,0.702295,-4.38246,-8.11646,-1.14233,9.29786,0.221523,-0.387953,165.853,1.10646,
41.3471,16.8504,-0.148817,0.985201,0.178164,-0.0287602,-0.126789,0.702309,-4.40971,-8.10921,-1.11792,9.30056,0.220782,-0.395598,167.75,1.1028,
41.3488,16.8504,-0.146373,0.985147,0.177678,-0.0285821,-0.126242,0.702324,-4.43696,-8.10196,-1.0935,9.30325,0.22004,-0.403243,169.647,1.09914,
41.3506,16.8504,-0.143929,0.985092,0.177193,-0.0284039,-0.125694,0.702339,-4.46421,-8.09472,-1.06908,9.30595,0.219299,-0.410888,171.544,1.09548,
41.3523,16.8504,-0.141484,0.985039,0.176745,-0.0281894,-0.125168,0.702352,-4.46992,-8.03619,-1.03513,9.2556,0.218601,-0.417784,173.202,1.09203,
41.3541,16.8504,-0.13904,0.984986,0.176307,-0.0279673,-0.124646,0.702364,-4.47111,-7.96693,-0.999176,9.19414,0.217912,-0.424523,174.809,1.08863,
41.3558,16.8504,-0.136596,0.984933,0.175867,-0.0277451,-0.124124,0.702377,-4.47232,-7.89768,-0.963194,9.1327,0.217223,-0.431263,176.419,1.08522,
41.3576,16.8504,-0.134151,0.98488,0.175428,-0.0275228,-0.123602,0.70239,-4.47354,-7.82844,-0.927195,9.07128,0.216534,-0.438002,178.029,1.08182,
41.3593,16.8504,-0.131707,0.984827,0.174988,-0.0273005,-0.12308,0.702403,-4.47477,-7.75921,-0.891196,9.00986,0.215845,-0.444741,179.64,1.07842,
41.3611,16.8504,-0.129263,0.984773,0.174549,-0.0270782,-0.122558,0.702416,-4.47599,-7.68997,-0.855198,8.94843,0.215156,-0.45148,181.25,1.07501,
41.3628,16.8504,-0.126819,0.98472,0.17411,-0.0268559,-0.122036,0.702428,-4.47721,-7.62073,-0.819199,8.88701,0.214467,-0.458219,182.86,1.07161,
41.3645,16.8504,-0.124374,0.984667,0.17367,-0.0266336,-0.121514,0.702441,-4.47844,-7.5515,-0.7832,8.82559,0.213778,-0.464958,184.47,1.0682,
41.3663,16.8504,-0.12193,0.984614,0.173231,-0.0264114,-0.120992,0.702454,-4.47966,-7.48226,-0.747201,8.76416,0.213089,-0.471697,186.081,1.0648,
41.368,16.8504,-0.119486,0.984561,0.172791,-0.0261891,-0.12047,0.702467,-4.48089,-7.41302,-0.711203,8.70274,0.2124,-0.478436,187.691,1.06139,
41.3698,16.8504,-0.117041,0.984508,0.172352,-0.025967,-0.119949,0.702479,-4.48209,-7.34384,-0.675243,8.64265,0.211711,-0.485051,189.3,1.05799,
41.3715,16.8504,-0.114597,0.984454,0.171913,-0.0257468,-0.119426,0.702492,-4.48342,-7.27591,-0.639599,8.58427,0.211024,-0.4916,190.909,1.05459,
41.3733,16.8504,-0.112153,0.984401,0.171478,-0.0255315,-0.118899,0.702504,-4.48515,-7.21122,-0.604704,8.52712,0.210336,-0.498284,192.521,1.05119,
41.375,16.8504,-0.109709,0.984348,0.171043,-0.0253161,-0.118373,0.702516,-4.48687,-7.14653,-0.569809,8.46996,0.209649,-0.504967,194.133,1.0478,
41.3768,16.8504,-0.107264,0.984295,0.170607,-0.0251008,-0.117847,0.702528,-4.4886,-7.08184,-0.534913,8.4128,0.208962,-0.511651,195.745,1.0444,
41.3785,16.8504,-0.10482,0.984242,0.170172,-0.0248855,-0.11732,0.70254,-4.49032,-7.01715,-0.500018,8.35565,0.208274,-0.518334,197.357,1.041,
41.3802,16.8504,-0.102376,0.984189,0.169737,-0.0246702,-0.116794,0.702552,-4.49205,-6.95246,-0.465122,8.29849,0.207587,-0.525018,198.969,1.0376,
41.382,16.8504,-0.0999316,0.984136,0.169302,-0.0244549,-0.116268,0.702565,-4.49378,-6.88777,-0.430227,8.24134,0.206899,-0.531701,200.581,1.0342,
41.3837,16.8504,-0.0974873,0.984082,0.168867,-0.0242395,-0.115742,0.702577,-4.4955,-6.82308,-0.395331,8.18418,0.206212,-0.538385,202.193,1.03081,
41.3855,16.8504,-0.095043,0.984029,0.168432,-0.0240242,-0.115215,0.702589,-4.49723,-6.75839,-0.360436,8.12703,0.205524,-0.545069,203.804,1.02741,
41.3872,16.8504,-0.0925988,0.983987,0.168076,-0.0237958,-0.114744,0.7026,-4.47925,-6.6686,-0.328139,8.0426,0.204938,-0.550529,205.206,1.02451,
41.389,16.8504,-0.0901545,0.983951,0.167767,-0.0235598,-0.114304,0.70261,-4.45003,-6.56449,-0.297325,7.9426,0.204409,-0.55529,206.489,1.02189,
41.3907,16.8504,-0.0877102,0.983915,0.167457,-0.0233238,-0.113864,0.70262,-4.42081,-6.46038,-0.266511,7.84259,0.20388,-0.560052,207.771,1.01927,
41.3925,16.8504,-0.0852659,0.983879,0.167148,-0.0230878,-0.113424,0.70263,-4.39159,-6.35626,-0.235698,7.74259,0.203351,-0.564813,209.053,1.01665,
41.3942,16.8504,-0.0828217,0.983843,0.166838,-0.0228518,-0.112984,0.70264,-4.36236,-6.25215,-0.204884,7.64259,0.202822,-0.569574,210.335,1.01403,
41.3959,16.8504,-0.0803774,0.983807,0.166528,-0.0226159,-0.112544,0.702651,-4.33314,-6.14804,-0.17407,7.54259,0.202293,-0.574336,211.617,1.01141,
41.3977,16.8504,-0.0779331,0.983771,0.166219,-0.0223799,-0.112104,0.702661,-4.30392,-6.04393,-0.143256,7.44259,0.201765,-0.579098,212.899,1.00879,
41.3994,16.8504,-0.0754888,0.983734,0.165909,-0.0221439,-0.111664,0.702671,-4.2747,-5.93982,-0.112443,7.34259,0.201236,-0.583859,214.181,1.00617,
41.4012,16.8504,-0.0730446,0.983698,0.1656,-0.0219079,-0.111224,0.702681,-4.24548,-5.83571,-0.081629,7.24258,0.200707,-0.58862,215.463,1.00355,
41.4029,16.8504,-0.0706003,0.983662,0.16529,-0.021672,-0.110784,0.702691,-4.21626,-5.73159,-0.0508153,7.14258,0.200178,-0.593382,216.745,1.00093,
41.4047,16.8504,-0.068156,0.983626,0.164981,-0.021436,-0.110344,0.702702,-4.18704,-5.62748,-0.0200016,7.04258,0.199649,-0.598143,218.027,0.998316,
41.4064,16.8504,-0.0657117,0.98359,0.164671,-0.0212,-0.109904,0.702712,-4.15781,-5.52337,0.0108122,6.94258,0.19912,-0.602905,219.31,0.995697,
41.4082,16.8504,-0.0632675,0.983554,0.164361,-0.020964,-0.109464,0.702722,-4.12859,-5.41926,0.0416259,6.84258,0.198591,-0.607666,220.592,0.993078,
41.4099,16.8504,-0.0608232,0.983518,0.164052,-0.020728,-0.109024,0.702732,-4.09937,-5.31515,0.0724396,6.74258,0.198062,-0.612428,221.874,0.990458,
41.4116,16.8504,-0.0583789,0.983482,0.163742,-0.0204921,-0.108584,0.702743,-4.07015,-5.21103,0.103253,6.64257,0.197534,-0.617189,223.156,0.987839,
41.4134,16.8504,-0.0559346,0.983446,0.163433,-0.0202561,-0.108144,0.702753,-4.04093,-5.10692,0.134067,6.54257,0.197005,-0.621951,224.438,0.98522,
41.4151,16.8504,-0.0534904,0.98341,0.163123,-0.0200201,-0.107704,0.702763,-4.01171,-5.00281,0.164881,6.44257,0.196476,-0.626712,225.72,0.982601,
41.4169,16.8504,-0.0510461,0.983374,0.162814,-0.0197841,-0.107264,0.702773,-3.98249,-4.8987,0.195695,6.34257,0.195947,-0.631474,227.002,0.979982,
41.4186,16.8504,-0.0486018,0.983337,0.162503,-0.0195502,-0.106821,0.702783,-3.95377,-4.79586,0.226465,6.24368,0.195416,-0.636251,228.282,0.977354,
41.4204,16.8504,-0.0461575,0.9833,0.162192,-0.0193202,-0.106374,0.702793,-3.92601,-4.69545,0.257154,6.14691,0.194882,-0.641056,229.556,0.974709,
41.4221,16.8504,-0.0437133,0.983262,0.16188,-0.0190901,-0.105927,0.702802,-3.89825,-4.59503,0.287842,6.05014,0.194348,-0.645861,230.83,0.972064,
41.4239,16.8504,-0.041269,0.983225,0.161568,-0.0188601,-0.10548,0.702812,-3.8705,-4.49461,0.318531,5.95336,0.193814,-0.650667,232.104,0.969419,
41.4256,16.8504,-0.0388247,0.983188,0.161257,-0.01863,-0.105033,0.702821,-3.84274,-4.39419,0.349219,5.85659,0.19328,-0.655472,233.378,0.966775,
41.4273,16.8504,-0.0363804,0.983151,0.160945,-0.0184,-0.104586,0.702831,-3.81498,-4.29378,0.379908,5.75981,0.192746,-0.660278,234.652,0.96413,
41.4291,16.8504,-0.0339362,0.983126,0.16071,-0.0181844,-0.104198,0.702841,-3.78056,-4.19561,0.404551,5.66515,0.192315,-0.66401,235.832,0.961991,
41.4308,16.8504,-0.0314919,0.983119,0.160584,-0.0179894,-0.103895,0.70285,-3.73659,-4.10066,0.420545,5.57352,0.19203,-0.666206,236.879,0.960576,
41.4326,16.8504,-0.0290476,0.983113,0.160459,-0.0177943,-0.103591,0.70286,-3.69263,-4.00571,0.436538,5.48189,0.191746,-0.668402,237.926,0.959161,
41.4343,16.8504,-0.0266033,0.983106,0.160333,-0.0175993,-0.103288,0.702869,-3.64866,-3.91076,0.452531,5.39026,0.191461,-0.670599,238.973,0.957746,
41.4361,16.8504,-0.0241591,0.983099,0.160208,-0.0174043,-0.102984,0.702879,-3.6047,-3.81581,0.468525,5.29863,0.191176,-0.672795,240.02,0.956331,
41.4378,16.8504,-0.0217148,0.983092,0.160082,-0.0172093,-0.102681,0.702888,-3.56073,-3.72086,0.484518,5.20699,0.190891,-0.674991,241.067,0.954916,
41.4396,16.8504,-0.0192705,0.983086,0.159956,-0.0170143,-0.102378,0.702898,-3.51677,-3.62592,0.500512,5.11536,0.190607,-0.677188,242.115,0.953501,
41.4413,16.8504,-0.0168262,0.983079,0.159831,-0.0168193,-0.102074,0.702908,-3.4728,-3.53097,0.516505,5.02373,0.190322,-0.679384,243.162,0.952087,
41.443,16.8504,-0.014382,0.983072,0.159705,-0.0166243,-0.101771,0.702917,-3.42883,-3.43602,0.532499,4.9321,0.190037,-0.681581,244.209,0.950672,
41.4448,16.8504,-0.0119377,0.983066,0.15958,-0.0164293,-0.101467,0.702927,-3.38487,-3.34107,0.548492,4.84047,0.189752,-0.683777,245.256,0.949257,
41.4465,16.8504,-0.00949341,0.983059,0.159454,-0.0162343,-0.101164,0.702936,-3.3409,-3.24612,0.564485,4.74883,0.189468,-0.685973,246.303,0.947842,
41.4483,16.8504,-0.00704914,0.983052,0.159328,-0.0160393,-0.10086,0.702946,-3.29694,-3.15117,0.580479,4.6572,0.189183,-0.68817,247.35,0.946427,
41.45,16.8504,-0.00460486,0.983045,0.159203,-0.0158443,-0.100557,0.702955,-3.25297,-3.05622,0.596472,4.56557,0.188898,-0.690366,248.397,0.945012,
41.4518,16.8504,-0.00216059,0.983039,0.159077,-0.0156493,-0.100254,0.702965,-3.20901,-2.96128,0.612466,4.47394,0.188613,-0.692562,249.444,0.943597,
41.4535,16.8504,0.000283685,0.983032,0.158952,-0.0154542,-0.0999502,0.702975,-3.16504,-2.86633,0.628459,4.38231,0.188329,-0.694759,250.491,0.942182,
41.4553,16.8504,0.00272796,0.983025,0.158826,-0.0152592,-0.0996468,0.702984,-3.12108,-2.77138,0.644453,4.29067,0.188044,-0.696955,251.538,0.940768,
41.457,16.8504,0.00517223,0.983019,0.158701,-0.0150642,-0.0993434,0.702994,-3.07711,-2.67643,0.660446,4.19904,0.187759,-0.699152,252.585,0.939353,
41.4587,16.8504,0.00761651,0.983012,0.158575,-0.0148692,-0.0990399,0.703003,-3.03315,-2.58148,0.676439,4.10741,0.187474,-0.701348,253.632,0.937938,
41.4605,16.8504,0.0100608,0.983005,0.158449,-0.0146742,-0.0987365,0.703013,-2.98918,-2.48653,0.692433,4.01578,0.18719,-0.703544,254.679,0.936523,
41.4622,16.8504,0.0125051,0.982998,0.158324,-0.0144792,-0.0984331,0.703022,-2.94522,-2.39158,0.708426,3.92415,0.186905,-0.705741,255.726,0.935108,
41.464,16.8504,0.0149493,0.982992,0.158198,-0.0142842,-0.0981297,0.703032,-2.90125,-2.29664,0.72442,3.83251,0.18662,-0.707937,256.773,0.933693,
41.4657,16.8504,0.0173936,0.982985,0.158073,-0.0140892,-0.0978263,0.703042,-2.85729,-2.20169,0.740413,3.74088,0.186335,-0.710133,257.82,0.932278,
41.4675,16.8504,0.0198379,0.982978,0.157947,-0.0138942,-0.0975228,0.703051,-2.81332,-2.10674,0.756407,3.64925,0.186051,-0.71233,258.867,0.930863,
41.4692,16.8504,0.0222822,0.982972,0.157821,-0.0136992,-0.0972194,0.703061,-2.76936,-2.01179,0.7724,3.55762,0.185766,-0.714526,259.914,0.929449,
41.471,16.8504,0.0247264,0.982965,0.157696,-0.0135042,-0.096916,0.70307,-2.72539,-1.91684,0.788393,3.46599,0.185481,-0.716722,260.961,0.928034,
41.4727,16.8504,0.0271707,0.982958,0.15757,-0.0133092,-0.0966126,0.70308,-2.68143,-1.82189,0.804387,3.37435,0.185197,-0.718919,262.008,0.926619,
41.4744,16.8504,0.029615,0.982952,0.157445,-0.0131141,-0.0963092,0.70309,-2.63746,-1.72695,0.82038,3.28272,0.184912,-0.721115,263.055,0.925204,
41.4762,16.8504,0.0320593,0.982945,0.157319,-0.0129191,-0.0960057,0.703099,-2.5935,-1.632,0.836374,3.19109,0.184627,-0.723311,264.102,0.923789,
41.4779,16.8504,0.0345035,0.982938,0.157193,-0.0127242,-0.0957022,0.703109,-2.54956,-1.53698,0.852295,3.10451,0.184344,-0.725468,265.15,0.922381,
41.4797,16.8504,0.0369478,0.982937,0.157123,-0.0125589,-0.0954436,0.703117,-2.50002,-1.44017,0.865757,3.03008,0.184136,-0.726953,266.188,0.921349,
41.4814,16.8504,0.0393921,0.98295,0.157173,-0.0124472,-0.0952838,0.703126,-2.43735,-1.3367,0.873974,2.98201,0.18409,-0.726959,267.238,0.921119,
41.4832,16.8504,0.0418364,0.982962,0.157222,-0.0123355,-0.0951242,0.703134,-2.37462,-1.23318,0.882178,2.93416,0.184045,-0.72696,268.29,0.920891,
41.4849,16.8504,0.0442806,0.982976,0.157274,-0.0122243,-0.0949659,0.703142,-2.31146,-1.12925,0.890266,2.88828,0.184003,-0.726929,269.35,0.920679,
41.4867,16.8504,0.0467249,0.982989,0.157326,-0.0121131,-0.0948075,0.70315,-2.24831,-1.02531,0.898354,2.84241,0.18396,-0.726897,270.41,0.920467,
41.4884,16.8504,0.0491692,0.983002,0.157378,-0.0120018,-0.0946492,0.703158,-2.18515,-0.921375,0.906442,2.79653,0.183918,-0.726865,271.47,0.920254,
41.4902,16.8504,0.0516135,0.983015,0.15743,-0.0118906,-0.0944909,0.703166,-2.122,-0.81744,0.914531,2.75065,0.183876,-0.726833,272.53,0.920042,
41.4919,16.8504,0.0540577,0.983029,0.157483,-0.0117794,-0.0943326,0.703175,-2.05884,-0.713505,0.922619,2.70477,0.183833,-0.726801,273.59,0.919829,
41.4936,16.8504,0.056502,0.983042,0.157535,-0.0116682,-0.0941742,0.703183,-1.99569,-0.60957,0.930707,2.65889,0.183791,-0.726769,274.65,0.919617,
41.4954,16.8504,0.0589463,0.983055,0.157587,-0.0115569,-0.0940159,0.703191,-1.93253,-0.505635,0.938795,2.61301,0.183749,-0.726738,275.71,0.919404,
41.4971,16.8504,0.0613906,0.983068,0.157639,-0.0114457,-0.0938576,0.703199,-1.86938,-0.4017,0.946883,2.56713,0.183707,-0.726706,276.77,0.919192,
41.4989,16.8504,0.0638348,0.983081,0.157691,-0.0113345,-0.0936993,0.703207,-1.80622,-0.297766,0.954972,2.52125,0.183664,-0.726674,277.83,0.918979,
41.5006,16.8504,0.0662791,0.983095,0.157743,-0.0112233,-0.093541,0.703216,-1.74307,-0.193831,0.96306,2.47537,0.183622,-0.726642,278.89,0.918767,
41.5024,16.8504,0.0687234,0.983108,0.157795,-0.011112,-0.0933826,0.703224,-1.67991,-0.0898956,0.971148,2.42949,0.18358,-0.72661,279.95,0.918554,
41.5041,16.8504,0.0711676,0.983121,0.157847,-0.0110008,-0.0932243,0.703232,-1.61676,0.0140393,0.979236,2.38362,0.183537,-0.726578,281.01,0.918342,
41.5059,16.8504,0.0736119,0.983134,0.157899,-0.0108896,-0.093066,0.70324,-1.5536,0.117974,0.987324,2.33774,0.183495,-0.726546,282.07,0.918129,
41.5076,16.8504,0.0760562,0.983148,0.157951,-0.0107783,-0.0929077,0.703249,-1.49044,0.221909,0.995413,2.29186,0.183453,-0.726515,283.13,0.917917,
41.5093,16.8504,0.0785005,0.983161,0.158003,-0.0106671,-0.0927493,0.703257,-1.42729,0.325844,1.0035,2.24598,0.18341,-0.726483,284.19,0.917704,
41.5111,16.8504,0.0809447,0.983174,0.158055,-0.0105559,-0.092591,0.703265,-1.36413,0.429779,1.01159,2.2001,0.183368,-0.726451,285.25,0.917492,
41.5128,16.8504,0.083389,0.983187,0.158107,-0.0104447,-0.0924327,0.703273,-1.30098,0.533714,1.01968,2.15422,0.183326,-0.726419,286.31,0.917279,
41.5146,16.8504,0.0858333,0.9832,0.15816,-0.0103334,-0.0922744,0.703281,-1.23782,0.637649,1.02777,2.10834,0.183284,-0.726387,287.37,0.917067,
41.5163,16.8504,0.0882776,0.983214,0.158212,-0.0102222,-0.092116,0.70329,-1.17467,0.741584,1.03585,2.06246,0.183241,-0.726355,288.43,0.916855,
41.5181,16.8504,0.0907218,0.983227,0.158264,-0.010111,-0.0919577,0.703298,-1.11151,0.845519,1.04394,2.01658,0.183199,-0.726324,289.49,0.916642,
41.5198,16.8504,0.0931661,0.98324,0.158316,-0.00999975,-0.0917994,0.703306,-1.04836,0.949454,1.05203,1.9707,0.183157,-0.726292,290.55,0.91643,
41.5216,16.8504,0.0956104,0.983253,0.158368,-0.00988853,-0.0916411,0.703314,-0.985202,1.05339,1.06012,1.92482,0.183114,-0.72626,291.61,0.916217,
41.5233,16.8504,0.0980547,0.983267,0.15842,-0.0097773,-0.0914828,0.703322,-0.922046,1.15732,1.06821,1.87895,0.183072,-0.726228,292.67,0.916005,
41.525,16.8504,0.100499,0.983285,0.158532,-0.00970421,-0.091376,0.70333,-0.858848,1.253,1.0725,1.87402,0.183112,-0.725452,293.74,0.916198,
41.5268,16.8504,0.102943,0.983313,0.158732,-0.00968707,-0.0913449,0.703338,-0.795589,1.33655,1.07121,1.93016,0.183271,-0.723583,294.825,0.916988,
41.5285,16.8504,0.105387,0.98334,0.158932,-0.00967018,-0.0913136,0.703345,-0.732402,1.42025,1.06989,2.00969,0.183431,-0.721708,295.911,0.917779,
41.5303,16.8504,0.107832,0.983367,0.159132,-0.0096533,-0.0912823,0.703352,-0.669214,1.50394,1.06858,2.08922,0.18359,-0.719832,296.998,0.91857,
41.532,16.8504,0.110276,0.983393,0.159326,-0.00963377,-0.0912466,0.703359,-0.606626,1.58783,1.06771,2.1625,0.183743,-0.718052,298.083,0.919324,
41.5338,16.8504,0.11272,0.983418,0.159514,-0.00961091,-0.0912053,0.703366,-0.544793,1.67198,1.0674,2.22791,0.183886,-0.716391,299.165,0.920031,
41.5355,16.8504,0.115165,0.983443,0.159701,-0.00958806,-0.0911641,0.703373,-0.48296,1.75612,1.06709,2.29332,0.184028,-0.71473,300.246,0.920739,
41.5373,16.8504,0.117609,0.983467,0.159889,-0.0095652,-0.0911228,0.703379,-0.421127,1.84027,1.06678,2.35873,0.184171,-0.713069,301.328,0.921446,
41.539,16.8504,0.120053,0.983492,0.160076,-0.00954234,-0.0910816,0.703386,-0.359294,1.92442,1.06647,2.42414,0.184314,-0.711408,302.41,0.922153,
41.5407,16.8504,0.122497,0.983517,0.160264,-0.00951949,-0.0910404,0.703393,-0.297462,2.00856,1.06617,2.48956,0.184457,-0.709747,303.492,0.922861,
41.5425,16.8504,0.124942,0.983542,0.160451,-0.00949663,-0.0909991,0.703399,-0.235629,2.09271,1.06586,2.55497,0.1846,-0.708087,304.574,0.923568,
41.5442,16.8504,0.127386,0.983567,0.160639,-0.00947378,-0.0909579,0.703406,-0.173796,2.17685,1.06555,2.62038,0.184743,-0.706426,305.656,0.924275,
41.546,16.8504,0.12983,0.983591,0.160826,-0.00945092,-0.0909166,0.703413,-0.111963,2.261,1.06524,2.68579,0.184885,-0.704765,306.737,0.924983,
41.5477,16.8504,0.132275,0.983616,0.161014,-0.00942807,-0.0908754,0.703419,-0.0501299,2.34515,1.06493,2.7512,0.185028,-0.703104,307.819,0.92569,
41.5495,16.8504,0.134719,0.983641,0.161201,-0.00940521,-0.0908341,0.703426,0.0117031,2.42929,1.06462,2.81661,0.185171,-0.701443,308.901,0.926398,
41.5512,16.8504,0.137163,0.983666,0.161389,-0.00938236,-0.0907929,0.703433,0.073536,2.51344,1.06432,2.88202,0.185314,-0.699782,309.983,0.927105,
41.553,16.8504,0.139607,0.983691,0.161576,-0.0093595,-0.0907516,0.703439,0.135369,2.59758,1.06401,2.94743,0.185457,-0.698122,311.065,0.927812,
41.5547,16.8504,0.142052,0.983715,0.161764,-0.00933664,-0.0907104,0.703446,0.197202,2.68173,1.0637,3.01285,0.1856,-0.696461,312.147,0.92852,
41.5564,16.8504,0.144496,0.98374,0.161951,-0.00931379,-0.0906691,0.703453,0.259035,2.76588,1.06339,3.07826,0.185742,-0.6948,313.228,0.929227,
41.5582,16.8504,0.14694,0.983765,0.162139,-0.00929093,-0.0906279,0.703459,0.320868,2.85002,1.06308,3.14367,0.185885,-0.693139,314.31,0.929935,
41.5599,16.8504,0.149384,0.98379,0.162326,-0.00926808,-0.0905867,0.703466,0.382701,2.93417,1.06277,3.20908,0.186028,-0.691478,315.392,0.930642,
41.5617,16.8504,0.151829,0.983814,0.162514,-0.00924522,-0.0905454,0.703473,0.444533,3.01832,1.06247,3.27449,0.186171,-0.689818,316.474,0.931349,
41.5634,16.8504,0.154273,0.983839,0.162701,-0.00922237,-0.0905042,0.703479,0.506366,3.10246,1.06216,3.3399,0.186314,-0.688157,317.556,0.932057,
41.5652,16.8504,0.156717,0.983865,0.162898,-0.00920734,-0.0904709,0.703486,0.567625,3.18427,1.06125,3.40562,0.186469,-0.686366,318.613,0.932825,
41.5669,16.8504,0.159162,0.9839,0.163181,-0.00926994,-0.0905161,0.703494,0.623191,3.24291,1.05437,3.47437,0.186745,-0.683286,319.424,0.934194,
41.5687,16.8504,0.161606,0.983935,0.163465,-0.00933254,-0.0905614,0.703503,0.678756,3.30154,1.0475,3.54312,0.187021,-0.680206,320.236,0.935564,
41.5704,16.8504,0.16405,0.98397,0.163748,-0.00939514,-0.0906067,0.703511,0.734321,3.36017,1.04063,3.61187,0.187297,-0.677126,321.047,0.936933,
41.5721,16.8504,0.166494,0.984005,0.164032,-0.00945775,-0.0906519,0.70352,0.789886,3.41881,1.03375,3.68062,0.187573,-0.674046,321.859,0.938303,
41.5739,16.8504,0.168939,0.98404,0.164316,-0.00952035,-0.0906972,0.703528,0.845451,3.47744,1.02688,3.74937,0.187849,-0.670966,322.67,0.939672,
41.5756,16.8504,0.171383,0.984076,0.164599,-0.00958295,-0.0907424,0.703536,0.901017,3.53607,1.02,3.81812,0.188125,-0.667886,323.482,0.941042,
41.5774,16.8504,0.173827,0.98411,0.164879,-0.00964302,-0.0907851,0.703545,0.95648,3.59529,1.01338,3.88708,0.188397,-0.664874,324.303,0.942389,
41.5791,16.8504,0.176271,0.984143,0.165151,-0.00969598,-0.0908206,0.703552,1.01166,3.65616,1.00745,3.95666,0.188656,-0.662051,325.15,0.943674,
41.5809,16.8504,0.178716,0.984175,0.165422,-0.00974895,-0.0908561,0.70356,1.06684,3.71702,1.00152,4.02623,0.188915,-0.659228,325.997,0.944959,
41.5826,16.8504,0.18116,0.984208,0.165694,-0.00980191,-0.0908916,0.703567,1.12202,3.77788,0.995596,4.0958,0.189174,-0.656405,326.845,0.946243,
41.5844,16.8504,0.183604,0.98424,0.165965,-0.00985488,-0.090927,0.703575,1.1772,3.83875,0.989669,4.16538,0.189433,-0.653582,327.692,0.947528,
41.5861,16.8504,0.186049,0.984273,0.166237,-0.00990784,-0.0909625,0.703582,1.23238,3.89961,0.983742,4.23495,0.189692,-0.650758,328.539,0.948813,
41.5878,16.8504,0.188493,0.984305,0.166508,-0.00996081,-0.090998,0.70359,1.28756,3.96047,0.977815,4.30452,0.189951,-0.647935,329.386,0.950098,
41.5896,16.8504,0.190937,0.984338,0.16678,-0.0100138,-0.0910335,0.703597,1.34274,4.02134,0.971888,4.3741,0.19021,-0.645112,330.234,0.951383,
41.5913,16.8504,0.193381,0.98437,0.167051,-0.0100667,-0.0910689,0.703605,1.39792,4.0822,0.96596,4.44367,0.190469,-0.642289,331.081,0.952668,
41.5931,16.8504,0.195826,0.984403,0.167323,-0.0101197,-0.0911044,0.703612,1.4531,4.14306,0.960033,4.51324,0.190727,-0.639466,331.928,0.953952,
41.5948,16.8504,0.19827,0.984435,0.167594,-0.0101727,-0.0911399,0.70362,1.50829,4.20393,0.954106,4.58282,0.190986,-0.636643,332.776,0.955237,
41.5966,16.8504,0.200714,0.984468,0.167865,-0.0102256,-0.0911754,0.703627,1.56347,4.26479,0.948179,4.65239,0.191245,-0.63382,333.623,0.956522,
41.5983,16.8504,0.203158,0.9845,0.168137,-0.0102786,-0.0912109,0.703635,1.61865,4.32563,0.942253,4.72108,0.191504,-0.631,334.47,0.957807,
41.6001,16.8504,0.205603,0.984533,0.168408,-0.0103316,-0.0912464,0.703642,1.67384,4.38644,0.936276,4.7903,0.191763,-0.628171,335.317,0.959093,
41.6018,16.8504,0.208047,0.984566,0.168685,-0.0103905,-0.0912868,0.70365,1.72917,4.44692,0.930119,4.86134,0.19203,-0.625247,336.109,0.960416,
41.6035,16.8504,0.210491,0.984605,0.169018,-0.0105159,-0.0913827,0.703658,1.78604,4.50346,0.922275,4.93443,0.19238,-0.621351,336.275,0.96215,
41.6053,16.8504,0.212936,0.984644,0.169351,-0.0106414,-0.0914785,0.703667,1.84291,4.56,0.914431,5.00751,0.192729,-0.617456,336.44,0.963884,
41.607,16.8504,0.21538,0.984683,0.169685,-0.0107668,-0.0915744,0.703675,1.89977,4.61654,0.906587,5.0806,0.193079,-0.61356,336.605,0.965618,
41.6088,16.8504,0.217824,0.984722,0.170018,-0.0108923,-0.0916702,0.703683,1.95664,4.67308,0.898744,5.15369,0.193428,-0.609665,336.771,0.967352,
41.6105,16.8504,0.220268,0.984761,0.170351,-0.0110177,-0.0917661,0.703692,2.01351,4.72962,0.8909,5.22678,0.193778,-0.605769,336.936,0.969086,
41.6123,16.8504,0.222713,0.9848,0.170685,-0.0111432,-0.0918619,0.7037,2.07038,4.78616,0.883056,5.29986,0.194127,-0.601874,337.101,0.97082,
41.614,16.8504,0.225157,0.984839,0.171018,-0.0112686,-0.0919578,0.703709,2.12725,4.8427,0.875212,5.37295,0.194477,-0.597978,337.267,0.972554,
41.6158,16.8504,0.227601,0.984879,0.171351,-0.011394,-0.0920536,0.703717,2.18412,4.89924,0.867368,5.44604,0.194826,-0.594083,337.432,0.974288,
41.6175,16.8504,0.230045,0.984918,0.171684,-0.0115194,-0.0921495,0.703725,2.24099,4.95579,0.859527,5.51914,0.195176,-0.590188,337.598,0.976022,
41.6192,16.8504,0.23249,0.984955,0.17201,-0.0116364,-0.0922397,0.703733,2.29929,5.01581,0.852167,5.59541,0.195514,-0.586509,337.892,0.977699,
41.621,16.8504,0.234934,0.984992,0.172336,-0.0117533,-0.0923299,0.703741,2.3576,5.07584,0.844807,5.67168,0.195852,-0.582829,338.187,0.979376,
41.6227,16.8504,0.237378,0.985029,0.172662,-0.0118702,-0.0924201,0.703748,2.4159,5.13586,0.837448,5.74795,0.19619,-0.57915,338.481,0.981053,
41.6245,16.8504,0.239823,0.985066,0.172987,-0.0119871,-0.0925103,0.703756,2.4742,5.19588,0.830088,5.82422,0.196528,-0.57547,338.775,0.982731,
41.6262,16.8504,0.242267,0.985103,0.173313,-0.012104,-0.0926005,0.703763,2.53251,5.2559,0.822728,5.9005,0.196866,-0.57179,339.069,0.984408,
41.628,16.8504,0.244711,0.98514,0.173639,-0.0122209,-0.0926907,0.703771,2.59081,5.31593,0.815369,5.97677,0.197204,-0.568111,339.363,0.986085,
41.6297,16.8504,0.247155,0.985177,0.173965,-0.0123378,-0.0927809,0.703779,2.64911,5.37595,0.808009,6.05304,0.197542,-0.564431,339.658,0.987763,
41.6315,16.8504,0.2496,0.985214,0.17429,-0.0124548,-0.0928711,0.703786,2.70742,5.43597,0.800649,6.12931,0.19788,-0.560752,339.952,0.98944,
41.6332,16.8504,0.252044,0.985252,0.174616,-0.0125717,-0.0929613,0.703794,2.76572,5.496,0.793289,6.20558,0.198218,-0.557072,340.246,0.991117,
41.6349,16.8504,0.254488,0.98529,0.174949,-0.0126961,-0.093059,0.703802,2.81618,5.54363,0.785047,6.26748,0.198566,-0.55326,340.437,0.992846,
41.6367,16.8504,0.256933,0.985337,0.175345,-0.0128888,-0.0932241,0.703812,2.79598,5.47953,0.76896,6.1999,0.19901,-0.548228,339.685,0.995049,
41.6384,16.8504,0.259377,0.985384,0.17574,-0.0130805,-0.0933879,0.703822,2.77895,5.4202,0.753543,6.13828,0.199453,-0.543165,338.946,0.997244,
41.6402,16.8504,0.261821,0.985431,0.176135,-0.0132723,-0.0935517,0.703832,2.76191,5.36088,0.738126,6.07665,0.199895,-0.538101,338.208,0.99944,
41.6419,16.8504,0.264265,0.985478,0.17653,-0.013464,-0.0937156,0.703842,2.74487,5.30155,0.72271,6.01503,0.200338,-0.533037,337.469,1.00164,
41.6437,16.8504,0.26671,0.985525,0.176926,-0.0136558,-0.0938794,0.703852,2.72783,5.24223,0.707293,5.9534,0.20078,-0.527974,336.731,1.00383,
41.6454,16.8504,0.269154,0.985572,0.177321,-0.0138475,-0.0940432,0.703862,2.71079,5.1829,0.691876,5.89178,0.201223,-0.52291,335.992,1.00603,
41.6472,16.8504,0.271598,0.985619,0.177716,-0.0140393,-0.094207,0.703872,2.69375,5.12358,0.67646,5.83015,0.201666,-0.517847,335.253,1.00822,
41.6489,16.8504,0.274042,0.985666,0.178111,-0.014231,-0.0943708,0.703883,2.67671,5.06425,0.661043,5.76853,0.202108,-0.512783,334.515,1.01042,
41.6507,16.8504,0.276487,0.985713,0.178506,-0.0144228,-0.0945347,0.703893,2.65968,5.00493,0.645626,5.7069,0.202551,-0.507719,333.776,1.01261,
41.6524,16.8504,0.278931,0.985759,0.178899,-0.0146116,-0.0946971,0.703902,2.65013,4.95625,0.631419,5.65818,0.20299,-0.502747,333.113,1.01479,
41.6541,16.8504,0.281375,0.985804,0.179291,-0.014796,-0.0948574,0.703911,2.65193,4.92372,0.619046,5.62903,0.203425,-0.497911,332.565,1.01695,
41.6559,16.8504,0.28382,0.985848,0.179682,-0.0149805,-0.0950177,0.70392,2.65373,4.89118,0.606673,5.59987,0.203861,-0.493076,332.016,1.01911,
41.6576,16.8504,0.286264,0.985893,0.180073,-0.0151649,-0.0951779,0.703929,2.65554,4.85864,0.5943,5.57072,0.204296,-0.488241,331.467,1.02127,
41.6594,16.8504,0.288708,0.985938,0.180464,-0.0153493,-0.0953382,0.703938,2.65734,4.82611,0.581927,5.54156,0.204731,-0.483406,330.919,1.02343,
41.6611,16.8504,0.291152,0.985982,0.180856,-0.0155337,-0.0954985,0.703946,2.65915,4.79357,0.569554,5.5124,0.205166,-0.47857,330.37,1.02559,
41.6629,16.8504,0.293597,0.986027,0.181247,-0.0157181,-0.0956588,0.703955,2.66095,4.76103,0.557181,5.48325,0.205601,-0.473735,329.822,1.02775,
41.6646,16.8504,0.296041,0.986072,0.181638,-0.0159025,-0.0958191,0.703964,2.66276,4.7285,0.544808,5.45409,0.206036,-0.4689,329.273,1.02991,
41.6664,16.8504,0.298485,0.986105,0.181937,-0.0160523,-0.0959076,0.703967,2.64793,4.69323,0.541221,5.41587,0.206356,-0.465409,328.218,1.03149,
41.6681,16.8504,0.300929,0.986137,0.182228,-0.0161988,-0.0959893,0.70397,2.63151,4.6577,0.538477,5.37678,0.206664,-0.462046,327.113,1.03302,
41.6698,16.8504,0.303374,0.986169,0.182518,-0.0163454,-0.096071,0.703973,2.61509,4.62216,0.535733,5.33769,0.206973,-0.458683,326.009,1.03455,
41.6716,16.8504,0.305818,0.9862,0.182808,-0.0164919,-0.0961526,0.703976,2.59866,4.58663,0.532989,5.29861,0.207282,-0.455321,324.905,1.03607,
41.6733,16.8504,0.308262,0.986232,0.183099,-0.0166384,-0.0962343,0.703978,2.58224,4.5511,0.530245,5.25952,0.207591,-0.451958,323.801,1.0376,
41.6751,16.8504,0.310707,0.986264,0.183389,-0.0167849,-0.096316,0.703981,2.56582,4.51557,0.527501,5.22043,0.207899,-0.448595,322.696,1.03913,
41.6768,16.8504,0.313151,0.986296,0.18368,-0.0169314,-0.0963977,0.703984,2.5494,4.48003,0.524757,5.18134,0.208208,-0.445233,321.592,1.04066,
41.6786,16.8504,0.315595,0.986328,0.18397,-0.0170779,-0.0964793,0.703986,2.53298,4.4445,0.522013,5.14225,0.208517,-0.44187,320.488,1.04219,
41.6803,16.8504,0.318039,0.98636,0.18426,-0.0172245,-0.096561,0.703989,2.51656,4.40897,0.519269,5.10316,0.208825,-0.438507,319.383,1.04372,
41.6821,16.8504,0.320484,0.986392,0.184551,-0.017371,-0.0966427,0.703992,2.50013,4.37344,0.516525,5.06407,0.209134,-0.435145,318.279,1.04524,
41.6838,16.8504,0.322928,0.986424,0.184841,-0.0175175,-0.0967244,0.703994,2.48371,4.33791,0.513781,5.02498,0.209443,-0.431782,317.175,1.04677,
41.6855,16.8504,0.325372,0.986456,0.185131,-0.0176642,-0.0968062,0.703997,2.46658,4.30134,0.510813,4.98463,0.209752,-0.428417,316.07,1.0483,
41.6873,16.8504,0.327816,0.986491,0.185423,-0.0178129,-0.0968878,0.704002,2.44221,4.2561,0.505067,4.93294,0.210062,-0.424893,314.969,1.04984,
41.689,16.8504,0.330261,0.986527,0.185709,-0.0179584,-0.0969609,0.704009,2.41579,4.20833,0.499814,4.8781,0.210364,-0.421337,313.812,1.05133,
41.6908,16.8504,0.332705,0.986563,0.185995,-0.018104,-0.0970339,0.704015,2.38936,4.16055,0.494562,4.82326,0.210666,-0.417782,312.655,1.05283,
41.6925,16.8504,0.335149,0.986599,0.18628,-0.0182496,-0.097107,0.704022,2.36294,4.11277,0.489309,4.76842,0.210968,-0.414227,311.498,1.05432,
41.6943,16.8504,0.337594,0.986635,0.186566,-0.0183952,-0.09718,0.704028,2.33651,4.065,0.484056,4.71358,0.21127,-0.410672,310.341,1.05581,
41.696,16.8504,0.340038,0.986671,0.186851,-0.0185407,-0.097253,0.704035,2.31009,4.01722,0.478803,4.65874,0.211571,-0.407117,309.184,1.05731,
41.6978,16.8504,0.342482,0.986707,0.187137,-0.0186863,-0.0973261,0.704041,2.28366,3.96945,0.47355,4.6039,0.211873,-0.403561,308.027,1.0588,
41.6995,16.8504,0.344926,0.986743,0.187423,-0.0188319,-0.0973991,0.704048,2.25723,3.92167,0.468297,4.54906,0.212175,-0.400006,306.87,1.0603,
41.7012,16.8504,0.347371,0.98678,0.18768,-0.0189621,-0.0974517,0.704059,2.23864,3.8899,0.46469,4.51208,0.212442,-0.39659,305.641,1.06162,
41.703,16.8504,0.349815,0.986819,0.187922,-0.0190835,-0.0974926,0.704072,2.22459,3.86739,0.462034,4.48542,0.212687,-0.393254,304.371,1.06283,
41.7047,16.8504,0.352259,0.986858,0.188164,-0.0192048,-0.0975334,0.704086,2.21053,3.84488,0.459378,4.45877,0.212933,-0.389918,303.101,1.06405,
41.7065,16.8504,0.354704,0.986897,0.188405,-0.0193262,-0.0975742,0.704099,2.19647,3.82236,0.456722,4.43211,0.213179,-0.386582,301.83,1.06527,
41.7082,16.8504,0.357148,0.986936,0.188647,-0.0194475,-0.0976151,0.704112,2.18241,3.79985,0.454066,4.40545,0.213425,-0.383246,300.56,1.06648,
41.71,16.8504,0.359592,0.986975,0.188888,-0.0195689,-0.0976559,0.704126,2.16835,3.77734,0.45141,4.3788,0.21367,-0.37991,299.29,1.0677,
41.7117,16.8504,0.362036,0.987014,0.18913,-0.0196902,-0.0976967,0.704139,2.15429,3.75482,0.448754,4.35214,0.213916,-0.376574,298.02,1.06892,
41.7135,16.8504,0.364481,0.987052,0.189372,-0.0198116,-0.0977375,0.704152,2.14023,3.73231,0.446098,4.32548,0.214162,-0.373238,296.75,1.07014,
41.7152,16.8504,0.366925,0.987091,0.189613,-0.019933,-0.0977784,0.704166,2.12617,3.7098,0.443442,4.29883,0.214408,-0.369902,295.479,1.07135,
41.7169,16.8504,0.369369,0.98713,0.189855,-0.0200543,-0.0978192,0.704179,2.11211,3.68729,0.440786,4.27217,0.214653,-0.366566,294.209,1.07257,
41.7187,16.8504,0.371813,0.987169,0.190096,-0.0201757,-0.09786,0.704192,2.09805,3.66477,0.43813,4.24551,0.214899,-0.36323,292.939,1.07379,
41.7204,16.8504,0.374258,0.987208,0.190338,-0.020297,-0.0979009,0.704206,2.08399,3.64226,0.435474,4.21886,0.215145,-0.359894,291.669,1.07501,
41.7222,16.8504,0.376702,0.987247,0.19058,-0.0204184,-0.0979417,0.704219,2.06993,3.61975,0.432818,4.1922,0.215391,-0.356558,290.398,1.07622,
41.7239,16.8504,0.379146,0.987286,0.190821,-0.0205399,-0.0979818,0.704233,2.05643,3.59869,0.429924,4.16705,0.215636,-0.353178,289.136,1.07744,
41.7257,16.8504,0.381591,0.987327,0.191061,-0.0206615,-0.0980208,0.704248,2.04375,3.57976,0.42668,4.14412,0.215881,-0.349708,287.884,1.07865,
41.7274,16.8504,0.384035,0.987368,0.191301,-0.0207829,-0.0980593,0.704263,2.03018,3.55944,0.423169,4.11951,0.216125,-0.34627,286.628,1.07986,
41.7292,16.8504,0.386479,0.987406,0.191538,-0.0209033,-0.0980964,0.704277,2.01384,3.5348,0.418835,4.08972,0.216367,-0.34293,285.361,1.08105,
41.7309,16.8504,0.388923,0.987444,0.191776,-0.0210236,-0.0981334,0.70429,1.9975,3.51015,0.4145,4.05994,0.216608,-0.339589,284.093,1.08225,
41.7326,16.8504,0.391368,0.987483,0.192014,-0.021144,-0.0981705,0.704304,1.98116,3.48551,0.410165,4.03016,0.216849,-0.336249,282.826,1.08345,
41.7344,16.8504,0.393812,0.987521,0.192251,-0.0212644,-0.0982075,0.704317,1.96483,3.46086,0.40583,4.00037,0.217091,-0.332909,281.558,1.08464,
41.7361,16.8504,0.396256,0.987559,0.192489,-0.0213847,-0.0982446,0.704331,1.94849,3.43622,0.401496,3.97059,0.217332,-0.329569,280.291,1.08584,
41.7379,16.8504,0.3987,0.987598,0.192726,-0.0215051,-0.0982816,0.704344,1.93215,3.41158,0.397161,3.9408,0.217573,-0.326228,279.023,1.08703,
41.7396,16.8504,0.401145,0.987636,0.192964,-0.0216254,-0.0983187,0.704358,1.91581,3.38693,0.392826,3.91102,0.217815,-0.322888,277.756,1.08823,
41.7414,16.8504,0.403589,0.987674,0.193201,-0.0217458,-0.0983557,0.704371,1.89948,3.36229,0.388492,3.88123,0.218056,-0.319548,276.488,1.08942,
41.7431,16.8504,0.406033,0.987712,0.193439,-0.0218659,-0.0983926,0.704384,1.88294,3.33734,0.384106,3.85109,0.218297,-0.316217,275.22,1.09062,
41.7449,16.8504,0.408478,0.987735,0.193618,-0.021953,-0.0983991,0.70439,1.85209,3.29064,0.378384,3.79502,0.218471,-0.314003,273.839,1.09148,
41.7466,16.8504,0.410922,0.987757,0.193779,-0.022029,-0.0983995,0.704396,1.82034,3.24149,0.373365,3.73651,0.218623,-0.311992,272.494,1.09223,
41.7483,16.8504,0.413366,0.987778,0.19394,-0.022105,-0.0984,0.704402,1.78859,3.19234,0.368347,3.67799,0.218776,-0.309981,271.149,1.09298,
41.7501,16.8504,0.41581,0.9878,0.1941,-0.022181,-0.0984004,0.704408,1.75684,3.14318,0.363328,3.61947,0.218928,-0.30797,269.804,1.09374,
41.7518,16.8504,0.418255,0.987821,0.194261,-0.0222571,-0.0984008,0.704414,1.72509,3.09403,0.35831,3.56095,0.21908,-0.305959,268.459,1.09449,
41.7536,16.8504,0.420699,0.987843,0.194421,-0.0223331,-0.0984012,0.70442,1.69333,3.04488,0.353291,3.50243,0.219233,-0.303948,267.114,1.09525,
41.7553,16.8504,0.423143,0.987864,0.194582,-0.0224091,-0.0984016,0.704426,1.66158,2.99572,0.348273,3.44391,0.219385,-0.301937,265.769,1.096,
41.7571,16.8504,0.425587,0.987886,0.194742,-0.0224851,-0.098402,0.704432,1.62983,2.94657,0.343254,3.38539,0.219538,-0.299927,264.423,1.09675,
41.7588,16.8504,0.428032,0.987907,0.194903,-0.0225611,-0.0984024,0.704438,1.59808,2.89742,0.338236,3.32687,0.21969,-0.297916,263.078,1.09751,
41.7606,16.8504,0.430476,0.987929,0.195063,-0.0226371,-0.0984029,0.704444,1.56633,2.84826,0.333217,3.26835,0.219842,-0.295905,261.733,1.09826,
41.7623,16.8504,0.43292,0.98795,0.195224,-0.0227131,-0.0984033,0.70445,1.53458,2.79911,0.328199,3.20983,0.219995,-0.293894,260.388,1.09902,
41.764,16.8504,0.435365,0.987972,0.195385,-0.0227891,-0.0984037,0.704456,1.50283,2.74996,0.32318,3.15131,0.220147,-0.291883,259.043,1.09977,
41.7658,16.8504,0.437809,0.987993,0.195545,-0.0228651,-0.0984041,0.704462,1.47108,2.7008,0.318162,3.09279,0.2203,-0.289872,257.698,1.10052,
41.7675,16.8504,0.440253,0.988015,0.195706,-0.0229412,-0.0984045,0.704468,1.43933,2.65165,0.313143,3.03427,0.220452,-0.287861,256.353,1.10128,
41.7693,16.8504,0.442697,0.988037,0.195866,-0.0230172,-0.0984049,0.704474,1.40758,2.6025,0.308125,2.97575,0.220604,-0.285851,255.008,1.10203,
41.771,16.8504,0.445142,0.988058,0.196027,-0.0230932,-0.0984053,0.70448,1.37582,2.55334,0.303106,2.91723,0.220757,-0.28384,253.663,1.10279,
41.7728,16.8504,0.447586,0.98808,0.196187,-0.0231692,-0.0984058,0.704486,1.34407,2.50419,0.298088,2.85871,0.220909,-0.281829,252.318,1.10354,
41.7745,16.8504,0.45003,0.988101,0.196348,-0.0232452,-0.0984062,0.704492,1.31232,2.45504,0.293069,2.80019,0.221062,-0.279818,250.973,1.10429,
41.7763,16.8504,0.452475,0.988123,0.196508,-0.0233212,-0.0984066,0.704498,1.28057,2.40588,0.288051,2.74168,0.221214,-0.277807,249.628,1.10505,
41.778,16.8504,0.454919,0.988144,0.196669,-0.0233972,-0.098407,0.704504,1.24882,2.35673,0.283032,2.68316,0.221366,-0.275796,248.283,1.1058,
41.7798,16.8504,0.457363,0.988166,0.19683,-0.0234732,-0.0984074,0.704511,1.21707,2.30758,0.278014,2.62464,0.221519,-0.273785,246.938,1.10656,
41.7815,16.8504,0.459807,0.988187,0.19699,-0.0235492,-0.0984078,0.704517,1.18532,2.25842,0.272995,2.56612,0.221671,-0.271775,245.593,1.10731,
41.7832,16.8504,0.462252,0.988209,0.197151,-0.0236253,-0.0984082,0.704523,1.15357,2.20927,0.267977,2.5076,0.221824,-0.269764,244.248,1.10806,
41.785,16.8504,0.464696,0.98823,0.197311,-0.0237013,-0.0984087,0.704529,1.12182,2.16012,0.262958,2.44908,0.221976,-0.267753,242.903,1.10882,
41.7867,16.8504,0.46714,0.988252,0.197472,-0.0237773,-0.0984091,0.704535,1.09007,2.11096,0.25794,2.39056,0.222128,-0.265742,241.558,1.10957,
41.7885,16.8504,0.469584,0.988273,0.197632,-0.0238533,-0.0984095,0.704541,1.05831,2.06181,0.252921,2.33204,0.222281,-0.263731,240.213,1.11033,
41.7902,16.8504,0.472029,0.988295,0.197793,-0.0239293,-0.0984099,0.704547,1.02656,2.01266,0.247903,2.27352,0.222433,-0.26172,238.868,1.11108,
41.792,16.8504,0.474473,0.988316,0.197953,-0.0240053,-0.0984103,0.704553,0.994812,1.96351,0.242884,2.215,0.222586,-0.259709,237.523,1.11183,
41.7937,16.8504,0.476917,0.988338,0.198114,-0.0240813,-0.0984107,0.704559,0.963061,1.91435,0.237866,2.15648,0.222738,-0.257699,236.178,1.11259,
41.7955,16.8504,0.479362,0.988359,0.198275,-0.0241573,-0.0984111,0.704565,0.93131,1.8652,0.232847,2.09796,0.22289,-0.255688,234.833,1.11334,
41.7972,16.8504,0.481806,0.988381,0.198386,-0.0242032,-0.0983847,0.704576,0.896708,1.81117,0.22903,2.03439,0.222984,-0.254061,233.54,1.11381,
41.7989,16.8504,0.48425,0.988404,0.198487,-0.0242421,-0.098352,0.704588,0.861443,1.75602,0.225492,1.96965,0.223065,-0.252523,232.26,1.11421,
41.8007,16.8504,0.486694,0.988426,0.198587,-0.0242809,-0.0983192,0.7046,0.826177,1.70086,0.221954,1.90491,0.223145,-0.250986,230.98,1.1146,
41.8024,16.8504,0.489139,0.988449,0.198688,-0.0243198,-0.0982865,0.704612,0.790912,1.6457,0.218415,1.84017,0.223226,-0.249448,229.7,1.115,
41.8042,16.8504,0.491583,0.988471,0.198788,-0.0243586,-0.0982538,0.704624,0.755647,1.59055,0.214877,1.77543,0.223306,-0.247911,228.42,1.1154,
41.8059,16.8504,0.494027,0.988491,0.198873,-0.0243868,-0.09821,0.704635,0.720396,1.53731,0.211437,1.71358,0.223366,-0.246656,227.135,1.1157,
41.8077,16.8504,0.496471,0.988506,0.198934,-0.0243996,-0.0981501,0.704645,0.685165,1.48683,0.208139,1.65592,0.223397,-0.245809,225.845,1.11585,
41.8094,16.8504,0.498916,0.988522,0.198996,-0.0244124,-0.0980901,0.704655,0.649935,1.43636,0.204841,1.59825,0.223427,-0.244962,224.554,1.116,
41.8112,16.8504,0.50136,0.988537,0.199058,-0.0244252,-0.0980302,0.704664,0.614704,1.38588,0.201543,1.54058,0.223458,-0.244115,223.263,1.11615,
41.8129,16.8504,0.503804,0.988553,0.19912,-0.024438,-0.0979703,0.704674,0.579474,1.33541,0.198245,1.48291,0.223488,-0.243268,221.973,1.1163,
41.8146,16.8504,0.506249,0.988568,0.199181,-0.0244508,-0.0979104,0.704684,0.544243,1.28493,0.194946,1.42525,0.223519,-0.242421,220.682,1.11646,
41.8164,16.8504,0.508693,0.988583,0.199243,-0.0244636,-0.0978505,0.704693,0.509013,1.23446,0.191648,1.36758,0.223549,-0.241574,219.391,1.11661,
41.8181,16.8504,0.511137,0.988599,0.199305,-0.0244764,-0.0977906,0.704703,0.473782,1.18398,0.18835,1.30991,0.22358,-0.240728,218.101,1.11676,
41.8199,16.8504,0.513581,0.988616,0.199376,-0.0244943,-0.0977342,0.704713,0.436901,1.13034,0.185016,1.24782,0.22362,-0.239744,216.799,1.11696,
41.8216,16.8504,0.516026,0.988633,0.199448,-0.0245132,-0.0976784,0.704723,0.399711,1.0761,0.181674,1.18489,0.223663,-0.238736,215.495,1.11717,
41.8234,16.8504,0.51847,0.98865,0.19952,-0.024532,-0.0976226,0.704734,0.362522,1.02186,0.178333,1.12197,0.223706,-0.237728,214.191,1.11738,
41.8251,16.8504,0.520914,0.988667,0.199592,-0.0245508,-0.0975668,0.704744,0.325332,0.967622,0.174992,1.05905,0.223748,-0.236719,212.888,1.11759,
41.8269,16.8504,0.523358,0.988684,0.199665,-0.0245697,-0.0975111,0.704754,0.288142,0.913384,0.17165,0.996129,0.223791,-0.235711,211.584,1.11781,
41.8286,16.8504,0.525803,0.988701,0.199737,-0.0245885,-0.0974553,0.704764,0.250953,0.859145,0.168309,0.933207,0.223833,-0.234702,210.28,1.11802,
41.8303,16.8504,0.528247,0.988718,0.199809,-0.0246073,-0.0973995,0.704774,0.213763,0.804907,0.164968,0.870285,0.223876,-0.233694,208.977,1.11823,
41.8321,16.8504,0.530691,0.988735,0.199882,-0.0246262,-0.0973437,0.704784,0.176573,0.750668,0.161627,0.807364,0.223919,-0.232685,207.673,1.11844,
41.8338,16.8504,0.533136,0.988752,0.199954,-0.024645,-0.097288,0.704795,0.139383,0.696429,0.158285,0.744442,0.223961,-0.231677,206.369,1.11865,
41.8356,16.8504,0.53558,0.988769,0.200026,-0.0246639,-0.0972322,0.704805,0.102194,0.642191,0.154944,0.68152,0.224004,-0.230668,205.066,1.11886,
41.8373,16.8504,0.538024,0.988781,0.200067,-0.0246645,-0.0971575,0.704814,0.0701077,0.597354,0.152065,0.643414,0.224008,-0.230161,203.819,1.11888,
41.8391,16.8504,0.540468,0.988792,0.2001,-0.0246603,-0.0970777,0.704822,0.0393936,0.555044,0.14931,0.611978,0.224002,-0.229788,202.587,1.11885,
41.8408,16.8504,0.542913,0.988802,0.200133,-0.0246561,-0.0969979,0.704831,0.00867956,0.512734,0.146554,0.580543,0.223995,-0.229415,201.355,1.11882,
41.8426,16.8504,0.545357,0.988813,0.200165,-0.0246519,-0.0969182,0.704839,-0.0220345,0.470423,0.143799,0.549107,0.223989,-0.229042,200.123,1.11879,
41.8443,16.8504,0.547801,0.988824,0.200198,-0.0246477,-0.0968384,0.704848,-0.0527486,0.428113,0.141044,0.517671,0.223983,-0.228669,198.891,1.11876,
41.846,16.8504,0.550245,0.988834,0.20023,-0.0246434,-0.0967586,0.704857,-0.0834626,0.385803,0.138289,0.486235,0.223976,-0.228296,197.659,1.11873,
41.8478,16.8504,0.55269,0.988845,0.200263,-0.0246392,-0.0966788,0.704865,-0.114177,0.343493,0.135533,0.454799,0.22397,-0.227923,196.427,1.1187,
41.8495,16.8504,0.555134,0.988854,0.200278,-0.0246226,-0.0965872,0.704874,-0.143568,0.303398,0.13377,0.445044,0.223941,-0.227787,195.224,1.11856,
41.8513,16.8504,0.557578,0.988861,0.200281,-0.0245981,-0.0964879,0.704883,-0.172115,0.264715,0.132638,0.449119,0.223899,-0.227803,194.038,1.11835,
41.853,16.8504,0.560023,0.988869,0.200285,-0.0245736,-0.0963886,0.704892,-0.200662,0.226033,0.131506,0.453195,0.223856,-0.227818,192.853,1.11814,
41.8548,16.8504,0.562467,0.988877,0.200288,-0.024549,-0.0962894,0.704901,-0.229208,0.18735,0.130375,0.45727,0.223813,-0.227834,191.668,1.11793,
41.8565,16.8504,0.564911,0.988884,0.200291,-0.0245245,-0.0961901,0.70491,-0.257755,0.148668,0.129243,0.461346,0.223771,-0.227849,190.483,1.11772,
41.8583,16.8504,0.567355,0.988892,0.200295,-0.0245,-0.0960908,0.704919,-0.286302,0.109985,0.128112,0.465422,0.223728,-0.227865,189.298,1.11751,
41.86,16.8504,0.5698,0.988899,0.200298,-0.0244755,-0.0959916,0.704928,-0.314849,0.0713026,0.12698,0.469497,0.223685,-0.22788,188.112,1.1173,
41.8617,16.8504,0.572244,0.988907,0.200302,-0.0244509,-0.0958923,0.704938,-0.343396,0.0326201,0.125849,0.473573,0.223643,-0.227896,186.927,1.11708,
41.8635,16.8504,0.574688,0.988915,0.200305,-0.0244264,-0.0957931,0.704947,-0.371943,-0.00606243,0.124717,0.477648,0.2236,-0.227911,185.742,1.11687,
41.8652,16.8504,0.577133,0.988922,0.200309,-0.0244019,-0.0956938,0.704956,-0.40049,-0.0447449,0.123585,0.481724,0.223557,-0.227927,184.557,1.11666,
41.867,16.8504,0.579577,0.988929,0.200308,-0.024374,-0.0955921,0.704964,-0.428511,-0.0818745,0.12278,0.490618,0.223509,-0.228011,183.389,1.11643,
41.8687,16.8504,0.582021,0.988932,0.200286,-0.0243288,-0.0954785,0.704972,-0.453869,-0.111154,0.12362,0.52387,0.223435,-0.228439,182.305,1.11606,
41.8705,16.8504,0.584465,0.988934,0.200264,-0.0242836,-0.0953649,0.70498,-0.479228,-0.140433,0.124461,0.557121,0.223361,-0.228868,181.222,1.1157,
41.8722,16.8504,0.58691,0.988937,0.200242,-0.0242384,-0.0952512,0.704988,-0.504587,-0.169712,0.125301,0.590373,0.223288,-0.229296,180.138,1.11533,
41.874,16.8504,0.589354,0.988939,0.20022,-0.0241932,-0.0951376,0.704996,-0.529946,-0.198991,0.126142,0.623625,0.223214,-0.229725,179.055,1.11497,
41.8757,16.8504,0.591798,0.988942,0.200199,-0.024148,-0.0950239,0.705004,-0.555304,-0.22827,0.126983,0.656876,0.22314,-0.230153,177.971,1.1146,
41.8774,16.8504,0.594242,0.988944,0.200177,-0.0241028,-0.0949103,0.705012,-0.580663,-0.257549,0.127823,0.690128,0.223066,-0.230582,176.888,1.11424,
41.8792,16.8504,0.596687,0.988947,0.200155,-0.0240576,-0.0947966,0.705019,-0.606022,-0.286829,0.128664,0.723379,0.222992,-0.23101,175.804,1.11388,
41.8809,16.8504,0.599131,0.98895,0.200133,-0.0240124,-0.094683,0.705027,-0.631381,-0.316108,0.129505,0.756631,0.222918,-0.231439,174.721,1.11351,
41.8827,16.8504,0.601575,0.988952,0.200111,-0.0239672,-0.0945694,0.705035,-0.656739,-0.345387,0.130345,0.789883,0.222844,-0.231867,173.637,1.11315,
41.8844,16.8504,0.60402,0.988955,0.200089,-0.023922,-0.0944557,0.705043,-0.682098,-0.374666,0.131186,0.823134,0.22277,-0.232296,172.554,1.11278,
41.8862,16.8504,0.606464,0.988957,0.200067,-0.0238768,-0.0943421,0.705051,-0.707457,-0.403945,0.132027,0.856386,0.222696,-0.232724,171.47,1.11242,
41.8879,16.8504,0.608908,0.98896,0.200045,-0.0238316,-0.0942284,0.705059,-0.732816,-0.433224,0.132867,0.889638,0.222622,-0.233153,170.387,1.11205,
41.8897,16.8504,0.611352,0.988963,0.200023,-0.0237864,-0.0941148,0.705067,-0.758175,-0.462503,0.133708,0.922889,0.222548,-0.233581,169.303,1.11169,
41.8914,16.8504,0.613797,0.988965,0.200002,-0.0237412,-0.0940011,0.705074,-0.783533,-0.491783,0.134549,0.956141,0.222474,-0.23401,168.22,1.11132,
41.8931,16.8504,0.616241,0.988968,0.199983,-0.023699,-0.0938887,0.705082,-0.809095,-0.522116,0.135143,0.988795,0.222404,-0.234379,167.124,1.11098,
41.8949,16.8504,0.618685,0.988972,0.199968,-0.0236595,-0.0937774,0.705091,-0.834837,-0.553385,0.13552,1.02092,0.222338,-0.234696,166.016,1.11065,
41.8966,16.8504,0.621129,0.988976,0.199952,-0.02362,-0.0936661,0.705099,-0.860579,-0.584654,0.135896,1.05304,0.222271,-0.235013,164.909,1.11032,
41.8984,16.8504,0.623574,0.988978,0.199927,-0.02357,-0.0935491,0.705107,-0.884904,-0.611589,0.137279,1.08506,0.222192,-0.235497,163.851,1.10993,
41.9001,16.8504,0.626018,0.988978,0.199893,-0.0235111,-0.0934274,0.705114,-0.908032,-0.634865,0.139512,1.11699,0.222102,-0.236123,162.837,1.10949,
41.9019,16.8504,0.628462,0.988977,0.199851,-0.0234447,-0.0933006,0.705122,-0.930095,-0.655404,0.142146,1.14672,0.222003,-0.236828,161.843,1.109,
41.9036,16.8504,0.630907,0.988976,0.199798,-0.0233675,-0.0931663,0.70513,-0.950625,-0.672002,0.145359,1.17327,0.22189,-0.23765,160.879,1.10844,
41.9054,16.8504,0.633351,0.988975,0.199746,-0.0232902,-0.0930321,0.705139,-0.971155,-0.6886,0.148572,1.19982,0.221777,-0.238472,159.915,1.10789,
41.9071,16.8504,0.635795,0.988973,0.199693,-0.023213,-0.0928979,0.705148,-0.991685,-0.705199,0.151785,1.22637,0.221664,-0.239293,158.951,1.10733,
41.9088,16.8504,0.638239,0.988972,0.19964,-0.0231357,-0.0927636,0.705156,-1.01221,-0.721797,0.154998,1.25292,0.221551,-0.240115,157.987,1.10677,
41.9106,16.8504,0.640684,0.988971,0.199588,-0.0230584,-0.0926294,0.705165,-1.03274,-0.738395,0.15821,1.27947,0.221438,-0.240936,157.023,1.10622,
41.9123,16.8504,0.643128,0.98897,0.199535,-0.0229812,-0.0924952,0.705173,-1.05327,-0.754994,0.161423,1.30602,0.221325,-0.241758,156.059,1.10566,
41.9141,16.8504,0.645572,0.988969,0.199482,-0.0229039,-0.092361,0.705182,-1.0738,-0.771592,0.164636,1.33257,0.221212,-0.242579,155.095,1.1051,
41.9158,16.8504,0.648016,0.988967,0.19943,-0.0228267,-0.0922267,0.70519,-1.09433,-0.78819,0.167849,1.35912,0.221099,-0.243401,154.131,1.10454,
41.9176,16.8504,0.650461,0.988966,0.199377,-0.0227494,-0.0920925,0.705199,-1.11486,-0.804789,0.171061,1.38567,0.220986,-0.244223,153.167,1.10399,
41.9193,16.8504,0.652905,0.988965,0.199324,-0.0226722,-0.0919583,0.705208,-1.13539,-0.821387,0.174274,1.41222,0.220873,-0.245044,152.203,1.10343,
41.9211,16.8504,0.655349,0.988964,0.199272,-0.0225949,-0.091824,0.705216,-1.15592,-0.837985,0.177487,1.43877,0.22076,-0.245866,151.238,1.10287,
41.9228,16.8504,0.657794,0.988963,0.199219,-0.0225177,-0.0916898,0.705225,-1.17645,-0.854584,0.1807,1.46532,0.220647,-0.246687,150.274,1.10231,
41.9245,16.8504,0.660238,0.988962,0.199166,-0.0224404,-0.0915556,0.705233,-1.19698,-0.871182,0.183913,1.49187,0.220534,-0.247509,149.31,1.10176,
41.9263,16.8504,0.662682,0.98896,0.199114,-0.0223632,-0.0914214,0.705242,-1.21751,-0.88778,0.187125,1.51842,0.220421,-0.24833,148.346,1.1012,
41.928,16.8504,0.665126,0.988959,0.199061,-0.0222859,-0.0912871,0.705251,-1.23804,-0.904379,0.190338,1.54497,0.220308,-0.249152,147.382,1.10064,
41.9298,16.8504,0.667571,0.988958,0.199001,-0.0221941,-0.0911484,0.70526,-1.25516,-0.914436,0.195225,1.56523,0.220185,-0.250028,146.49,1.10004,
41.9315,16.8504,0.670015,0.988956,0.19894,-0.0221009,-0.0910092,0.705269,-1.27197,-0.923917,0.200259,1.58492,0.220062,-0.250908,145.603,1.09943,
41.9333,16.8504,0.672459,0.988954,0.19888,-0.0220078,-0.09087,0.705279,-1.28879,-0.933399,0.205292,1.60462,0.219939,-0.251789,144.717,1.09882,
41.935,16.8504,0.674904,0.988953,0.198819,-0.0219146,-0.0907309,0.705288,-1.3056,-0.94288,0.210326,1.62432,0.219816,-0.252669,143.831,1.09822,
41.9368,16.8504,0.677348,0.988951,0.198759,-0.0218215,-0.0905917,0.705297,-1.32242,-0.952362,0.21536,1.64402,0.219693,-0.253549,142.945,1.09761,
41.9385,16.8504,0.679792,0.988949,0.198698,-0.0217283,-0.0904526,0.705307,-1.33923,-0.961843,0.220394,1.66371,0.219569,-0.25443,142.058,1.097,
41.9403,16.8504,0.682236,0.988948,0.198638,-0.0216351,-0.0903134,0.705316,-1.35605,-0.971325,0.225428,1.68341,0.219446,-0.25531,141.172,1.0964,
41.942,16.8504,0.684681,0.988946,0.198577,-0.021542,-0.0901742,0.705325,-1.37286,-0.980807,0.230462,1.70311,0.219323,-0.256191,140.286,1.09579,
41.9437,16.8504,0.687125,0.988945,0.198517,-0.0214488,-0.0900351,0.705335,-1.38967,-0.990288,0.235496,1.72281,0.2192,-0.257071,139.399,1.09518,
41.9455,16.8504,0.689569,0.988943,0.198456,-0.0213557,-0.0898959,0.705344,-1.40649,-0.99977,0.240529,1.74251,0.219077,-0.257951,138.513,1.09457,
41.9472,16.8504,0.692013,0.988941,0.198396,-0.0212625,-0.0897568,0.705354,-1.4233,-1.00925,0.245563,1.7622,0.218954,-0.258832,137.627,1.09397,
41.949,16.8504,0.694458,0.98894,0.198335,-0.0211694,-0.0896176,0.705363,-1.44012,-1.01873,0.250597,1.7819,0.21883,-0.259712,136.741,1.09336,
41.9507,16.8504,0.696902,0.988938,0.198275,-0.0210762,-0.0894784,0.705372,-1.45693,-1.02821,0.255631,1.8016,0.218707,-0.260593,135.854,1.09275,
41.9525,16.8504,0.699346,0.988936,0.198214,-0.0209831,-0.0893393,0.705382,-1.47375,-1.0377,0.260665,1.8213,0.218584,-0.261473,134.968,1.09215,
41.9542,16.8504,0.701791,0.988934,0.198153,-0.0208871,-0.0891988,0.705391,-1.48992,-1.04572,0.266074,1.83975,0.21846,-0.26238,134.093,1.09153,
41.956,16.8504,0.704235,0.988931,0.198088,-0.0207805,-0.0890536,0.705399,-1.50368,-1.04822,0.272903,1.85347,0.21833,-0.263385,133.26,1.09089,
41.9577,16.8504,0.706679,0.988928,0.198023,-0.0206739,-0.0889083,0.705408,-1.51743,-1.05072,0.279733,1.8672,0.2182,-0.26439,132.427,1.09025,
41.9594,16.8504,0.709123,0.988923,0.19796,-0.0205647,-0.088765,0.705415,-1.53045,-1.05205,0.286882,1.87986,0.218072,-0.265449,131.617,1.08962,
41.9612,16.8504,0.711568,0.988915,0.1979,-0.0204493,-0.0886265,0.705418,-1.54171,-1.05059,0.294792,1.88998,0.21795,-0.266635,130.861,1.08902,
41.9629,16.8504,0.714012,0.988907,0.197839,-0.020334,-0.088488,0.705421,-1.55297,-1.04913,0.302702,1.90009,0.217827,-0.267821,130.105,1.08841,
41.9647,16.8504,0.716456,0.9889,0.197779,-0.0202186,-0.0883496,0.705424,-1.56423,-1.04767,0.310612,1.91021,0.217705,-0.269007,129.349,1.0878,
41.9664,16.8504,0.7189,0.988892,0.197719,-0.0201036,-0.0882097,0.705427,-1.57572,-1.04627,0.31854,1.92052,0.217582,-0.270196,128.588,1.0872,
41.9682,16.8504,0.721345,0.988884,0.197657,-0.0199898,-0.0880651,0.70543,-1.58805,-1.04508,0.326534,1.93154,0.217456,-0.271394,127.813,1.08657,
41.9699,16.8504,0.723789,0.988877,0.197596,-0.0198761,-0.0879205,0.705434,-1.60038,-1.04389,0.334528,1.94256,0.21733,-0.272593,127.038,1.08595,
41.9717,16.8504,0.726233,0.988869,0.197534,-0.0197623,-0.0877759,0.705437,-1.61271,-1.0427,0.342522,1.95357,0.217204,-0.273792,126.263,1.08533,
41.9734,16.8504,0.728678,0.988861,0.197473,-0.0196485,-0.0876312,0.705441,-1.62504,-1.04151,0.350516,1.96459,0.217078,-0.27499,125.487,1.08471,
41.9751,16.8504,0.731122,0.988854,0.197412,-0.0195348,-0.0874866,0.705445,-1.63737,-1.04032,0.35851,1.97561,0.216952,-0.276189,124.712,1.08408,
41.9769,16.8504,0.733566,0.988846,0.19735,-0.019421,-0.087342,0.705448,-1.6497,-1.03913,0.366504,1.98663,0.216826,-0.277388,123.937,1.08346,
41.9786,16.8504,0.73601,0.988839,0.197289,-0.0193072,-0.0871974,0.705452,-1.66203,-1.03795,0.374498,1.99765,0.2167,-0.278587,123.162,1.08284,
41.9804,16.8504,0.738455,0.988831,0.197228,-0.0191935,-0.0870528,0.705455,-1.67436,-1.03676,0.382492,2.00866,0.216574,-0.279785,122.386,1.08222,
41.9821,16.8504,0.740899,0.988823,0.197166,-0.0190797,-0.0869081,0.705459,-1.68669,-1.03557,0.390486,2.01968,0.216448,-0.280984,121.611,1.08159,
41.9839,16.8504,0.743343,0.988816,0.197105,-0.0189659,-0.0867635,0.705462,-1.69902,-1.03438,0.39848,2.0307,0.216322,-0.282183,120.836,1.08097,
41.9856,16.8504,0.745787,0.988808,0.197044,-0.0188522,-0.0866189,0.705466,-1.71135,-1.03319,0.406474,2.04172,0.216196,-0.283382,120.061,1.08035,
41.9874,16.8504,0.748232,0.988801,0.196982,-0.0187384,-0.0864743,0.705469,-1.72368,-1.032,0.414468,2.05274,0.21607,-0.28458,119.285,1.07973,
41.9891,16.8504,0.750676,0.988793,0.196921,-0.0186246,-0.0863296,0.705473,-1.73601,-1.03081,0.422462,2.06376,0.215944,-0.285779,118.51,1.0791,
41.9908,16.8504,0.75312,0.988788,0.196867,-0.0185025,-0.0861813,0.705479,-1.74298,-1.02833,0.42657,2.06908,0.215824,-0.286785,117.76,1.07851,
41.9926,16.8504,0.755565,0.988785,0.196817,-0.0183762,-0.0860311,0.705486,-1.74735,-1.02522,0.428795,2.07165,0.215707,-0.287698,117.023,1.07793,
41.9943,16.8504,0.758009,0.988782,0.196767,-0.01825,-0.0858809,0.705493,-1.75173,-1.02212,0.431021,2.07421,0.215589,-0.288611,116.286,1.07735,
41.9961,16.8504,0.760453,0.988779,0.196717,-0.0181238,-0.0857307,0.7055,-1.7561,-1.01901,0.433246,2.07678,0.215472,-0.289524,115.548,1.07677,
41.9978,16.8504,0.762897,0.988776,0.196666,-0.0179976,-0.0855805,0.705507,-1.76048,-1.0159,0.435471,2.07935,0.215354,-0.290436,114.811,1.07619,
41.9996,16.8504,0.765342,0.988773,0.196616,-0.0178713,-0.0854304,0.705514,-1.76485,-1.0128,0.437696,2.08191,0.215236,-0.291349,114.074,1.07561,
42.0013,16.8504,0.767786,0.988769,0.196566,-0.0177451,-0.0852802,0.705521,-1.76923,-1.00969,0.439922,2.08448,0.215119,-0.292262,113.336,1.07503,
42.0031,16.8504,0.77023,0.988766,0.196516,-0.0176189,-0.08513,0.705528,-1.7736,-1.00658,0.442147,2.08704,0.215001,-0.293175,112.599,1.07445,
42.0048,16.8504,0.772675,0.988763,0.196466,-0.0174926,-0.0849798,0.705535,-1.77798,-1.00348,0.444372,2.08961,0.214884,-0.294088,111.862,1.07387,
42.0065,16.8504,0.775119,0.98876,0.196416,-0.0173664,-0.0848297,0.705542,-1.78229,-1.00036,0.44659,2.09212,0.214766,-0.294999,111.125,1.07329,
42.0083,16.8504,0.777563,0.988761,0.196365,-0.0172397,-0.0846861,0.705551,-1.77996,-0.995552,0.448008,2.08824,0.214653,-0.295753,110.463,1.07273,
42.01,16.8504,0.780007,0.988762,0.196315,-0.0171131,-0.0845425,0.70556,-1.77762,-0.990748,0.449426,2.08436,0.21454,-0.296507,109.801,1.07217,
42.0118,16.8504,0.782452,0.988763,0.196264,-0.0169864,-0.0843989,0.705569,-1.77528,-0.985943,0.450843,2.08048,0.214427,-0.297261,109.139,1.07161,
42.0135,16.8504,0.784896,0.988764,0.196214,-0.0168597,-0.0842553,0.705579,-1.77294,-0.981138,0.452261,2.0766,0.214314,-0.298015,108.476,1.07105,
42.0153,16.8504,0.78734,0.988765,0.196164,-0.016733,-0.0841117,0.705588,-1.77061,-0.976334,0.453679,2.07272,0.2142,-0.298768,107.814,1.07049,
42.017,16.8504,0.789784,0.988766,0.196113,-0.0166064,-0.0839681,0.705597,-1.76827,-0.971529,0.455096,2.06884,0.214087,-0.299522,107.152,1.06993,
42.0188,16.8504,0.792229,0.988767,0.196063,-0.0164797,-0.0838245,0.705606,-1.76593,-0.966725,0.456514,2.06496,0.213974,-0.300276,106.49,1.06937,
42.0205,16.8504,0.794673,0.988768,0.196012,-0.016353,-0.0836809,0.705615,-1.76359,-0.96192,0.457932,2.06108,0.213861,-0.30103,105.828,1.06881,
42.0222,16.8504,0.797117,0.988769,0.195962,-0.0162263,-0.0835373,0.705624,-1.76125,-0.957115,0.459349,2.0572,0.213748,-0.301784,105.166,1.06825,
42.024,16.8504,0.799562,0.98877,0.195912,-0.0160997,-0.0833937,0.705633,-1.75892,-0.952311,0.460767,2.05332,0.213634,-0.302538,104.504,1.06769,
42.0257,16.8504,0.802006,0.988771,0.195861,-0.015973,-0.0832501,0.705642,-1.75658,-0.947506,0.462184,2.04944,0.213521,-0.303292,103.842,1.06714,
42.0275,16.8504,0.80445,0.988772,0.195811,-0.0158463,-0.0831065,0.705651,-1.75424,-0.942701,0.463602,2.04556,0.213408,-0.304046,103.18,1.06658,
42.0292,16.8504,0.806894,0.988773,0.195761,-0.0157197,-0.0829628,0.705661,-1.7519,-0.937897,0.46502,2.04168,0.213295,-0.3048,102.517,1.06602,
42.031,16.8504,0.809339,0.988774,0.19571,-0.015593,-0.0828192,0.70567,-1.74957,-0.933092,0.466437,2.0378,0.213182,-0.305553,101.855,1.06546,
42.0327,16.8504,0.811783,0.988774,0.19566,-0.0154663,-0.0826756,0.705679,-1.74723,-0.928288,0.467855,2.03392,0.213068,-0.306307,101.193,1.0649,
42.0345,16.8504,0.814227,0.988776,0.195609,-0.0153413,-0.0825342,0.705688,-1.74314,-0.921292,0.46929,2.02766,0.212956,-0.307055,100.537,1.06434,
42.0362,16.8504,0.816671,0.988777,0.195557,-0.0152202,-0.0823979,0.705697,-1.73482,-0.908993,0.470768,2.01564,0.212846,-0.307788,99.8961,1.0638,
42.0379,16.8504,0.819116,0.988778,0.195505,-0.0150991,-0.0822616,0.705705,-1.7265,-0.896694,0.472245,2.00363,0.212735,-0.308522,99.2549,1.06325,
42.0397,16.8504,0.82156,0.98878,0.195453,-0.0149779,-0.0821253,0.705714,-1.71818,-0.884395,0.473723,1.99161,0.212625,-0.309255,98.6138,1.0627,
42.0414,16.8504,0.824004,0.988781,0.195401,-0.0148568,-0.081989,0.705723,-1.70986,-0.872096,0.4752,1.97959,0.212514,-0.309988,97.9726,1.06216,
42.0432,16.8504,0.826449,0.988783,0.195348,-0.0147357,-0.0818527,0.705731,-1.70154,-0.859797,0.476678,1.96758,0.212404,-0.310721,97.3315,1.06161,
42.0449,16.8504,0.828893,0.988784,0.195296,-0.0146146,-0.0817164,0.70574,-1.69322,-0.847498,0.478155,1.95556,0.212293,-0.311454,96.6903,1.06107,
42.0467,16.8504,0.831337,0.988785,0.195244,-0.0144935,-0.0815802,0.705749,-1.6849,-0.835199,0.479633,1.94354,0.212183,-0.312188,96.0492,1.06052,
42.0484,16.8504,0.833781,0.988787,0.195192,-0.0143724,-0.0814439,0.705758,-1.67658,-0.822899,0.48111,1.93153,0.212073,-0.312921,95.408,1.05997,
42.0502,16.8504,0.836226,0.988788,0.19514,-0.0142513,-0.0813076,0.705766,-1.66826,-0.8106,0.482588,1.91951,0.211962,-0.313654,94.7669,1.05943,
42.0519,16.8504,0.83867,0.98879,0.195088,-0.0141302,-0.0811713,0.705775,-1.65994,-0.798301,0.484066,1.90749,0.211852,-0.314387,94.1257,1.05888,
42.0536,16.8504,0.841114,0.988791,0.195036,-0.0140091,-0.081035,0.705784,-1.65162,-0.786002,0.485543,1.89548,0.211741,-0.315121,93.4846,1.05833,
42.0554,16.8504,0.843558,0.988794,0.194992,-0.0138928,-0.0809045,0.705793,-1.63886,-0.767656,0.485621,1.87789,0.211641,-0.31573,92.8815,1.05784,
42.0571,16.8504,0.846003,0.988801,0.194972,-0.0137915,-0.080792,0.705802,-1.61219,-0.730412,0.481325,1.84288,0.211574,-0.315953,92.3975,1.05751,
42.0589,16.8504,0.848447,0.988809,0.194952,-0.0136902,-0.0806796,0.705812,-1.58552,-0.693169,0.477029,1.80787,0.211506,-0.316176,91.9135,1.05717,
42.0606,16.8504,0.850891,0.988817,0.194932,-0.0135889,-0.0805671,0.705822,-1.55886,-0.655926,0.472733,1.77286,0.211439,-0.316399,91.4295,1.05684,
42.0624,16.8504,0.853336,0.988824,0.194912,-0.0134876,-0.0804546,0.705831,-1.53219,-0.618683,0.468437,1.73785,0.211371,-0.316622,90.9454,1.0565,
42.0641,16.8504,0.85578,0.988832,0.194892,-0.0133863,-0.0803421,0.705841,-1.50552,-0.58144,0.464141,1.70284,0.211304,-0.316845,90.4614,1.05617,
42.0659,16.8504,0.858224,0.988839,0.194872,-0.013285,-0.0802297,0.705851,-1.47885,-0.544197,0.459846,1.66782,0.211236,-0.317068,89.9774,1.05583,
42.0676,16.8504,0.860668,0.988847,0.194852,-0.0131837,-0.0801172,0.70586,-1.45219,-0.506953,0.45555,1.63281,0.211169,-0.317291,89.4934,1.0555,
42.0694,16.8504,0.863113,0.988855,0.194832,-0.0130824,-0.0800047,0.70587,-1.42552,-0.46971,0.451254,1.5978,0.211101,-0.317514,89.0093,1.05517,
42.0711,16.8504,0.865557,0.988862,0.194812,-0.0129811,-0.0798923,0.705879,-1.39885,-0.432467,0.446958,1.56279,0.211034,-0.317737,88.5253,1.05483,
42.0728,16.8504,0.868001,0.98887,0.194792,-0.0128798,-0.0797798,0.705889,-1.37219,-0.395224,0.442662,1.52778,0.210966,-0.31796,88.0413,1.0545,
42.0746,16.8504,0.870445,0.988877,0.194773,-0.0127785,-0.0796673,0.705899,-1.34552,-0.357981,0.438366,1.49277,0.210899,-0.318183,87.5573,1.05416,
42.0763,16.8504,0.87289,0.988885,0.194753,-0.0126772,-0.0795549,0.705908,-1.31885,-0.320738,0.43407,1.45776,0.210831,-0.318407,87.0732,1.05383,
42.0781,16.8504,0.875334,0.988893,0.194733,-0.012576,-0.0794424,0.705918,-1.29219,-0.283494,0.429774,1.42275,0.210764,-0.31863,86.5892,1.0535,
42.0798,16.8504,0.877778,0.9889,0.194713,-0.0124747,-0.0793299,0.705928,-1.26552,-0.246251,0.425478,1.38774,0.210696,-0.318853,86.1052,1.05316,
42.0816,16.8504,0.880223,0.988908,0.194693,-0.0123734,-0.0792174,0.705937,-1.23885,-0.209008,0.421182,1.35273,0.210629,-0.319076,85.6212,1.05283,
42.0833,16.8504,0.882667,0.988912,0.194698,-0.0122936,-0.0791202,0.705942,-1.22279,-0.18808,0.420105,1.33646,0.210593,-0.319235,85.2282,1.05265,
42.0851,16.8504,0.885111,0.988916,0.194708,-0.0122191,-0.0790266,0.705945,-1.20929,-0.171081,0.419803,1.3247,0.210564,-0.319379,84.8572,1.0525,
42.0868,16.8504,0.887555,0.988919,0.194719,-0.0121445,-0.0789329,0.705948,-1.19579,-0.154082,0.419501,1.31293,0.210535,-0.319523,84.4861,1.05236,
42.0885,16.8504,0.89,0.988923,0.19473,-0.0120699,-0.0788393,0.705951,-1.18229,-0.137083,0.419199,1.30117,0.210506,-0.319667,84.1151,1.05221,
42.0903,16.8504,0.892444,0.988926,0.194741,-0.0119954,-0.0787457,0.705954,-1.16879,-0.120084,0.418897,1.2894,0.210477,-0.319811,83.744,1.05207,
42.092,16.8504,0.894888,0.98893,0.194752,-0.0119208,-0.0786521,0.705957,-1.15529,-0.103085,0.418595,1.27764,0.210448,-0.319955,83.373,1.05193,
42.0938,16.8504,0.897332,0.988933,0.194763,-0.0118463,-0.0785585,0.705961,-1.14178,-0.0860865,0.418294,1.26588,0.210419,-0.3201,83.002,1.05178,
42.0955,16.8504,0.899777,0.988937,0.194773,-0.0117717,-0.0784648,0.705964,-1.12828,-0.0690876,0.417992,1.25411,0.21039,-0.320244,82.6309,1.05164,
42.0973,16.8504,0.902221,0.98894,0.194784,-0.0116972,-0.0783712,0.705967,-1.11478,-0.0520887,0.41769,1.24235,0.210361,-0.320388,82.2599,1.05149,
42.099,16.8504,0.904665,0.988944,0.194795,-0.0116226,-0.0782776,0.70597,-1.10128,-0.0350897,0.417388,1.23059,0.210332,-0.320532,81.8888,1.05135,
42.1008,16.8504,0.90711,0.988947,0.194806,-0.011548,-0.078184,0.705973,-1.08778,-0.0180908,0.417086,1.21882,0.210303,-0.320676,81.5178,1.05121,
42.1025,16.8504,0.909554,0.988951,0.194817,-0.0114735,-0.0780904,0.705976,-1.07428,-0.00109186,0.416784,1.20706,0.210275,-0.32082,81.1468,1.05106,
42.1042,16.8504,0.911998,0.988954,0.194827,-0.0113989,-0.0779968,0.70598,-1.06077,0.0159071,0.416482,1.19529,0.210246,-0.320964,80.7757,1.05092,
42.106,16.8504,0.914442,0.988958,0.194838,-0.0113244,-0.0779031,0.705983,-1.04727,0.032906,0.41618,1.18353,0.210217,-0.321108,80.4047,1.05077,
42.1077,16.8504,0.916887,0.988961,0.194849,-0.0112498,-0.0778095,0.705986,-1.03377,0.0499049,0.415878,1.17177,0.210188,-0.321252,80.0336,1.05063,
42.1095,16.8504,0.919331,0.988965,0.19486,-0.0111753,-0.0777159,0.705989,-1.02027,0.0669039,0.415576,1.16,0.210159,-0.321396,79.6626,1.05049,
42.1112,16.8504,0.921775,0.988968,0.194871,-0.0111007,-0.0776223,0.705992,-1.00677,0.0839028,0.415274,1.14824,0.21013,-0.32154,79.2915,1.05034,
42.113,16.8504,0.924219,0.988972,0.194881,-0.0110261,-0.0775287,0.705996,-0.993265,0.100902,0.414972,1.13648,0.210101,-0.321684,78.9205,1.0502,
42.1147,16.8504,0.926664,0.988975,0.194892,-0.0109516,-0.077435,0.705999,-0.979763,0.117901,0.41467,1.12471,0.210072,-0.321828,78.5495,1.05005,
42.1165,16.8504,0.929108,0.988979,0.194903,-0.010877,-0.0773414,0.706002,-0.966261,0.1349,0.414368,1.11295,0.210043,-0.321972,78.1784,1.04991,
42.1182,16.8504,0.931552,0.988982,0.194914,-0.0108025,-0.0772478,0.706005,-0.95276,0.151899,0.414066,1.10118,0.210014,-0.322117,77.8074,1.04977,
42.1199,16.8504,0.933997,0.988986,0.194925,-0.0107279,-0.0771542,0.706008,-0.939258,0.168897,0.413764,1.08942,0.209985,-0.322261,77.4363,1.04962,
42.1217,16.8504,0.936441,0.988989,0.194935,-0.0106534,-0.0770606,0.706011,-0.925756,0.185896,0.413462,1.07766,0.209956,-0.322405,77.0653,1.04948,
42.1234,16.8504,0.938885,0.988993,0.194946,-0.0105788,-0.0769669,0.706015,-0.912255,0.202895,0.41316,1.06589,0.209927,-0.322549,76.6943,1.04933,
42.1252,16.8504,0.941329,0.988996,0.194957,-0.0105042,-0.0768733,0.706018,-0.898753,0.219894,0.412858,1.05413,0.209899,-0.322693,76.3232,1.04919,
42.1269,16.8504,0.943774,0.989,0.194968,-0.0104297,-0.0767797,0.706021,-0.885251,0.236893,0.412556,1.04237,0.20987,-0.322837,75.9522,1.04905,
42.1287,16.8504,0.946218,0.989003,0.194979,-0.0103551,-0.0766861,0.706024,-0.871749,0.253892,0.412254,1.0306,0.209841,-0.322981,75.5811,1.0489,
42.1304,16.8504,0.948662,0.989007,0.194989,-0.0102806,-0.0765925,0.706027,-0.858248,0.270891,0.411952,1.01884,0.209812,-0.323125,75.2101,1.04876,
42.1322,16.8504,0.951107,0.98901,0.195,-0.010206,-0.0764989,0.70603,-0.844746,0.28789,0.41165,1.00707,0.209783,-0.323269,74.8391,1.04861,
42.1339,16.8504,0.953551,0.989014,0.195011,-0.0101315,-0.0764052,0.706034,-0.831244,0.304889,0.411348,0.995311,0.209754,-0.323413,74.468,1.04847,
42.1356,16.8504,0.955995,0.989017,0.195022,-0.0100569,-0.0763116,0.706037,-0.817742,0.321888,0.411046,0.983547,0.209725,-0.323557,74.097,1.04833,
42.1374,16.8504,0.958439,0.989021,0.195033,-0.00998234,-0.076218,0.70604,-0.804241,0.338887,0.410744,0.971784,0.209696,-0.323701,73.7259,1.04818,
42.1391,16.8504,0.960884,0.989026,0.195055,-0.00991567,-0.0761314,0.706043,-0.790833,0.354981,0.410878,0.964534,0.209682,-0.323686,73.393,1.04811,
42.1409,16.8504,0.963328,0.989033,0.195089,-0.00985668,-0.0760517,0.706046,-0.777518,0.370193,0.411436,0.961683,0.209682,-0.323515,73.0971,1.04811,
42.1426,16.8504,0.965772,0.98904,0.195123,-0.0097977,-0.075972,0.706049,-0.764203,0.385406,0.411994,0.958832,0.209683,-0.323344,72.8013,1.04811,
42.1444,16.8504,0.968216,0.98905,0.195169,-0.0097494,-0.0759029,0.706054,-0.751765,0.399575,0.412273,0.960064,0.209699,-0.322935,72.5383,1.04819,
42.1461,16.8504,0.970661,0.989062,0.195224,-0.00970948,-0.0758422,0.70606,-0.740015,0.412926,0.412332,0.964495,0.209728,-0.322338,72.3012,1.04833,
42.1479,16.8504,0.973105,0.989074,0.195279,-0.00966956,-0.0757815,0.706065,-0.728264,0.426278,0.412391,0.968926,0.209756,-0.321742,72.0641,1.04847,
42.1496,16.8504,0.975549,0.989086,0.195334,-0.00962964,-0.0757208,0.706071,-0.716514,0.43963,0.412451,0.973358,0.209785,-0.321146,71.8269,1.04861,
42.1513,16.8504,0.977994,0.989098,0.195387,-0.00958763,-0.0756575,0.706077,-0.70447,0.453296,0.412576,0.977036,0.20981,-0.320582,71.5838,1.04874,
42.1531,16.8504,0.980438,0.989109,0.195436,-0.00954288,-0.0755908,0.706082,-0.692042,0.467372,0.412788,0.979729,0.209832,-0.32006,71.333,1.04884,
42.1548,16.8504,0.982882,0.98912,0.195486,-0.00949812,-0.0755242,0.706088,-0.679613,0.481448,0.412999,0.982422,0.209853,-0.319538,71.0822,1.04895,
42.1566,16.8504,0.985326,0.989132,0.195536,-0.00945337,-0.0754575,0.706094,-0.667185,0.495525,0.413211,0.985115,0.209875,-0.319016,70.8314,1.04905,
42.1583,16.8504,0.987771,0.989143,0.195586,-0.00940862,-0.0753908,0.706099,-0.654757,0.509601,0.413422,0.987808,0.209896,-0.318494,70.5805,1.04916,
42.1601,16.8504,0.990215,0.989154,0.195636,-0.00936387,-0.0753241,0.706105,-0.642329,0.523678,0.413634,0.990501,0.209917,-0.317972,70.3297,1.04926,
42.1618,16.8504,0.992659,0.989166,0.195686,-0.00931912,-0.0752575,0.706111,-0.629901,0.537754,0.413845,0.993194,0.209939,-0.317449,70.0789,1.04937,
42.1636,16.8504,0.995103,0.989177,0.195736,-0.00927437,-0.0751908,0.706116,-0.617473,0.55183,0.414057,0.995887,0.20996,-0.316927,69.8281,1.04948,
42.1653,16.8504,0.997548,0.989189,0.195786,-0.00922961,-0.0751241,0.706122,-0.605045,0.565907,0.414268,0.99858,0.209982,-0.316405,69.5772,1.04958,
42.167,16.8504,0.999992,0.9892,0.195836,-0.00918486,-0.0750575,0.706128,-0.592616,0.579983,0.41448,1.00127,0.210003,-0.315883,69.3264,1.04969,
42.1688,16.8504,1.00244,0.989211,0.195886,-0.00914011,-0.0749908,0.706133,-0.580188,0.594059,0.414691,1.00397,0.210025,-0.315361,69.0756,1.04979,
42.1705,16.8504,1.00488,0.989223,0.195936,-0.00909536,-0.0749241,0.706139,-0.56776,0.608136,0.414903,1.00666,0.210046,-0.314839,68.8248,1.0499,
42.1723,16.8504,1.00732,0.989234,0.195986,-0.00905061,-0.0748575,0.706144,-0.555332,0.622212,0.415114,1.00935,0.210068,-0.314317,68.574,1.05,
42.174,16.8504,1.00977,0.989245,0.196036,-0.00900585,-0.0747908,0.70615,-0.542904,0.636288,0.415326,1.01204,0.210089,-0.313795,68.3231,1.05011,
42.1758,16.8504,1.01221,0.989257,0.196086,-0.0089611,-0.0747241,0.706156,-0.530476,0.650365,0.415537,1.01474,0.210111,-0.313272,68.0723,1.05021,
42.1775,16.8504,1.01466,0.989268,0.196136,-0.00891635,-0.0746574,0.706161,-0.518048,0.664441,0.415749,1.01743,0.210132,-0.31275,67.8215,1.05032,
42.1793,16.8504,1.0171,0.98928,0.196186,-0.0088716,-0.0745908,0.706167,-0.50562,0.678518,0.41596,1.02012,0.210154,-0.312228,67.5707,1.05043,
42.181,16.8504,1.01955,0.989291,0.196235,-0.00882685,-0.0745241,0.706173,-0.493191,0.692594,0.416172,1.02282,0.210175,-0.311706,67.3198,1.05053,
42.1827,16.8504,1.02199,0.989302,0.196285,-0.0087821,-0.0744574,0.706178,-0.480763,0.70667,0.416383,1.02551,0.210197,-0.311184,67.069,1.05064,
42.1845,16.8504,1.02443,0.989314,0.196335,-0.00873734,-0.0743907,0.706184,-0.468335,0.720747,0.416595,1.0282,0.210218,-0.310662,66.8182,1.05074,
42.1862,16.8504,1.02688,0.989325,0.196385,-0.00869259,-0.0743241,0.70619,-0.455907,0.734823,0.416806,1.0309,0.21024,-0.31014,66.5674,1.05085,
42.188,16.8504,1.02932,0.989336,0.196435,-0.00864784,-0.0742574,0.706195,-0.443479,0.748899,0.417018,1.03359,0.210261,-0.309618,66.3165,1.05095,
42.1897,16.8504,1.03177,0.989348,0.196485,-0.00860309,-0.0741907,0.706201,-0.431051,0.762976,0.417229,1.03628,0.210283,-0.309095,66.0657,1.05106,
42.1915,16.8504,1.03421,0.989359,0.196535,-0.00855834,-0.0741241,0.706207,-0.418623,0.777052,0.417441,1.03898,0.210304,-0.308573,65.8149,1.05116,
42.1932,16.8504,1.03666,0.989371,0.196585,-0.00851358,-0.0740574,0.706212,-0.406195,0.791128,0.417652,1.04167,0.210326,-0.308051,65.5641,1.05127,
42.195,16.8504,1.0391,0.989382,0.196635,-0.00846883,-0.0739907,0.706218,-0.393766,0.805205,0.417864,1.04436,0.210347,-0.307529,65.3132,1.05137,
42.1967,16.8504,1.04154,0.989393,0.196685,-0.00842408,-0.073924,0.706223,-0.381338,0.819281,0.418075,1.04705,0.210369,-0.307007,65.0624,1.05148,
42.1984,16.8504,1.04399,0.989405,0.196735,-0.00837933,-0.0738574,0.706229,-0.36891,0.833358,0.418287,1.04975,0.21039,-0.306485,64.8116,1.05159,
42.2002,16.8504,1.04643,0.989416,0.196785,-0.00833458,-0.0737907,0.706235,-0.356482,0.847434,0.418498,1.05244,0.210412,-0.305963,64.5608,1.05169,
42.2019,16.8504,1.04888,0.989427,0.196835,-0.00828983,-0.073724,0.70624,-0.344054,0.86151,0.41871,1.05513,0.210433,-0.305441,64.31,1.0518,
42.2037,16.8504,1.05132,0.989439,0.196885,-0.00824507,-0.0736574,0.706246,-0.331626,0.875587,0.418921,1.05783,0.210455,-0.304918,64.0591,1.0519,
42.2054,16.8504,1.05377,0.989451,0.196941,-0.00820659,-0.0735955,0.706251,-0.319744,0.888838,0.418974,1.06193,0.210484,-0.304324,63.821,1.05205,
42.2072,16.8504,1.05621,0.989463,0.197012,-0.00818173,-0.0735441,0.706256,-0.30905,0.900297,0.418682,1.06909,0.210533,-0.303573,63.6105,1.05229,
42.2089,16.8504,1.05865,0.989476,0.197083,-0.00815687,-0.0734928,0.706261,-0.298356,0.911757,0.418391,1.07625,0.210581,-0.302822,63.4,1.05253,
42.2107,16.8504,1.0611,0.989488,0.197154,-0.00813201,-0.0734414,0.706265,-0.287662,0.923216,0.418099,1.08341,0.210629,-0.302071,63.1895,1.05276,
42.2124,16.8504,1.06354,0.989501,0.197225,-0.00810715,-0.07339,0.70627,-0.276968,0.934675,0.417807,1.09058,0.210678,-0.301319,62.9789,1.053,
42.2141,16.8504,1.06599,0.989514,0.197297,-0.00808229,-0.0733387,0.706275,-0.266274,0.946134,0.417515,1.09774,0.210726,-0.300568,62.7684,1.05324,
42.2159,16.8504,1.06843,0.989526,0.197368,-0.00805743,-0.0732873,0.706279,-0.255581,0.957593,0.417223,1.1049,0.210774,-0.299817,62.5579,1.05348,
42.2176,16.8504,1.07088,0.989539,0.197439,-0.00803257,-0.0732359,0.706284,-0.244887,0.969052,0.416931,1.11206,0.210823,-0.299066,62.3474,1.05372,
42.2194,16.8504,1.07332,0.989551,0.19751,-0.00800771,-0.0731845,0.706289,-0.234193,0.980511,0.41664,1.11923,0.210871,-0.298315,62.1369,1.05396,
42.2211,16.8504,1.07576,0.989564,0.197581,-0.00798285,-0.0731332,0.706293,-0.223499,0.99197,0.416348,1.12639,0.210919,-0.297564,61.9263,1.05419,
42.2229,16.8504,1.07821,0.989577,0.197652,-0.00795799,-0.0730818,0.706298,-0.212805,1.00343,0.416056,1.13355,0.210967,-0.296812,61.7158,1.05443,
42.2246,16.8504,1.08065,0.989589,0.197723,-0.00793313,-0.0730304,0.706303,-0.202111,1.01489,0.415764,1.14071,0.211016,-0.296061,61.5053,1.05467,
42.2264,16.8504,1.0831,0.989602,0.197794,-0.00790827,-0.0729791,0.706307,-0.191417,1.02635,0.415472,1.14788,0.211064,-0.29531,61.2948,1.05491,
42.2281,16.8504,1.08554,0.989614,0.197865,-0.00788341,-0.0729277,0.706312,-0.180723,1.03781,0.415181,1.15504,0.211112,-0.294559,61.0843,1.05515,
42.2299,16.8504,1.08799,0.989627,0.197936,-0.00785855,-0.0728763,0.706317,-0.170029,1.04927,0.414889,1.1622,0.211161,-0.293808,60.8738,1.05538,
42.2316,16.8504,1.09043,0.989639,0.198007,-0.00783369,-0.0728249,0.706321,-0.159336,1.06072,0.414597,1.16936,0.211209,-0.293057,60.6632,1.05562,
42.2333,16.8504,1.09287,0.989652,0.198078,-0.00780883,-0.0727736,0.706326,-0.148642,1.07218,0.414305,1.17653,0.211257,-0.292305,60.4527,1.05586,
42.2351,16.8504,1.09532,0.989665,0.198149,-0.00778397,-0.0727222,0.706331,-0.137948,1.08364,0.414013,1.18369,0.211306,-0.291554,60.2422,1.0561,
42.2368,16.8504,1.09776,0.989677,0.19822,-0.00775911,-0.0726708,0.706335,-0.127254,1.0951,0.413721,1.19085,0.211354,-0.290803,60.0317,1.05634,
42.2386,16.8504,1.10021,0.98969,0.198291,-0.00773425,-0.0726195,0.70634,-0.11656,1.10656,0.41343,1.19801,0.211402,-0.290052,59.8212,1.05658,
42.2403,16.8504,1.10265,0.989702,0.198362,-0.00770939,-0.0725681,0.706345,-0.105866,1.11802,0.413138,1.20518,0.211451,-0.289301,59.6107,1.05681,
42.2421,16.8504,1.1051,0.989715,0.198433,-0.00768453,-0.0725167,0.706349,-0.0951723,1.12948,0.412846,1.21234,0.211499,-0.288549,59.4001,1.05705,
42.2438,16.8504,1.10754,0.989728,0.198506,-0.00766133,-0.0724663,0.706354,-0.0846136,1.14066,0.412515,1.2196,0.211549,-0.28777,59.1932,1.0573,
42.2456,16.8504,1.10998,0.989743,0.198593,-0.00765233,-0.0724244,0.70636,-0.0752073,1.1495,0.411847,1.22765,0.211617,-0.286747,59.0163,1.05764,
42.2473,16.8504,1.11243,0.989759,0.198679,-0.00764333,-0.0723825,0.706365,-0.0658011,1.15834,0.41118,1.2357,0.211685,-0.285723,58.8394,1.05797,
42.249,16.8504,1.11487,0.989775,0.198765,-0.00763433,-0.0723406,0.706371,-0.0563949,1.16718,0.410512,1.24375,0.211752,-0.2847,58.6625,1.0583,
42.2508,16.8504,1.11732,0.98979,0.198852,-0.00762533,-0.0722987,0.706377,-0.0469886,1.17602,0.409845,1.2518,0.21182,-0.283677,58.4856,1.05864,
42.2525,16.8504,1.11976,0.989806,0.198938,-0.00761632,-0.0722568,0.706382,-0.0375824,1.18486,0.409177,1.25985,0.211888,-0.282654,58.3087,1.05897,
42.2543,16.8504,1.12221,0.989821,0.199024,-0.00760732,-0.0722149,0.706388,-0.0281761,1.1937,0.40851,1.26791,0.211955,-0.281631,58.1318,1.05931,
42.256,16.8504,1.12465,0.989837,0.199111,-0.00759832,-0.072173,0.706393,-0.0187699,1.20254,0.407842,1.27596,0.212023,-0.280607,57.9549,1.05964,
42.2578,16.8504,1.12709,0.989852,0.199197,-0.00758932,-0.0721311,0.706399,-0.00936366,1.21138,0.407175,1.28401,0.212091,-0.279584,57.778,1.05997,
42.2595,16.8504,1.12954,0.989868,0.199284,-0.00758031,-0.0720891,0.706404,4.25818e-05,1.22022,0.406507,1.29206,0.212159,-0.278561,57.6011,1.06031,
42.2613,16.8504,1.13198,0.989884,0.19937,-0.00757131,-0.0720472,0.70641,0.00944882,1.22906,0.40584,1.30011,0.212226,-0.277538,57.4242,1.06064,
42.263,16.8504,1.13443,0.989899,0.199456,-0.00756231,-0.0720053,0.706416,0.0188551,1.23789,0.405172,1.30817,0.212294,-0.276515,57.2474,1.06098,
42.2647,16.8504,1.13687,0.989915,0.199543,-0.00755331,-0.0719634,0.706421,0.0282613,1.24673,0.404505,1.31622,0.212362,-0.275491,57.0705,1.06131,
42.2665,16.8504,1.13932,0.98993,0.19963,-0.00754521,-0.0719223,0.706427,0.0375366,1.25538,0.403818,1.32416,0.21243,-0.274459,56.8946,1.06165,
42.2682,16.8504,1.14176,0.989946,0.199727,-0.00754931,-0.0718911,0.706432,0.0450561,1.26137,0.402867,1.33056,0.212513,-0.273301,56.7317,1.06206,
42.27,16.8504,1.1442,0.989963,0.199824,-0.00755341,-0.07186,0.706437,0.0525755,1.26736,0.401916,1.33696,0.212595,-0.272143,56.5689,1.06246,
42.2717,16.8504,1.14665,0.989979,0.199922,-0.0075575,-0.0718289,0.706442,0.0600949,1.27336,0.400964,1.34337,0.212677,-0.270985,56.4061,1.06287,
42.2735,16.8504,1.14909,0.989995,0.200019,-0.0075616,-0.0717978,0.706447,0.0676144,1.27935,0.400013,1.34977,0.21276,-0.269827,56.2433,1.06328,
42.2752,16.8504,1.15154,0.990011,0.200116,-0.0075657,-0.0717667,0.706453,0.0751338,1.28535,0.399062,1.35617,0.212842,-0.268669,56.0805,1.06368,
42.277,16.8504,1.15398,0.990027,0.200213,-0.00756979,-0.0717356,0.706458,0.0826532,1.29134,0.398111,1.36258,0.212924,-0.267511,55.9177,1.06409,
42.2787,16.8504,1.15643,0.990043,0.20031,-0.00757389,-0.0717045,0.706463,0.0901727,1.29734,0.39716,1.36898,0.213007,-0.266353,55.7549,1.0645,
42.2804,16.8504,1.15887,0.99006,0.200408,-0.00757799,-0.0716734,0.706468,0.0976921,1.30333,0.396209,1.37538,0.213089,-0.265195,55.5921,1.0649,
42.2822,16.8504,1.16131,0.990076,0.200505,-0.00758208,-0.0716422,0.706473,0.105212,1.30933,0.395258,1.38179,0.213171,-0.264038,55.4293,1.06531,
42.2839,16.8504,1.16376,0.990092,0.200602,-0.00758618,-0.0716111,0.706479,0.112731,1.31532,0.394307,1.38819,0.213253,-0.26288,55.2665,1.06572,
42.2857,16.8504,1.1662,0.990108,0.200699,-0.00759028,-0.07158,0.706484,0.12025,1.32131,0.393356,1.3946,0.213336,-0.261722,55.1036,1.06612,
42.2874,16.8504,1.16865,0.990124,0.200797,-0.00759437,-0.0715489,0.706489,0.12777,1.32731,0.392405,1.401,0.213418,-0.260564,54.9408,1.06653,
42.2892,16.8504,1.17109,0.99014,0.200894,-0.00759847,-0.0715178,0.706494,0.135289,1.3333,0.391454,1.4074,0.2135,-0.259406,54.778,1.06693,
42.2909,16.8504,1.17354,0.990157,0.200991,-0.00760257,-0.0714867,0.706499,0.142809,1.3393,0.390503,1.41381,0.213583,-0.258248,54.6152,1.06734,
42.2927,16.8504,1.17598,0.990173,0.201088,-0.00760666,-0.0714556,0.706504,0.150328,1.34529,0.389552,1.42021,0.213665,-0.25709,54.4524,1.06775,
42.2944,16.8504,1.17842,0.990189,0.201186,-0.00761076,-0.0714245,0.70651,0.157848,1.35129,0.388601,1.42661,0.213747,-0.255932,54.2896,1.06815,
42.2961,16.8504,1.18087,0.990205,0.201283,-0.00761486,-0.0713934,0.706515,0.165367,1.35728,0.38765,1.43302,0.21383,-0.254774,54.1268,1.06856,
42.2979,16.8504,1.18331,0.990221,0.20138,-0.00761895,-0.0713622,0.70652,0.172886,1.36328,0.386699,1.43942,0.213912,-0.253616,53.964,1.06897,
42.2996,16.8504,1.18576,0.990237,0.201476,-0.00762094,-0.071328,0.706525,0.180848,1.36988,0.385811,1.44628,0.213992,-0.252484,53.7983,1.06936,
42.3014,16.8504,1.1882,0.990253,0.201572,-0.00762241,-0.071293,0.70653,0.188917,1.37663,0.384938,1.45324,0.214071,-0.251358,53.6318,1.06976,
42.3031,16.8504,1.19065,0.990269,0.201667,-0.00762388,-0.071258,0.706535,0.196986,1.38338,0.384065,1.4602,0.214151,-0.250231,53.4654,1.07015,
42.3049,16.8504,1.19309,0.990285,0.201763,-0.00762535,-0.0712229,0.706541,0.205054,1.39014,0.383192,1.46717,0.21423,-0.249105,53.299,1.07054,
42.3066,16.8504,1.19553,0.990301,0.201859,-0.00762682,-0.0711879,0.706546,0.213123,1.39689,0.382319,1.47413,0.21431,-0.247979,53.1326,1.07093,
42.3084,16.8504,1.19798,0.990317,0.201954,-0.00762829,-0.0711529,0.706551,0.221192,1.40364,0.381446,1.48109,0.214389,-0.246853,52.9662,1.07133,
42.3101,16.8504,1.20042,0.990332,0.20205,-0.00762976,-0.0711179,0.706556,0.22926,1.41039,0.380573,1.48806,0.214469,-0.245726,52.7997,1.07172,
42.3118,16.8504,1.20287,0.990348,0.202146,-0.00763124,-0.0710829,0.706561,0.237329,1.41715,0.3797,1.49502,0.214548,-0.2446,52.6333,1.07211,
42.3136,16.8504,1.20531,0.990364,0.202241,-0.00763271,-0.0710479,0.706566,0.245398,1.4239,0.378827,1.50199,0.214628,-0.243474,52.4669,1.0725,
42.3153,16.8504,1.20776,0.99038,0.202337,-0.00763418,-0.0710129,0.706571,0.253467,1.43065,0.377954,1.50895,0.214707,-0.242348,52.3005,1.0729,
42.3171,16.8504,1.2102,0.990396,0.202433,-0.00763565,-0.0709778,0.706577,0.261535,1.4374,0.377081,1.51591,0.214787,-0.241221,52.1341,1.07329,
42.3188,16.8504,1.21264,0.990412,0.202528,-0.00763712,-0.0709428,0.706582,0.269604,1.44415,0.376208,1.52288,0.214866,-0.240095,51.9676,1.07368,
42.3206,16.8504,1.21509,0.990428,0.202624,-0.00763859,-0.0709078,0.706587,0.277673,1.45091,0.375336,1.52984,0.214946,-0.238969,51.8012,1.07407,
42.3223,16.8504,1.21753,0.990444,0.20272,-0.00764006,-0.0708728,0.706592,0.285741,1.45766,0.374463,1.53681,0.215025,-0.237842,51.6348,1.07447,
42.3241,16.8504,1.21998,0.99046,0.202815,-0.00764154,-0.0708378,0.706597,0.29381,1.46441,0.37359,1.54377,0.215105,-0.236716,51.4684,1.07486,
42.3258,16.8504,1.22242,0.990475,0.202911,-0.00764301,-0.0708028,0.706602,0.301879,1.47116,0.372717,1.55073,0.215184,-0.23559,51.302,1.07525,
42.3275,16.8504,1.22487,0.990491,0.203007,-0.00764448,-0.0707677,0.706607,0.309948,1.47792,0.371844,1.5577,0.215264,-0.234464,51.1355,1.07564,
42.3293,16.8504,1.22731,0.990507,0.203109,-0.00765528,-0.0707405,0.706612,0.316542,1.48247,0.370735,1.56291,0.215352,-0.233263,50.9774,1.07608,
42.331,16.8504,1.22975,0.990523,0.203212,-0.00766806,-0.0707149,0.706617,0.322822,1.48656,0.369575,1.56774,0.215442,-0.232047,50.821,1.07652,
42.3328,16.8504,1.2322,0.990539,0.203315,-0.00768085,-0.0706893,0.706622,0.329102,1.49064,0.368415,1.57257,0.215532,-0.230831,50.6647,1.07697,
42.3345,16.8504,1.23464,0.990556,0.203418,-0.00769364,-0.0706637,0.706626,0.335382,1.49473,0.367255,1.57741,0.215622,-0.229614,50.5083,1.07742,
42.3363,16.8504,1.23709,0.990572,0.203521,-0.00770643,-0.0706381,0.706631,0.341661,1.49882,0.366095,1.58224,0.215713,-0.228398,50.352,1.07786,
42.338,16.8504,1.23953,0.990588,0.203624,-0.00771922,-0.0706125,0.706636,0.347941,1.5029,0.364935,1.58707,0.215803,-0.227182,50.1956,1.07831,
42.3398,16.8504,1.24198,0.990604,0.203727,-0.00773201,-0.0705869,0.70664,0.354221,1.50699,0.363776,1.5919,0.215893,-0.225966,50.0392,1.07875,
42.3415,16.8504,1.24442,0.99062,0.20383,-0.0077448,-0.0705613,0.706645,0.360501,1.51107,0.362616,1.59674,0.215983,-0.224749,49.8829,1.0792,
42.3433,16.8504,1.24686,0.990636,0.203934,-0.00775759,-0.0705357,0.70665,0.366781,1.51516,0.361456,1.60157,0.216073,-0.223533,49.7265,1.07964,
42.345,16.8504,1.24931,0.990652,0.204037,-0.00777037,-0.0705101,0.706655,0.37306,1.51925,0.360296,1.6064,0.216164,-0.222317,49.5702,1.08009,
42.3467,16.8504,1.25175,0.990668,0.20414,-0.00778316,-0.0704845,0.706659,0.37934,1.52333,0.359136,1.61124,0.216254,-0.2211,49.4138,1.08053,
42.3485,16.8504,1.2542,0.990684,0.204243,-0.00779595,-0.0704589,0.706664,0.38562,1.52742,0.357977,1.61607,0.216344,-0.219884,49.2574,1.08098,
42.3502,16.8504,1.25664,0.990701,0.204347,-0.00781358,-0.070435,0.706669,0.390613,1.52936,0.356583,1.61883,0.216437,-0.218591,49.1045,1.08144,
42.352,16.8504,1.25909,0.990718,0.204452,-0.00783326,-0.0704118,0.706675,0.395063,1.5304,0.355091,1.62072,0.21653,-0.217265,48.9531,1.0819,
42.3537,16.8504,1.26153,0.990736,0.204557,-0.00785293,-0.0703886,0.70668,0.399513,1.53144,0.353599,1.62261,0.216624,-0.215939,48.8017,1.08236,
42.3555,16.8504,1.26397,0.990753,0.204662,-0.0078726,-0.0703655,0.706686,0.403963,1.53248,0.352107,1.6245,0.216718,-0.214614,48.6502,1.08283,
42.3572,16.8504,1.26642,0.990771,0.204767,-0.00789228,-0.0703423,0.706691,0.408413,1.53352,0.350615,1.62639,0.216812,-0.213288,48.4988,1.08329,
42.359,16.8504,1.26886,0.990788,0.204871,-0.00791195,-0.0703191,0.706697,0.412864,1.53456,0.349123,1.62827,0.216906,-0.211962,48.3473,1.08375,
42.3607,16.8504,1.27131,0.990806,0.204976,-0.00793163,-0.070296,0.706702,0.417314,1.5356,0.347631,1.63016,0.217,-0.210636,48.1959,1.08422,
42.3624,16.8504,1.27375,0.990823,0.205081,-0.0079513,-0.0702728,0.706707,0.421764,1.53664,0.346139,1.63205,0.217093,-0.20931,48.0445,1.08468,
42.3642,16.8504,1.2762,0.990841,0.205186,-0.00797097,-0.0702496,0.706713,0.426214,1.53768,0.344648,1.63394,0.217187,-0.207985,47.893,1.08514,
42.3659,16.8504,1.27864,0.990858,0.205291,-0.00799065,-0.0702265,0.706718,0.430664,1.53872,0.343156,1.63583,0.217281,-0.206659,47.7416,1.08561,
42.3677,16.8504,1.28108,0.990876,0.205396,-0.00801032,-0.0702033,0.706724,0.435114,1.53976,0.341664,1.63772,0.217375,-0.205333,47.5901,1.08607,
42.3694,16.8504,1.28353,0.990893,0.2055,-0.00802999,-0.0701801,0.706729,0.439565,1.5408,0.340172,1.6396,0.217469,-0.204007,47.4387,1.08653,
42.3712,16.8504,1.28597,0.99091,0.205605,-0.00804967,-0.0701569,0.706735,0.444015,1.54184,0.33868,1.64149,0.217563,-0.202682,47.2873,1.087,
42.3729,16.8504,1.28842,0.990928,0.20571,-0.00806934,-0.0701338,0.70674,0.448465,1.54288,0.337188,1.64338,0.217656,-0.201356,47.1358,1.08746,
42.3746,16.8504,1.29086,0.990945,0.205815,-0.00808901,-0.0701106,0.706746,0.452915,1.54392,0.335696,1.64527,0.21775,-0.20003,46.9844,1.08792,
42.3764,16.8504,1.2933,0.990963,0.20592,-0.00810869,-0.0700874,0.706751,0.457365,1.54496,0.334204,1.64716,0.217844,-0.198704,46.8329,1.08839,
42.3781,16.8504,1.29575,0.99098,0.206025,-0.00812836,-0.0700643,0.706757,0.461816,1.546,0.332712,1.64905,0.217938,-0.197379,46.6815,1.08885,
42.3799,16.8504,1.29819,0.990998,0.206129,-0.00814803,-0.0700411,0.706762,0.466266,1.54704,0.33122,1.65093,0.218032,-0.196053,46.5301,1.08931,
42.3816,16.8504,1.30064,0.991015,0.206234,-0.00816771,-0.0700179,0.706768,0.470716,1.54808,0.329728,1.65282,0.218126,-0.194727,46.3786,1.08978,
42.3834,16.8504,1.30308,0.991033,0.206339,-0.00818738,-0.0699948,0.706773,0.475166,1.54912,0.328236,1.65471,0.218219,-0.193401,46.2272,1.09024,
42.3851,16.8504,1.30553,0.99105,0.206444,-0.00820705,-0.0699716,0.706779,0.479616,1.55016,0.326744,1.6566,0.218313,-0.192075,46.0757,1.0907,
42.3869,16.8504,1.30797,0.991068,0.206549,-0.00822673,-0.0699484,0.706784,0.484066,1.5512,0.325252,1.65849,0.218407,-0.19075,45.9243,1.09117,
42.3886,16.8504,1.31041,0.991085,0.206654,-0.0082464,-0.0699252,0.706789,0.488517,1.55224,0.32376,1.66038,0.218501,-0.189424,45.7729,1.09163,
42.3904,16.8504,1.31286,0.991102,0.206758,-0.00827017,-0.069905,0.706795,0.492218,1.55207,0.322166,1.66102,0.218595,-0.188105,45.6234,1.0921,
42.3921,16.8504,1.3153,0.991119,0.206862,-0.00829692,-0.069887,0.7068,0.495374,1.55101,0.320498,1.66076,0.218691,-0.186792,45.4752,1.09257,
42.3938,16.8504,1.31775,0.991135,0.206967,-0.00832368,-0.0698689,0.706805,0.49853,1.54995,0.31883,1.6605,0.218786,-0.185478,45.3271,1.09304,
42.3956,16.8504,1.32019,0.991152,0.207071,-0.00835043,-0.0698509,0.70681,0.501687,1.54889,0.317162,1.66024,0.218881,-0.184165,45.179,1.09351,
42.3973,16.8504,1.32264,0.991168,0.207175,-0.00837718,-0.0698328,0.706815,0.504843,1.54783,0.315494,1.65998,0.218976,-0.182852,45.0309,1.09398,
42.3991,16.8504,1.32508,0.991185,0.207279,-0.00840393,-0.0698148,0.706819,0.507999,1.54677,0.313826,1.65972,0.219071,-0.181538,44.8828,1.09445,
42.4008,16.8504,1.32752,0.991202,0.207384,-0.00843068,-0.0697967,0.706824,0.511155,1.54572,0.312158,1.65946,0.219166,-0.180225,44.7346,1.09492,
42.4026,16.8504,1.32997,0.991218,0.207488,-0.00845744,-0.0697787,0.706829,0.514311,1.54466,0.310489,1.6592,0.219261,-0.178911,44.5865,1.09539,
42.4043,16.8504,1.33241,0.991235,0.207592,-0.00848419,-0.0697606,0.706834,0.517467,1.5436,0.308821,1.65895,0.219356,-0.177598,44.4384,1.09586,
42.4061,16.8504,1.33486,0.991252,0.207696,-0.00851094,-0.0697426,0.706839,0.520623,1.54254,0.307153,1.65869,0.219452,-0.176285,44.2903,1.09633,
42.4078,16.8504,1.3373,0.991268,0.207801,-0.00853769,-0.0697245,0.706844,0.52378,1.54148,0.305485,1.65843,0.219547,-0.174971,44.1422,1.0968,
42.4095,16.8504,1.33975,0.991285,0.207905,-0.00856444,-0.0697065,0.706849,0.526936,1.54042,0.303817,1.65817,0.219642,-0.173658,43.9941,1.09727,
42.4113,16.8504,1.34219,0.991302,0.208009,-0.0085912,-0.0696884,0.706854,0.530092,1.53936,0.302149,1.65791,0.219737,-0.172344,43.8459,1.09774,
42.413,16.8504,1.34463,0.991318,0.208113,-0.00861795,-0.0696704,0.706859,0.533248,1.53831,0.300481,1.65765,0.219832,-0.171031,43.6978,1.09821,
42.4148,16.8504,1.34708,0.991335,0.208218,-0.0086447,-0.0696523,0.706864,0.536404,1.53725,0.298812,1.65739,0.219927,-0.169718,43.5497,1.09868,
42.4165,16.8504,1.34952,0.991351,0.208322,-0.00867145,-0.0696343,0.706869,0.53956,1.53619,0.297144,1.65713,0.220022,-0.168404,43.4016,1.09915,
42.4183,16.8504,1.35197,0.991368,0.208426,-0.00869821,-0.0696162,0.706874,0.542717,1.53513,0.295476,1.65687,0.220117,-0.167091,43.2535,1.09962,
42.42,16.8504,1.35441,0.991385,0.20853,-0.00872496,-0.0695982,0.706879,0.545873,1.53407,0.293808,1.65661,0.220212,-0.165777,43.1054,1.10009,
42.4218,16.8504,1.35686,0.991401,0.208634,-0.00875171,-0.0695801,0.706884,0.549029,1.53301,0.29214,1.65635,0.220308,-0.164464,42.9572,1.10056,
42.4235,16.8504,1.3593,0.991418,0.208739,-0.00877846,-0.0695621,0.706889,0.552185,1.53196,0.290472,1.65609,0.220403,-0.163151,42.8091,1.10103,
42.4252,16.8504,1.36174,0.991435,0.208843,-0.00880521,-0.069544,0.706894,0.555341,1.5309,0.288804,1.65583,0.220498,-0.161837,42.661,1.1015,
42.427,16.8504,1.36419,0.991451,0.208947,-0.00883197,-0.069526,0.706899,0.558497,1.52984,0.287136,1.65557,0.220593,-0.160524,42.5129,1.10197,
42.4287,16.8504,1.36663,0.991468,0.209051,-0.00885872,-0.0695079,0.706904,0.561653,1.52878,0.285467,1.65531,0.220688,-0.15921,42.3648,1.10244,
42.4305,16.8504,1.36908,0.991484,0.209156,-0.00888547,-0.0694899,0.706909,0.56481,1.52772,0.283799,1.65505,0.220783,-0.157897,42.2167,1.10291,
42.4322,16.8504,1.37152,0.991501,0.20926,-0.00891222,-0.0694718,0.706914,0.567966,1.52666,0.282131,1.65479,0.220878,-0.156583,42.0685,1.10338,
42.434,16.8504,1.37397,0.991518,0.209364,-0.00893897,-0.0694538,0.706919,0.571122,1.5256,0.280463,1.65453,0.220973,-0.15527,41.9204,1.10385,
42.4357,16.8504,1.37641,0.991534,0.209468,-0.00896573,-0.0694357,0.706924,0.574278,1.52455,0.278795,1.65427,0.221069,-0.153957,41.7723,1.10431,
42.4375,16.8504,1.37885,0.991551,0.209573,-0.00899248,-0.0694177,0.706929,0.577434,1.52349,0.277127,1.65401,0.221164,-0.152643,41.6242,1.10478,
42.4392,16.8504,1.3813,0.991568,0.209677,-0.00901923,-0.0693996,0.706934,0.58059,1.52243,0.275459,1.65375,0.221259,-0.15133,41.4761,1.10525,
42.4409,16.8504,1.38374,0.991584,0.209781,-0.00904598,-0.0693816,0.706939,0.583746,1.52137,0.27379,1.65349,0.221354,-0.150016,41.328,1.10572,
42.4427,16.8504,1.38619,0.991601,0.209885,-0.00907273,-0.0693635,0.706944,0.586903,1.52031,0.272122,1.65323,0.221449,-0.148703,41.1798,1.10619,
42.4444,16.8504,1.38863,0.991618,0.20999,-0.00909949,-0.0693455,0.706949,0.590059,1.51925,0.270454,1.65298,0.221544,-0.14739,41.0317,1.10666,
42.4462,16.8504,1.39108,0.991634,0.210094,-0.00912605,-0.0693271,0.706954,0.593278,1.5183,0.268793,1.65282,0.221639,-0.146075,40.8834,1.10713,
42.4479,16.8504,1.39352,0.991651,0.2102,-0.00915172,-0.0693068,0.706959,0.596783,1.5178,0.267167,1.65315,0.221735,-0.144755,40.7344,1.10761,
42.4497,16.8504,1.39596,0.991668,0.210305,-0.0091774,-0.0692866,0.706964,0.600289,1.5173,0.26554,1.65348,0.221831,-0.143435,40.5854,1.10808,
42.4514,16.8504,1.39841,0.991684,0.21041,-0.00920494,-0.0692677,0.706968,0.603387,1.5162,0.263872,1.65316,0.221926,-0.142128,40.4375,1.10855,
42.4532,16.8504,1.40085,0.9917,0.210513,-0.00923621,-0.0692515,0.706973,0.605671,1.51388,0.262122,1.65156,0.222021,-0.140845,40.2918,1.10902,
42.4549,16.8504,1.4033,0.991715,0.210613,-0.00926797,-0.0692345,0.706978,0.607582,1.51094,0.260336,1.64928,0.222113,-0.139575,40.146,1.10947,
42.4566,16.8504,1.40574,0.991731,0.210707,-0.00930083,-0.0692157,0.706983,0.608633,1.50654,0.258468,1.64546,0.222199,-0.138331,40.0002,1.1099,
42.4584,16.8504,1.40819,0.991747,0.2108,-0.00933369,-0.0691969,0.706988,0.609685,1.50214,0.2566,1.64163,0.222284,-0.137087,39.8544,1.11032,
42.4601,16.8504,1.41063,0.991762,0.210894,-0.00936655,-0.0691782,0.706993,0.610736,1.49774,0.254732,1.6378,0.22237,-0.135843,39.7086,1.11074,
42.4619,16.8504,1.41307,0.991778,0.210987,-0.00939941,-0.0691594,0.706998,0.611787,1.49334,0.252864,1.63397,0.222456,-0.134599,39.5629,1.11117,
42.4636,16.8504,1.41552,0.991794,0.211081,-0.00943227,-0.0691406,0.707003,0.612838,1.48894,0.250996,1.63014,0.222542,-0.133355,39.4171,1.11159,
42.4654,16.8504,1.41796,0.991809,0.211175,-0.00946513,-0.0691218,0.707008,0.613889,1.48454,0.249128,1.62631,0.222628,-0.132112,39.2713,1.11202,
42.4671,16.8504,1.42041,0.991825,0.211268,-0.00949799,-0.0691031,0.707013,0.61494,1.48014,0.24726,1.62249,0.222714,-0.130868,39.1255,1.11244,
42.4689,16.8504,1.42285,0.99184,0.211362,-0.00953085,-0.0690843,0.707019,0.615992,1.47574,0.245392,1.61866,0.222799,-0.129624,38.9797,1.11286,
42.4706,16.8504,1.4253,0.991856,0.211455,-0.00956371,-0.0690655,0.707024,0.617043,1.47133,0.243524,1.61483,0.222885,-0.12838,38.8339,1.11329,
42.4723,16.8504,1.42774,0.991872,0.211549,-0.00959657,-0.0690467,0.707029,0.618094,1.46693,0.241656,1.611,0.222971,-0.127136,38.6881,1.11371,
42.4741,16.8504,1.43018,0.991887,0.211642,-0.00962943,-0.069028,0.707034,0.619145,1.46253,0.239788,1.60717,0.223057,-0.125892,38.5424,1.11414,
42.4758,16.8504,1.43263,0.991903,0.211736,-0.00966229,-0.0690092,0.707039,0.620196,1.45813,0.23792,1.60335,0.223143,-0.124649,38.3966,1.11456,
42.4776,16.8504,1.43507,0.991919,0.21183,-0.00969515,-0.0689904,0.707044,0.621247,1.45373,0.236052,1.59952,0.223228,-0.123405,38.2508,1.11498,
42.4793,16.8504,1.43752,0.991934,0.211923,-0.00972802,-0.0689716,0.707049,0.622299,1.44933,0.234184,1.59569,0.223314,-0.122161,38.105,1.11541,
42.4811,16.8504,1.43996,0.99195,0.212017,-0.00976088,-0.0689529,0.707054,0.62335,1.44493,0.232316,1.59186,0.2234,-0.120917,37.9592,1.11583,
42.4828,16.8504,1.44241,0.991965,0.21211,-0.00979374,-0.0689341,0.707059,0.624401,1.44053,0.230448,1.58803,0.223486,-0.119673,37.8134,1.11625,
42.4846,16.8504,1.44485,0.991981,0.212204,-0.0098266,-0.0689153,0.707065,0.625452,1.43613,0.22858,1.5842,0.223572,-0.118429,37.6676,1.11668,
42.4863,16.8504,1.44729,0.991997,0.212298,-0.00985946,-0.0688966,0.70707,0.626503,1.43173,0.226712,1.58038,0.223658,-0.117186,37.5218,1.1171,
42.488,16.8504,1.44974,0.992012,0.212391,-0.00989232,-0.0688778,0.707075,0.627554,1.42733,0.224844,1.57655,0.223743,-0.115942,37.3761,1.11753,
42.4898,16.8504,1.45218,0.992028,0.212485,-0.00992518,-0.068859,0.70708,0.628606,1.42293,0.222976,1.57272,0.223829,-0.114698,37.2303,1.11795,
42.4915,16.8504,1.45463,0.992044,0.212578,-0.00995804,-0.0688402,0.707085,0.629657,1.41853,0.221108,1.56889,0.223915,-0.113454,37.0845,1.11837,
42.4933,16.8504,1.45707,0.992059,0.212672,-0.0099909,-0.0688215,0.70709,0.630708,1.41413,0.21924,1.56506,0.224001,-0.11221,36.9387,1.1188,
42.495,16.8504,1.45952,0.992075,0.212765,-0.0100238,-0.0688027,0.707095,0.631759,1.40973,0.217372,1.56123,0.224087,-0.110966,36.7929,1.11922,
42.4968,16.8504,1.46196,0.992091,0.212859,-0.0100566,-0.0687839,0.7071,0.63281,1.40532,0.215504,1.55741,0.224172,-0.109723,36.6471,1.11965,
42.4985,16.8504,1.4644,0.992106,0.212953,-0.0100895,-0.0687651,0.707105,0.633861,1.40092,0.213636,1.55358,0.224258,-0.108479,36.5013,1.12007,
42.5003,16.8504,1.46685,0.992122,0.213046,-0.0101223,-0.0687464,0.707111,0.634913,1.39652,0.211768,1.54975,0.224344,-0.107235,36.3556,1.12049,
42.502,16.8504,1.46929,0.992137,0.21314,-0.0101552,-0.0687276,0.707116,0.635964,1.39212,0.2099,1.54592,0.22443,-0.105991,36.2098,1.12092,
42.5037,16.8504,1.47174,0.992153,0.213233,-0.0101881,-0.0687088,0.707121,0.637015,1.38772,0.208032,1.54209,0.224516,-0.104747,36.064,1.12134,
42.5055,16.8504,1.47418,0.992169,0.213327,-0.0102209,-0.06869,0.707126,0.638066,1.38332,0.206164,1.53827,0.224602,-0.103503,35.9182,1.12176,
42.5072,16.8504,1.47663,0.992184,0.213421,-0.0102538,-0.0686713,0.707131,0.639117,1.37892,0.204296,1.53444,0.224687,-0.10226,35.7724,1.12219,
42.509,16.8504,1.47907,0.9922,0.213514,-0.0102866,-0.0686525,0.707136,0.640168,1.37452,0.202428,1.53061,0.224773,-0.101016,35.6266,1.12261,
42.5107,16.8504,1.48151,0.992216,0.213608,-0.0103195,-0.0686337,0.707141,0.64122,1.37012,0.20056,1.52678,0.224859,-0.099772,35.4808,1.12304,
42.5125,16.8504,1.48396,0.992231,0.213701,-0.0103526,-0.0686151,0.707146,0.642184,1.36563,0.198696,1.52285,0.224944,-0.098537,35.3355,1.12346,
42.5142,16.8504,1.4864,0.992245,0.213787,-0.0103878,-0.0685977,0.707151,0.642251,1.3602,0.196871,1.51781,0.225024,-0.0973939,35.1944,1.12385,
42.516,16.8504,1.48885,0.992259,0.213873,-0.010423,-0.0685803,0.707156,0.642317,1.35478,0.195047,1.51278,0.225103,-0.0962508,35.0533,1.12424,
42.5177,16.8504,1.49129,0.992273,0.21396,-0.0104582,-0.0685629,0.70716,0.642384,1.34935,0.193223,1.50775,0.225182,-0.0951077,34.9122,1.12463,
42.5195,16.8504,1.49374,0.992287,0.214046,-0.0104934,-0.0685455,0.707165,0.642451,1.34393,0.191398,1.50272,0.225261,-0.0939646,34.7711,1.12502,
42.5212,16.8504,1.49618,0.992301,0.214132,-0.0105286,-0.0685281,0.70717,0.642517,1.3385,0.189574,1.49768,0.225341,-0.0928215,34.63,1.12542,
42.5229,16.8504,1.49862,0.992315,0.214219,-0.0105638,-0.0685107,0.707174,0.642584,1.33307,0.187749,1.49265,0.22542,-0.0916784,34.489,1.12581,
42.5247,16.8504,1.50107,0.992329,0.214305,-0.010599,-0.0684932,0.707179,0.642651,1.32765,0.185925,1.48762,0.225499,-0.0905353,34.3479,1.1262,
42.5264,16.8504,1.50351,0.992343,0.214391,-0.0106342,-0.0684758,0.707183,0.642717,1.32222,0.1841,1.48259,0.225578,-0.0893922,34.2068,1.12659,
42.5282,16.8504,1.50596,0.992357,0.214478,-0.0106694,-0.0684584,0.707188,0.642784,1.3168,0.182276,1.47755,0.225658,-0.0882491,34.0657,1.12698,
42.5299,16.8504,1.5084,0.992371,0.214564,-0.0107047,-0.068441,0.707193,0.642851,1.31137,0.180452,1.47252,0.225737,-0.087106,33.9246,1.12737,
42.5317,16.8504,1.51085,0.992385,0.21465,-0.0107399,-0.0684236,0.707197,0.642917,1.30595,0.178627,1.46749,0.225816,-0.0859629,33.7835,1.12777,
42.5334,16.8504,1.51329,0.992399,0.214737,-0.0107751,-0.0684062,0.707202,0.642984,1.30052,0.176803,1.46246,0.225895,-0.0848197,33.6424,1.12816,
42.5352,16.8504,1.51573,0.992413,0.214823,-0.0108103,-0.0683888,0.707207,0.643051,1.2951,0.174978,1.45742,0.225975,-0.0836766,33.5014,1.12855,
42.5369,16.8504,1.51818,0.992427,0.214909,-0.0108455,-0.0683714,0.707211,0.643117,1.28967,0.173154,1.45239,0.226054,-0.0825335,33.3603,1.12894,
42.5386,16.8504,1.52062,0.992441,0.214996,-0.0108807,-0.068354,0.707216,0.643184,1.28424,0.171329,1.44736,0.226133,-0.0813904,33.2192,1.12933,
42.5404,16.8504,1.52307,0.992455,0.215082,-0.0109159,-0.0683366,0.707221,0.643251,1.27882,0.169505,1.44232,0.226213,-0.0802473,33.0781,1.12972,
42.5421,16.8504,1.52551,0.992468,0.215168,-0.0109511,-0.0683192,0.707225,0.643317,1.27339,0.167681,1.43729,0.226292,-0.0791042,32.937,1.13012,
42.5439,16.8504,1.52796,0.992482,0.215255,-0.0109863,-0.0683018,0.70723,0.643384,1.26797,0.165856,1.43226,0.226371,-0.0779611,32.7959,1.13051,
42.5456,16.8504,1.5304,0.992496,0.215341,-0.0110215,-0.0682844,0.707235,0.643451,1.26254,0.164032,1.42723,0.22645,-0.076818,32.6548,1.1309,
42.5474,16.8504,1.53284,0.99251,0.215427,-0.0110567,-0.068267,0.707239,0.643517,1.25712,0.162207,1.42219,0.22653,-0.0756749,32.5138,1.13129,
42.5491,16.8504,1.53529,0.992524,0.215514,-0.0110919,-0.0682496,0.707244,0.643584,1.25169,0.160383,1.41716,0.226609,-0.0745318,32.3727,1.13168,
42.5509,16.8504,1.53773,0.992538,0.2156,-0.0111271,-0.0682322,0.707249,0.643651,1.24626,0.158558,1.41213,0.226688,-0.0733887,32.2316,1.13207,
42.5526,16.8504,1.54018,0.992552,0.215686,-0.0111624,-0.0682148,0.707253,0.643717,1.24084,0.156734,1.4071,0.226767,-0.0722456,32.0905,1.13247,
42.5543,16.8504,1.54262,0.992566,0.215773,-0.0111976,-0.0681974,0.707258,0.643784,1.23541,0.15491,1.40206,0.226847,-0.0711025,31.9494,1.13286,
42.5561,16.8504,1.54507,0.99258,0.215859,-0.0112328,-0.06818,0.707262,0.643851,1.22999,0.153085,1.39703,0.226926,-0.0699594,31.8083,1.13325,
42.5578,16.8504,1.54751,0.992594,0.215945,-0.011268,-0.0681626,0.707267,0.643917,1.22456,0.151261,1.392,0.227005,-0.0688163,31.6672,1.13364,
42.5596,16.8504,1.54995,0.992608,0.216032,-0.0113032,-0.0681452,0.707272,0.643984,1.21914,0.149436,1.38697,0.227084,-0.0676731,31.5261,1.13403,
42.5613,16.8504,1.5524,0.992621,0.216105,-0.0113367,-0.0681235,0.707277,0.643074,1.21262,0.147698,1.38066,0.22715,-0.0666386,31.3876,1.13436,
42.5631,16.8504,1.55484,0.992634,0.216176,-0.0113701,-0.0681013,0.707282,0.642057,1.20598,0.145969,1.3742,0.227215,-0.065616,31.2493,1.13468,
42.5648,16.8504,1.55729,0.992647,0.216248,-0.0114035,-0.0680792,0.707287,0.641039,1.19935,0.14424,1.36775,0.227279,-0.0645934,31.111,1.13499,
42.5666,16.8504,1.55973,0.992661,0.21632,-0.0114368,-0.0680571,0.707293,0.640021,1.19271,0.142511,1.3613,0.227344,-0.0635708,30.9727,1.13531,
42.5683,16.8504,1.56218,0.992674,0.216391,-0.0114702,-0.0680349,0.707298,0.639003,1.18607,0.140782,1.35485,0.227408,-0.0625482,30.8344,1.13563,
42.57,16.8504,1.56462,0.992687,0.216463,-0.0115035,-0.0680128,0.707303,0.637986,1.17943,0.139053,1.3484,0.227472,-0.0615256,30.6961,1.13595,
42.5718,16.8504,1.56706,0.9927,0.216535,-0.0115369,-0.0679906,0.707308,0.636968,1.1728,0.137324,1.34195,0.227537,-0.060503,30.5578,1.13627,
42.5735,16.8504,1.56951,0.992713,0.216606,-0.0115702,-0.0679685,0.707313,0.63595,1.16616,0.135595,1.3355,0.227601,-0.0594804,30.4195,1.13659,
42.5753,16.8504,1.57195,0.992724,0.21667,-0.0116031,-0.0679461,0.707318,0.634293,1.15925,0.134018,1.32859,0.227658,-0.0585695,30.2871,1.13687,
42.577,16.8504,1.5744,0.992735,0.216733,-0.0116359,-0.0679236,0.707323,0.632516,1.15229,0.13247,1.3216,0.227713,-0.0576796,30.1558,1.13714,
42.5788,16.8504,1.57684,0.992746,0.216795,-0.0116687,-0.0679012,0.707328,0.630739,1.14533,0.130922,1.31461,0.227769,-0.0567896,30.0245,1.13742,
42.5805,16.8504,1.57929,0.992758,0.216858,-0.0117015,-0.0678787,0.707333,0.628963,1.13837,0.129374,1.30762,0.227824,-0.0558997,29.8931,1.13769,
42.5823,16.8504,1.58173,0.992769,0.21692,-0.0117343,-0.0678563,0.707337,0.627186,1.13141,0.127826,1.30063,0.22788,-0.0550097,29.7618,1.13796,
42.584,16.8504,1.58417,0.99278,0.216983,-0.0117671,-0.0678338,0.707342,0.625409,1.12445,0.126278,1.29364,0.227935,-0.0541198,29.6305,1.13824,
42.5857,16.8504,1.58662,0.992791,0.217046,-0.0117999,-0.0678114,0.707347,0.623633,1.11749,0.124729,1.28665,0.22799,-0.0532298,29.4992,1.13851,
42.5875,16.8504,1.58906,0.992802,0.217108,-0.0118327,-0.067789,0.707352,0.621856,1.11053,0.123181,1.27965,0.228046,-0.0523398,29.3678,1.13879,
42.5892,16.8504,1.59151,0.992813,0.217171,-0.0118655,-0.0677665,0.707356,0.620079,1.10357,0.121633,1.27266,0.228101,-0.0514499,29.2365,1.13906,
42.591,16.8504,1.59395,0.992824,0.217233,-0.0118983,-0.0677441,0.707361,0.618302,1.09661,0.120085,1.26567,0.228156,-0.0505599,29.1052,1.13933,
42.5927,16.8504,1.5964,0.992836,0.217296,-0.0119312,-0.0677216,0.707366,0.616526,1.08965,0.118537,1.25868,0.228212,-0.04967,28.9739,1.13961,
42.5945,16.8504,1.59884,0.992847,0.21736,-0.0119644,-0.0676988,0.707371,0.614861,1.08273,0.116957,1.25177,0.228269,-0.0487583,28.8414,1.13989,
42.5962,16.8504,1.60128,0.992859,0.217426,-0.011998,-0.0676757,0.707375,0.613288,1.07584,0.115351,1.24491,0.228328,-0.0478292,28.708,1.14018,
42.598,16.8504,1.60373,0.99287,0.217492,-0.0120316,-0.0676526,0.70738,0.611715,1.06895,0.113745,1.23805,0.228386,-0.0469,28.5746,1.14047,
42.5997,16.8504,1.60617,0.992882,0.217558,-0.0120652,-0.0676295,0.707385,0.610141,1.06207,0.112139,1.2312,0.228445,-0.0459709,28.4412,1.14076,
42.6014,16.8504,1.60862,0.992893,0.217624,-0.0120989,-0.0676064,0.70739,0.608568,1.05518,0.110533,1.22434,0.228503,-0.0450418,28.3078,1.14105,
42.6032,16.8504,1.61106,0.992905,0.21769,-0.0121325,-0.0675832,0.707394,0.606994,1.0483,0.108927,1.21749,0.228562,-0.0441126,28.1744,1.14134,
42.6049,16.8504,1.61351,0.992916,0.217756,-0.0121661,-0.0675601,0.707399,0.605421,1.04141,0.107321,1.21063,0.228621,-0.0431835,28.041,1.14163,
42.6067,16.8504,1.61595,0.992928,0.217822,-0.0121997,-0.067537,0.707404,0.603848,1.03453,0.105715,1.20377,0.228679,-0.0422543,27.9076,1.14192,
42.6084,16.8504,1.61839,0.992939,0.217888,-0.0122333,-0.0675139,0.707409,0.602274,1.02764,0.104109,1.19692,0.228738,-0.0413252,27.7742,1.14221,
42.6102,16.8504,1.62084,0.992951,0.217954,-0.0122669,-0.0674908,0.707413,0.600701,1.02076,0.102503,1.19006,0.228797,-0.0403961,27.6408,1.1425,
42.6119,16.8504,1.62328,0.992963,0.21802,-0.0123005,-0.0674677,0.707418,0.599127,1.01387,0.100897,1.18321,0.228855,-0.0394669,27.5074,1.14279,
42.6137,16.8504,1.62573,0.992974,0.218086,-0.0123341,-0.0674446,0.707423,0.597554,1.00699,0.0992914,1.17635,0.228914,-0.0385378,27.374,1.14308,
42.6154,16.8504,1.62817,0.992986,0.218152,-0.0123678,-0.0674214,0.707428,0.595981,1.0001,0.0976855,1.16949,0.228972,-0.0376086,27.2406,1.14337,
42.6171,16.8504,1.63061,0.992997,0.218218,-0.0124014,-0.0673983,0.707432,0.594407,0.993214,0.0960795,1.16264,0.229031,-0.0366795,27.1072,1.14366,
42.6189,16.8504,1.63306,0.993009,0.218285,-0.012435,-0.0673752,0.707437,0.592834,0.986328,0.0944736,1.15578,0.22909,-0.0357504,26.9738,1.14395,
42.6206,16.8504,1.6355,0.99302,0.218351,-0.0124686,-0.0673521,0.707442,0.59126,0.979443,0.0928677,1.14893,0.229148,-0.0348212,26.8404,1.14424,
42.6224,16.8504,1.63795,0.993032,0.218417,-0.0125022,-0.067329,0.707447,0.589687,0.972557,0.0912617,1.14207,0.229207,-0.0338921,26.7069,1.14453,
42.6241,16.8504,1.64039,0.993044,0.218483,-0.0125358,-0.0673059,0.707451,0.588113,0.965672,0.0896558,1.13521,0.229265,-0.0329629,26.5735,1.14482,
42.6259,16.8504,1.64284,0.993055,0.218549,-0.0125694,-0.0672828,0.707456,0.58654,0.958786,0.0880499,1.12836,0.229324,-0.0320338,26.4401,1.14511,
42.6276,16.8504,1.64528,0.993067,0.218615,-0.012603,-0.0672597,0.707461,0.584967,0.951901,0.0864439,1.1215,0.229383,-0.0311047,26.3067,1.1454,
42.6294,16.8504,1.64772,0.993078,0.218681,-0.0126367,-0.0672365,0.707466,0.583393,0.945015,0.084838,1.11465,0.229441,-0.0301755,26.1733,1.14569,
42.6311,16.8504,1.65017,0.99309,0.218747,-0.0126703,-0.0672134,0.70747,0.58182,0.93813,0.0832321,1.10779,0.2295,-0.0292464,26.0399,1.14598,
42.6328,16.8504,1.65261,0.993101,0.218813,-0.0127039,-0.0671903,0.707475,0.580246,0.931244,0.0816261,1.10093,0.229559,-0.0283172,25.9065,1.14627,
42.6346,16.8504,1.65506,0.993113,0.218879,-0.0127375,-0.0671672,0.70748,0.578673,0.924359,0.0800202,1.09408,0.229617,-0.0273881,25.7731,1.14656,
42.6363,16.8504,1.6575,0.993123,0.218939,-0.0127702,-0.0671437,0.707484,0.576713,0.917391,0.0785335,1.08702,0.22967,-0.0265393,25.6441,1.14682,
42.6381,16.8504,1.65995,0.993133,0.218996,-0.0128024,-0.06712,0.707489,0.574493,0.910369,0.0771272,1.07982,0.229719,-0.0257447,25.5179,1.14706,
42.6398,16.8504,1.66239,0.993143,0.219052,-0.0128345,-0.0670963,0.707493,0.572273,0.903347,0.0757208,1.07261,0.229769,-0.0249501,25.3917,1.14731,
42.6416,16.8504,1.66483,0.993153,0.219109,-0.0128667,-0.0670725,0.707497,0.570053,0.896325,0.0743145,1.06541,0.229818,-0.0241555,25.2656,1.14755,
42.6433,16.8504,1.66728,0.993162,0.219166,-0.0128988,-0.0670488,0.707502,0.567833,0.889302,0.0729082,1.05821,0.229867,-0.0233608,25.1394,1.14779,
42.6451,16.8504,1.66972,0.993172,0.219222,-0.012931,-0.0670251,0.707506,0.565613,0.88228,0.0715018,1.05101,0.229916,-0.0225662,25.0133,1.14804,
42.6468,16.8504,1.67217,0.993182,0.219279,-0.0129631,-0.0670014,0.70751,0.563393,0.875258,0.0700955,1.04381,0.229965,-0.0217716,24.8871,1.14828,
42.6485,16.8504,1.67461,0.993191,0.219336,-0.0129953,-0.0669777,0.707515,0.561172,0.868235,0.0686892,1.03661,0.230015,-0.020977,24.761,1.14853,
42.6503,16.8504,1.67706,0.993201,0.219392,-0.0130274,-0.0669539,0.707519,0.558952,0.861213,0.0672828,1.02941,0.230064,-0.0201824,24.6348,1.14877,
42.652,16.8504,1.6795,0.993211,0.219449,-0.0130596,-0.0669302,0.707523,0.556732,0.854191,0.0658765,1.0222,0.230113,-0.0193878,24.5087,1.14901,
42.6538,16.8504,1.68194,0.993221,0.219506,-0.0130917,-0.0669065,0.707528,0.554512,0.847168,0.0644702,1.015,0.230162,-0.0185931,24.3825,1.14926,
42.6555,16.8504,1.68439,0.99323,0.219562,-0.0131239,-0.0668828,0.707532,0.552292,0.840146,0.0630638,1.0078,0.230211,-0.0177985,24.2564,1.1495,
42.6573,16.8504,1.68683,0.99324,0.219619,-0.013156,-0.066859,0.707536,0.550072,0.833124,0.0616575,1.0006,0.230261,-0.0170039,24.1302,1.14974,
42.659,16.8504,1.68928,0.99325,0.219675,-0.0131882,-0.0668353,0.707541,0.547852,0.826101,0.0602512,0.9934,0.23031,-0.0162093,24.0041,1.14999,
42.6608,16.8504,1.69172,0.993259,0.219732,-0.0132203,-0.0668116,0.707545,0.545632,0.819079,0.0588448,0.986198,0.230359,-0.0154147,23.8779,1.15023,
42.6625,16.8504,1.69417,0.993269,0.219789,-0.0132524,-0.0667879,0.707549,0.543411,0.812057,0.0574385,0.978997,0.230408,-0.01462,23.7517,1.15047,
42.6642,16.8504,1.69661,0.993279,0.219845,-0.0132846,-0.0667641,0.707554,0.541191,0.805035,0.0560322,0.971796,0.230458,-0.0138254,23.6256,1.15072,
42.666,16.8504,1.69905,0.993288,0.219894,-0.0133137,-0.0667373,0.707558,0.538592,0.79793,0.0547721,0.964386,0.230498,-0.0131157,23.5028,1.15092,
42.6677,16.8504,1.7015,0.993296,0.219934,-0.0133398,-0.0667075,0.707563,0.535614,0.790744,0.0536587,0.956768,0.230529,-0.0124912,23.3835,1.15107,
42.6695,16.8504,1.70394,0.993305,0.219973,-0.0133659,-0.0666776,0.707568,0.532635,0.783557,0.0525453,0.949149,0.230561,-0.0118667,23.2642,1.15123,
42.6712,16.8504,1.70639,0.993313,0.220013,-0.0133921,-0.0666477,0.707573,0.529656,0.776371,0.0514319,0.941531,0.230592,-0.0112422,23.1449,1.15139,
42.673,16.8504,1.70883,0.993322,0.220053,-0.0134182,-0.0666178,0.707578,0.526677,0.769185,0.0503186,0.933912,0.230624,-0.0106177,23.0256,1.15154,
42.6747,16.8504,1.71128,0.99333,0.220093,-0.0134443,-0.066588,0.707583,0.523698,0.761998,0.0492052,0.926294,0.230655,-0.00999322,22.9063,1.1517,
42.6765,16.8504,1.71372,0.993339,0.220133,-0.0134704,-0.0665581,0.707587,0.520719,0.754812,0.0480918,0.918675,0.230687,-0.00936872,22.787,1.15185,
42.6782,16.8504,1.71616,0.993347,0.220173,-0.0134965,-0.0665282,0.707592,0.51774,0.747625,0.0469785,0.911057,0.230718,-0.00874422,22.6676,1.15201,
42.68,16.8504,1.71861,0.993356,0.220212,-0.0135226,-0.0664983,0.707597,0.514761,0.740439,0.0458651,0.903439,0.23075,-0.00811972,22.5483,1.15217,
42.6817,16.8504,1.72105,0.993364,0.220252,-0.0135487,-0.0664685,0.707602,0.511782,0.733252,0.0447517,0.89582,0.230781,-0.00749522,22.429,1.15232,
42.6834,16.8504,1.7235,0.993373,0.220292,-0.0135748,-0.0664386,0.707607,0.508803,0.726066,0.0436383,0.888202,0.230812,-0.00687071,22.3097,1.15248,
42.6852,16.8504,1.72594,0.993381,0.220332,-0.0136009,-0.0664087,0.707612,0.505824,0.718879,0.042525,0.880583,0.230844,-0.00624621,22.1904,1.15264,
42.6869,16.8504,1.72839,0.99339,0.220372,-0.013627,-0.0663788,0.707617,0.502845,0.711693,0.0414116,0.872965,0.230875,-0.00562171,22.0711,1.15279,
42.6887,16.8504,1.73083,0.993398,0.220412,-0.0136531,-0.066349,0.707621,0.499866,0.704506,0.0402982,0.865346,0.230907,-0.00499721,21.9517,1.15295,
42.6904,16.8504,1.73327,0.993406,0.220452,-0.0136792,-0.0663191,0.707626,0.496887,0.69732,0.0391849,0.857728,0.230938,-0.00437271,21.8324,1.1531,
42.6922,16.8504,1.73572,0.993415,0.220491,-0.0137053,-0.0662892,0.707631,0.493908,0.690134,0.0380715,0.850109,0.23097,-0.00374821,21.7131,1.15326,
42.6939,16.8504,1.73816,0.993423,0.220531,-0.0137315,-0.0662593,0.707636,0.490929,0.682947,0.0369581,0.842491,0.231001,-0.00312371,21.5938,1.15342,
42.6957,16.8504,1.74061,0.993432,0.220571,-0.0137576,-0.0662295,0.707641,0.487951,0.675761,0.0358448,0.834872,0.231033,-0.00249921,21.4745,1.15357,
42.6974,16.8504,1.74305,0.99344,0.220608,-0.0137825,-0.0661992,0.707646,0.484876,0.668716,0.0348102,0.827344,0.231061,-0.00192153,21.358,1.15371,
42.6991,16.8504,1.7455,0.993447,0.220639,-0.0138054,-0.0661683,0.70765,0.481623,0.661933,0.0339209,0.819982,0.231083,-0.00143018,21.2467,1.15382,
42.7009,16.8504,1.74794,0.993453,0.22067,-0.0138283,-0.0661374,0.707654,0.478371,0.655149,0.0330316,0.81262,0.231106,-0.000938829,21.1353,1.15394,
42.7026,16.8504,1.75038,0.99346,0.220701,-0.0138512,-0.0661065,0.707659,0.475119,0.648366,0.0321423,0.805258,0.231128,-0.000447478,21.024,1.15405,
42.7044,16.8504,1.75283,0.993467,0.220733,-0.013874,-0.0660756,0.707663,0.471867,0.641583,0.031253,0.797896,0.231151,4.38732e-05,20.9127,1.15416,
42.7061,16.8504,1.75527,0.993474,0.220764,-0.0138969,-0.0660447,0.707668,0.468614,0.634799,0.0303637,0.790534,0.231173,0.000535224,20.8014,1.15427,
42.7079,16.8504,1.75772,0.993481,0.220795,-0.0139198,-0.0660138,0.707672,0.465362,0.628016,0.0294744,0.783172,0.231196,0.00102658,20.6901,1.15438,
42.7096,16.8504,1.76016,0.993487,0.220826,-0.0139427,-0.0659829,0.707676,0.46211,0.621233,0.0285852,0.77581,0.231218,0.00151793,20.5788,1.1545,
42.7114,16.8504,1.76261,0.993494,0.220857,-0.0139656,-0.065952,0.707681,0.458858,0.614449,0.0276959,0.768448,0.231241,0.00200928,20.4674,1.15461,
42.7131,16.8504,1.76505,0.993501,0.220888,-0.0139884,-0.065921,0.707685,0.455605,0.607666,0.0268066,0.761086,0.231263,0.00250063,20.3561,1.15472,
42.7148,16.8504,1.76749,0.993508,0.22092,-0.0140113,-0.0658901,0.70769,0.452353,0.600883,0.0259173,0.753724,0.231286,0.00299198,20.2448,1.15483,
42.7166,16.8504,1.76994,0.993515,0.220951,-0.0140342,-0.0658592,0.707694,0.449101,0.5941,0.025028,0.746362,0.231308,0.00348333,20.1335,1.15494,
42.7183,16.8504,1.77238,0.993522,0.220982,-0.0140571,-0.0658283,0.707698,0.445849,0.587316,0.0241387,0.739,0.231331,0.00397468,20.0222,1.15505,
42.7201,16.8504,1.77483,0.993528,0.221013,-0.0140799,-0.0657974,0.707703,0.442596,0.580533,0.0232494,0.731638,0.231353,0.00446603,19.9109,1.15517,
42.7218,16.8504,1.77727,0.993535,0.221044,-0.0141028,-0.0657665,0.707707,0.439344,0.57375,0.0223601,0.724275,0.231376,0.00495738,19.7995,1.15528,
42.7236,16.8504,1.77972,0.993542,0.221075,-0.0141257,-0.0657356,0.707712,0.436092,0.566966,0.0214708,0.716913,0.231398,0.00544874,19.6882,1.15539,
42.7253,16.8504,1.78216,0.993549,0.221107,-0.0141486,-0.0657047,0.707716,0.43284,0.560183,0.0205816,0.709551,0.231421,0.00594009,19.5769,1.1555,
42.7271,16.8504,1.7846,0.993556,0.221138,-0.0141715,-0.0656738,0.70772,0.429587,0.5534,0.0196923,0.702189,0.231443,0.00643144,19.4656,1.15561,
42.7288,16.8504,1.78705,0.993562,0.221169,-0.0141943,-0.0656429,0.707725,0.426335,0.546616,0.018803,0.694827,0.231466,0.00692279,19.3543,1.15573,
42.7305,16.8504,1.78949,0.993569,0.2212,-0.0142172,-0.065612,0.707729,0.423083,0.539833,0.0179137,0.687465,0.231488,0.00741414,19.243,1.15584,
42.7323,16.8504,1.79194,0.993576,0.221231,-0.0142401,-0.065581,0.707734,0.419831,0.53305,0.0170244,0.680103,0.23151,0.00790549,19.1316,1.15595,
42.734,16.8504,1.79438,0.993583,0.221262,-0.014263,-0.0655501,0.707738,0.416579,0.526266,0.0161351,0.672741,0.231533,0.00839684,19.0203,1.15606,
42.7358,16.8504,1.79683,0.99359,0.221294,-0.0142858,-0.0655192,0.707742,0.413326,0.519483,0.0152458,0.665379,0.231555,0.00888819,18.909,1.15617,
42.7375,16.8504,1.79927,0.993597,0.221325,-0.0143087,-0.0654883,0.707747,0.410074,0.5127,0.0143565,0.658017,0.231578,0.00937954,18.7977,1.15629,
42.7393,16.8504,1.80171,0.993603,0.221356,-0.0143316,-0.0654574,0.707751,0.406822,0.505916,0.0134672,0.650655,0.2316,0.0098709,18.6864,1.1564,
42.741,16.8504,1.80416,0.99361,0.221387,-0.0143545,-0.0654265,0.707756,0.40357,0.499133,0.012578,0.643293,0.231623,0.0103622,18.5751,1.15651,
42.7428,16.8504,1.8066,0.993617,0.221421,-0.0143787,-0.0653952,0.70776,0.400378,0.492229,0.0116266,0.635845,0.231648,0.0108897,18.4615,1.15663,
42.7445,16.8504,1.80905,0.993625,0.221456,-0.0144031,-0.0653638,0.707764,0.397191,0.485315,0.0106703,0.628391,0.231674,0.0114201,18.3478,1.15676,
42.7462,16.8504,1.81149,0.993632,0.22149,-0.0144274,-0.0653325,0.707769,0.394004,0.478401,0.00971391,0.620936,0.231699,0.0119504,18.2342,1.15689,
42.748,16.8504,1.81394,0.993639,0.221524,-0.0144518,-0.0653012,0.707773,0.390817,0.471487,0.00875756,0.613482,0.231725,0.0124808,18.1205,1.15702,
42.7497,16.8504,1.81638,0.993646,0.221559,-0.0144761,-0.0652698,0.707778,0.38763,0.464572,0.00780121,0.606027,0.23175,0.0130112,18.0068,1.15714,
42.7515,16.8504,1.81882,0.993653,0.221593,-0.0145005,-0.0652385,0.707782,0.384443,0.457658,0.00684486,0.598572,0.231776,0.0135415,17.8931,1.15727,
42.7532,16.8504,1.82127,0.99366,0.221627,-0.0145248,-0.0652071,0.707786,0.381256,0.450744,0.00588851,0.591118,0.231802,0.0140719,17.7794,1.1574,
42.755,16.8504,1.82371,0.993668,0.221662,-0.0145492,-0.0651758,0.707791,0.378069,0.44383,0.00493217,0.583663,0.231827,0.0146023,17.6657,1.15752,
42.7567,16.8504,1.82616,0.993675,0.221696,-0.0145735,-0.0651445,0.707795,0.374882,0.436916,0.00397582,0.576209,0.231853,0.0151326,17.552,1.15765,
42.7585,16.8504,1.8286,0.993682,0.22173,-0.0145975,-0.065113,0.7078,0.371678,0.430057,0.0030421,0.568797,0.231877,0.0156497,17.4391,1.15777,
42.7602,16.8504,1.83105,0.993687,0.221756,-0.0146183,-0.0650807,0.707804,0.368338,0.423656,0.00229915,0.561746,0.231894,0.0160545,17.3332,1.15786,
42.7619,16.8504,1.83349,0.993693,0.221782,-0.0146391,-0.0650484,0.707808,0.364998,0.417256,0.0015562,0.554695,0.231911,0.0164593,17.2274,1.15794,
42.7637,16.8504,1.83593,0.993699,0.221808,-0.0146599,-0.065016,0.707811,0.361657,0.410856,0.000813254,0.547643,0.231928,0.0168642,17.1215,1.15803,
42.7654,16.8504,1.83838,0.993704,0.221834,-0.0146807,-0.0649837,0.707815,0.358317,0.404455,7.03031e-05,0.540592,0.231945,0.017269,17.0156,1.15811,
42.7672,16.8504,1.84082,0.99371,0.22186,-0.0147015,-0.0649514,0.707819,0.354977,0.398055,-0.000672647,0.533541,0.231963,0.0176738,16.9097,1.1582,
42.7689,16.8504,1.84327,0.993716,0.221886,-0.0147222,-0.064919,0.707823,0.351636,0.391655,-0.0014156,0.52649,0.23198,0.0180787,16.8039,1.15828,
42.7707,16.8504,1.84571,0.993721,0.221911,-0.0147422,-0.0648862,0.707827,0.348286,0.385327,-0.00212942,0.519506,0.231995,0.0184673,16.6988,1.15836,
42.7724,16.8504,1.84816,0.993726,0.221922,-0.0147547,-0.0648482,0.707832,0.344847,0.379668,-0.002574,0.513144,0.231996,0.0187057,16.6014,1.15837,
42.7742,16.8504,1.8506,0.993731,0.221933,-0.0147672,-0.0648102,0.707836,0.341407,0.374009,-0.00301858,0.506782,0.231997,0.0189441,16.5039,1.15837,
42.7759,16.8504,1.85304,0.993736,0.221944,-0.0147797,-0.0647722,0.707841,0.337967,0.36835,-0.00346316,0.50042,0.231998,0.0191825,16.4065,1.15838,
42.7776,16.8504,1.85549,0.993741,0.221955,-0.0147922,-0.0647343,0.707845,0.334527,0.362691,-0.00390774,0.494058,0.231999,0.0194209,16.3091,1.15838,
42.7794,16.8504,1.85793,0.993746,0.221966,-0.0148047,-0.0646963,0.707849,0.331088,0.357032,-0.00435232,0.487695,0.231999,0.0196593,16.2117,1.15839,
42.7811,16.8504,1.86038,0.99375,0.221978,-0.0148173,-0.0646583,0.707854,0.327648,0.351373,-0.0047969,0.481333,0.232,0.0198977,16.1142,1.15839,
42.7829,16.8504,1.86282,0.993755,0.221989,-0.0148298,-0.0646203,0.707858,0.324208,0.345715,-0.00524148,0.474971,0.232001,0.0201362,16.0168,1.1584,
42.7846,16.8504,1.86527,0.99376,0.222,-0.0148423,-0.0645824,0.707862,0.320769,0.340056,-0.00568606,0.468609,0.232002,0.0203746,15.9194,1.1584,
42.7864,16.8504,1.86771,0.993765,0.222011,-0.0148548,-0.0645444,0.707867,0.317329,0.334397,-0.00613064,0.462247,0.232003,0.020613,15.822,1.15841,
42.7881,16.8504,1.87015,0.99377,0.222022,-0.0148673,-0.0645064,0.707871,0.313889,0.328738,-0.00657522,0.455885,0.232004,0.0208514,15.7245,1.15841,
42.7899,16.8504,1.8726,0.993774,0.222033,-0.0148798,-0.0644684,0.707876,0.310449,0.323079,-0.0070198,0.449523,0.232005,0.0210898,15.6271,1.15842,
42.7916,16.8504,1.87504,0.993779,0.222044,-0.0148923,-0.0644305,0.70788,0.30701,0.31742,-0.00746437,0.44316,0.232006,0.0213282,15.5297,1.15842,
42.7934,16.8504,1.87749,0.993784,0.222055,-0.0149048,-0.0643925,0.707884,0.30357,0.311761,-0.00790895,0.436798,0.232007,0.0215666,15.4323,1.15843,
42.7951,16.8504,1.87993,0.993789,0.222067,-0.0149173,-0.0643545,0.707889,0.30013,0.306102,-0.00835353,0.430436,0.232008,0.021805,15.3348,1.15843,
42.7968,16.8504,1.88238,0.993794,0.222078,-0.0149298,-0.0643165,0.707893,0.296691,0.300443,-0.00879811,0.424074,0.232008,0.0220435,15.2374,1.15844,
42.7986,16.8504,1.88482,0.993798,0.222089,-0.0149423,-0.0642786,0.707897,0.293251,0.294784,-0.00924269,0.417712,0.232009,0.0222819,15.14,1.15845,
42.8003,16.8504,1.88726,0.993803,0.2221,-0.0149548,-0.0642406,0.707902,0.289811,0.289125,-0.00968727,0.41135,0.23201,0.0225203,15.0425,1.15845,
42.8021,16.8504,1.88971,0.993808,0.222111,-0.0149673,-0.0642026,0.707906,0.286371,0.283466,-0.0101319,0.404988,0.232011,0.0227587,14.9451,1.15846,
42.8038,16.8504,1.89215,0.993813,0.222122,-0.0149798,-0.0641646,0.707911,0.282932,0.277808,-0.0105764,0.398625,0.232012,0.0229971,14.8477,1.15846,
42.8056,16.8504,1.8946,0.993818,0.222133,-0.0149923,-0.0641266,0.707915,0.279492,0.272149,-0.011021,0.392263,0.232013,0.0232355,14.7503,1.15847,
42.8073,16.8504,1.89704,0.993823,0.222144,-0.0150048,-0.0640887,0.707919,0.276052,0.26649,-0.0114656,0.385901,0.232014,0.0234739,14.6528,1.15847,
42.8091,16.8504,1.89949,0.993827,0.222156,-0.0150173,-0.0640507,0.707924,0.272612,0.260831,-0.0119102,0.379539,0.232015,0.0237123,14.5554,1.15848,
42.8108,16.8504,1.90193,0.993832,0.222167,-0.0150299,-0.0640127,0.707928,0.269173,0.255172,-0.0123547,0.373177,0.232016,0.0239508,14.458,1.15848,
42.8125,16.8504,1.90437,0.993837,0.222178,-0.0150424,-0.0639747,0.707932,0.265733,0.249513,-0.0127993,0.366815,0.232016,0.0241892,14.3606,1.15849,
42.8143,16.8504,1.90682,0.993842,0.222189,-0.0150549,-0.0639368,0.707937,0.262293,0.243854,-0.0132439,0.360453,0.232017,0.0244276,14.2631,1.15849,
42.816,16.8504,1.90926,0.993847,0.2222,-0.0150674,-0.0638988,0.707941,0.258854,0.238195,-0.0136885,0.35409,0.232018,0.024666,14.1657,1.1585,
42.8178,16.8504,1.91171,0.993851,0.222211,-0.0150799,-0.0638608,0.707946,0.255414,0.232536,-0.0141331,0.347728,0.232019,0.0249044,14.0683,1.1585,
42.8195,16.8504,1.91415,0.993856,0.222222,-0.0150924,-0.0638228,0.70795,0.251974,0.226877,-0.0145776,0.341366,0.23202,0.0251428,13.9709,1.15851,
42.8213,16.8504,1.91659,0.99386,0.222229,-0.0151018,-0.0637845,0.707954,0.248715,0.22191,-0.0148902,0.335792,0.232016,0.0252996,13.8798,1.15849,
42.823,16.8504,1.91904,0.993864,0.222234,-0.0151108,-0.063746,0.707958,0.245485,0.217054,-0.0151814,0.330346,0.232011,0.0254431,13.7899,1.15846,
42.8248,16.8504,1.92148,0.993868,0.222239,-0.0151198,-0.0637076,0.707962,0.242255,0.212198,-0.0154726,0.3249,0.232006,0.0255867,13.6999,1.15844,
42.8265,16.8504,1.92393,0.993871,0.222245,-0.0151288,-0.0636691,0.707966,0.239025,0.207343,-0.0157639,0.319453,0.232001,0.0257302,13.6099,1.15842,
42.8282,16.8504,1.92637,0.993875,0.22225,-0.0151378,-0.0636307,0.70797,0.235796,0.202487,-0.0160551,0.314007,0.231996,0.0258738,13.5199,1.15839,
42.83,16.8504,1.92882,0.993879,0.222256,-0.0151467,-0.0635923,0.707974,0.232566,0.197631,-0.0163463,0.308561,0.231991,0.0260173,13.4299,1.15837,
42.8317,16.8504,1.93126,0.993883,0.222261,-0.0151557,-0.0635538,0.707977,0.229336,0.192776,-0.0166375,0.303115,0.231986,0.0261609,13.3399,1.15834,
42.8335,16.8504,1.9337,0.993886,0.222267,-0.0151647,-0.0635154,0.707981,0.226106,0.18792,-0.0169287,0.297668,0.231981,0.0263044,13.25,1.15832,
42.8352,16.8504,1.93615,0.99389,0.222272,-0.0151737,-0.0634769,0.707985,0.222876,0.183064,-0.01722,0.292222,0.231976,0.026448,13.16,1.1583,
42.837,16.8504,1.93859,0.993894,0.222277,-0.0151826,-0.0634385,0.707989,0.219646,0.178208,-0.0175112,0.286776,0.231971,0.0265915,13.07,1.15827,
42.8387,16.8504,1.94104,0.993898,0.222283,-0.0151916,-0.0634,0.707993,0.216416,0.173353,-0.0178024,0.281329,0.231966,0.0267351,12.98,1.15825,
42.8405,16.8504,1.94348,0.993902,0.222288,-0.0152006,-0.0633616,0.707997,0.213187,0.168497,-0.0180936,0.275883,0.231961,0.0268786,12.89,1.15822,
42.8422,16.8504,1.94593,0.993905,0.222294,-0.0152096,-0.0633232,0.708001,0.209957,0.163641,-0.0183848,0.270437,0.231956,0.0270222,12.8001,1.1582,
42.8439,16.8504,1.94837,0.993909,0.222299,-0.0152186,-0.0632847,0.708005,0.206727,0.158786,-0.018676,0.264991,0.231951,0.0271657,12.7101,1.15818,
42.8457,16.8504,1.95081,0.993913,0.222305,-0.0152275,-0.0632463,0.708009,0.203497,0.15393,-0.0189673,0.259544,0.231946,0.0273093,12.6201,1.15815,
42.8474,16.8504,1.95326,0.993917,0.22231,-0.0152365,-0.0632078,0.708013,0.200267,0.149074,-0.0192585,0.254098,0.231941,0.0274528,12.5301,1.15813,
42.8492,16.8504,1.9557,0.99392,0.222315,-0.0152455,-0.0631694,0.708017,0.197037,0.144218,-0.0195497,0.248652,0.231936,0.0275964,12.4401,1.1581,
42.8509,16.8504,1.95815,0.993924,0.222321,-0.0152545,-0.0631309,0.708021,0.193807,0.139363,-0.0198409,0.243205,0.231931,0.0277399,12.3501,1.15808,
42.8527,16.8504,1.96059,0.993928,0.222326,-0.0152634,-0.0630925,0.708025,0.190578,0.134507,-0.0201321,0.237759,0.231926,0.0278835,12.2602,1.15806,
42.8544,16.8504,1.96304,0.993932,0.222332,-0.0152724,-0.0630541,0.708028,0.187348,0.129651,-0.0204234,0.232313,0.231921,0.028027,12.1702,1.15803,
42.8562,16.8504,1.96548,0.993936,0.222337,-0.0152814,-0.0630156,0.708032,0.184118,0.124796,-0.0207146,0.226867,0.231916,0.0281706,12.0802,1.15801,
42.8579,16.8504,1.96792,0.993939,0.222343,-0.0152904,-0.0629772,0.708036,0.180888,0.11994,-0.0210058,0.22142,0.231911,0.0283141,11.9902,1.15798,
42.8596,16.8504,1.97037,0.993943,0.222348,-0.0152994,-0.0629387,0.70804,0.177658,0.115084,-0.021297,0.215974,0.231906,0.0284576,11.9002,1.15796,
42.8614,16.8504,1.97281,0.993947,0.222353,-0.0153083,-0.0629003,0.708044,0.174428,0.110228,-0.0215882,0.210528,0.231901,0.0286012,11.8103,1.15794,
42.8631,16.8504,1.97526,0.993951,0.222359,-0.0153173,-0.0628618,0.708048,0.171198,0.105373,-0.0218794,0.205081,0.231896,0.0287447,11.7203,1.15791,
42.8649,16.8504,1.9777,0.993954,0.222364,-0.0153263,-0.0628234,0.708052,0.167969,0.100517,-0.0221707,0.199635,0.231891,0.0288883,11.6303,1.15789,
42.8666,16.8504,1.98015,0.993958,0.22237,-0.0153353,-0.062785,0.708056,0.164739,0.0956613,-0.0224619,0.194189,0.231886,0.0290318,11.5403,1.15786,
42.8684,16.8504,1.98259,0.993962,0.222375,-0.0153442,-0.0627465,0.70806,0.161509,0.0908056,-0.0227531,0.188743,0.231881,0.0291754,11.4503,1.15784,
42.8701,16.8504,1.98503,0.993966,0.222381,-0.0153532,-0.0627081,0.708064,0.158279,0.0859499,-0.0230443,0.183296,0.231876,0.0293189,11.3603,1.15782,
42.8719,16.8504,1.98748,0.993969,0.222386,-0.0153622,-0.0626696,0.708068,0.155049,0.0810942,-0.0233355,0.17785,0.231871,0.0294625,11.2704,1.15779,
42.8736,16.8504,1.98992,0.993973,0.222391,-0.0153712,-0.0626312,0.708072,0.151819,0.0762385,-0.0236268,0.172404,0.231866,0.029606,11.1804,1.15777,
42.8753,16.8504,1.99237,0.993977,0.222397,-0.0153802,-0.0625927,0.708075,0.148589,0.0713828,-0.023918,0.166957,0.231861,0.0297496,11.0904,1.15774,
42.8771,16.8504,1.99481,0.993981,0.222394,-0.0153837,-0.0625515,0.70808,0.145663,0.0673658,-0.0240661,0.163162,0.231847,0.0298046,11.0071,1.15768,
42.8788,16.8504,1.99726,0.993984,0.222389,-0.0153848,-0.062509,0.708084,0.14287,0.0637149,-0.0241518,0.160088,0.23183,0.0298209,10.9267,1.15759,
42.8806,16.8504,1.9997,0.993987,0.222383,-0.0153859,-0.0624665,0.708088,0.140077,0.060064,-0.0242375,0.157014,0.231813,0.0298372,10.8463,1.15751,
42.8823,16.8504,2.00214,0.99399,0.222375,-0.0153856,-0.0624241,0.708092,0.137531,0.0568946,-0.0242813,0.155263,0.231794,0.0298206,10.7705,1.15742,
42.8841,16.8504,2.00459,0.993993,0.222367,-0.0153843,-0.062382,0.708096,0.135141,0.0540259,-0.0242988,0.154337,0.231774,0.0297834,10.6974,1.15732,
42.8858,16.8504,2.00703,0.993996,0.222358,-0.0153831,-0.0623398,0.7081,0.13275,0.0511572,-0.0243163,0.153411,0.231754,0.0297462,10.6244,1.15722,
42.8876,16.8504,2.00948,0.993999,0.22235,-0.0153818,-0.0622976,0.708103,0.130359,0.0482884,-0.0243338,0.152485,0.231735,0.0297091,10.5514,1.15713,
42.8893,16.8504,2.01192,0.994002,0.222342,-0.0153809,-0.0622551,0.708107,0.12793,0.045349,-0.0243569,0.151336,0.231715,0.0296764,10.4777,1.15703,
42.891,16.8504,2.01437,0.994004,0.222335,-0.0153807,-0.0622122,0.708111,0.125412,0.042244,-0.0243933,0.149668,0.231697,0.0296544,10.4023,1.15694,
42.8928,16.8504,2.01681,0.994007,0.222327,-0.0153805,-0.0621692,0.708115,0.122893,0.039139,-0.0244297,0.148,0.231678,0.0296324,10.327,1.15685,
42.8945,16.8504,2.01925,0.99401,0.22232,-0.0153802,-0.0621262,0.708119,0.120374,0.0360341,-0.0244661,0.146332,0.231659,0.0296104,10.2516,1.15675,
42.8963,16.8504,2.0217,0.994013,0.222313,-0.01538,-0.0620832,0.708122,0.117855,0.0329291,-0.0245025,0.144664,0.23164,0.0295884,10.1763,1.15666,
42.898,16.8504,2.02414,0.994016,0.222306,-0.0153798,-0.0620402,0.708126,0.115336,0.0298241,-0.0245388,0.142996,0.231622,0.0295663,10.1009,1.15657,
42.8998,16.8504,2.02659,0.994019,0.222298,-0.0153796,-0.0619972,0.70813,0.112817,0.0267192,-0.0245752,0.141327,0.231603,0.0295443,10.0256,1.15648,
42.9015,16.8504,2.02903,0.994022,0.222291,-0.0153794,-0.0619542,0.708134,0.110298,0.0236142,-0.0246116,0.139659,0.231584,0.0295223,9.95022,1.15639,
42.9033,16.8504,2.03148,0.994025,0.222284,-0.0153791,-0.0619112,0.708138,0.107779,0.0205092,-0.024648,0.137991,0.231565,0.0295003,9.87487,1.15629,
42.905,16.8504,2.03392,0.994027,0.222276,-0.0153789,-0.0618682,0.708142,0.10526,0.0174043,-0.0246844,0.136323,0.231547,0.0294783,9.79952,1.1562,
42.9067,16.8504,2.03636,0.99403,0.222269,-0.0153787,-0.0618252,0.708145,0.102741,0.0142993,-0.0247207,0.134655,0.231528,0.0294563,9.72418,1.15611,
42.9085,16.8504,2.03881,0.994033,0.222262,-0.0153785,-0.0617822,0.708149,0.100223,0.0111943,-0.0247571,0.132987,0.231509,0.0294343,9.64883,1.15602,
42.9102,16.8504,2.04125,0.994036,0.222255,-0.0153783,-0.0617392,0.708153,0.0977037,0.00808937,-0.0247935,0.131318,0.231491,0.0294123,9.57348,1.15593,
42.912,16.8504,2.0437,0.994039,0.222247,-0.0153781,-0.0616962,0.708157,0.0951848,0.00498441,-0.0248299,0.12965,0.231472,0.0293902,9.49813,1.15583,
42.9137,16.8504,2.04614,0.994042,0.22224,-0.0153778,-0.0616532,0.708161,0.0926659,0.00187944,-0.0248663,0.127982,0.231453,0.0293682,9.42278,1.15574,
42.9155,16.8504,2.04859,0.994045,0.222233,-0.0153776,-0.0616103,0.708164,0.090147,-0.00122553,-0.0249026,0.126314,0.231434,0.0293462,9.34743,1.15565,
42.9172,16.8504,2.05103,0.994048,0.222226,-0.0153774,-0.0615673,0.708168,0.0876281,-0.00433049,-0.024939,0.124646,0.231416,0.0293242,9.27209,1.15556,

