35.3892,16.8504,1.25722,0.971562,0.112426,-0.0111413,-0.012674,0.697191,25.1172,210.097,14.0729,212.061,0.113423,-1.54968,7.91478,0.568427,
35.3897,16.8504,1.2622,0.972239,0.128471,-0.0130667,-0.0144995,0.697192,11.8684,85.5379,5.56256,86.5365,0.12969,-1.45256,20.7256,0.649726,
35.3902,16.8504,1.26717,0.97265,0.137164,-0.0142755,-0.0154962,0.697193,8.88455,56.879,3.58667,57.6807,0.13853,-1.39408,32.4406,0.693865,
35.3908,16.8504,1.27215,0.972961,0.143351,-0.0152422,-0.0162104,0.697195,7.45536,43.2152,2.65187,43.9344,0.144837,-1.34991,44.0449,0.72534,
35.3913,16.8504,1.27713,0.973218,0.148268,-0.0160849,-0.0167807,0.697196,6.57572,34.9026,2.08582,35.5783,0.14986,-1.31336,55.6447,0.750396,
35.3918,16.8504,1.2821,0.973438,0.152301,-0.0168402,-0.0172507,0.697198,6.00014,29.5366,1.72195,30.1895,0.153989,-1.28228,67.2087,0.770988,
35.3924,16.8504,1.28708,0.97363,0.155736,-0.0175354,-0.0176525,0.6972,5.59503,25.7997,1.46937,26.4411,0.157514,-1.25502,78.674,0.788557,
35.3929,16.8504,1.29206,0.973805,0.158781,-0.018191,-0.0180098,0.697202,5.28676,22.9715,1.27859,23.6076,0.160644,-1.23029,89.9883,0.804159,
35.3934,16.8504,1.29704,0.973969,0.161588,-0.0188223,-0.0183397,0.697204,5.03464,20.6651,1.1232,21.2993,0.163533,-1.20713,101.18,0.818554,
35.3939,16.8504,1.30201,0.974115,0.164012,-0.019414,-0.0186267,0.697207,4.86142,19.0729,1.01571,19.7099,0.166036,-1.1865,112.012,0.831021,
35.3945,16.8504,1.30699,0.974258,0.166354,-0.0199981,-0.0189034,0.697209,4.7031,17.6116,0.917329,18.2522,0.168456,-1.16642,122.703,0.843075,
35.395,16.8504,1.31197,0.974389,0.168449,-0.0205564,-0.0191525,0.697211,4.58939,16.5408,0.844873,17.1875,0.170627,-1.148,132.973,0.853881,
35.3955,16.8504,1.31694,0.974518,0.170524,-0.0211137,-0.0193983,0.697214,4.47886,15.4972,0.774456,16.1502,0.172778,-1.12971,143.184,0.86459,
35.3961,16.8504,1.32192,0.974637,0.172354,-0.0216462,-0.0196168,0.697216,4.40683,14.7811,0.725374,15.4421,0.174681,-1.11306,152.704,0.874061,
35.3966,16.8504,1.3269,0.974755,0.174183,-0.0221787,-0.0198352,0.697219,4.33481,14.065,0.676292,14.734,0.176584,-1.09642,162.224,0.883532,
35.3971,16.8504,1.33187,0.974869,0.175914,-0.0227034,-0.0200411,0.697221,4.27619,13.4606,0.635052,14.1382,0.178389,-1.08042,171.313,0.892511,
35.3976,16.8504,1.33685,0.974978,0.177531,-0.0232167,-0.0202348,0.697224,4.23279,12.9835,0.602176,13.6703,0.180079,-1.06517,179.914,0.900917,
35.3982,16.8504,1.34183,0.975087,0.179148,-0.0237301,-0.0204284,0.697227,4.18939,12.5064,0.5693,13.2024,0.181768,-1.04993,188.515,0.909322,
35.3987,16.8504,1.34681,0.975193,0.18071,-0.0242402,-0.0206143,0.697229,4.15237,12.0831,0.540151,12.7884,0.183403,-1.03503,196.757,0.91745,
35.3992,16.8504,1.35178,0.975295,0.182157,-0.0247402,-0.020788,0.697232,4.12784,11.7656,0.517865,12.4803,0.184923,-1.02086,204.299,0.925009,
35.3998,16.8504,1.35676,0.975396,0.183604,-0.0252402,-0.0209618,0.697235,4.10332,11.4481,0.495578,12.1723,0.186444,-1.0067,211.841,0.932567,
35.4003,16.8504,1.36174,0.975498,0.185051,-0.0257402,-0.0211355,0.697238,4.07879,11.1306,0.473292,11.8643,0.187964,-0.99253,219.383,0.940125,
35.4008,16.8504,1.36671,0.975597,0.186422,-0.0262368,-0.0212986,0.697241,4.06113,10.8744,0.455247,11.6173,0.189408,-0.978799,226.237,0.947304,
35.4013,16.8504,1.37169,0.975694,0.187734,-0.0267281,-0.0214561,0.697244,4.0484,10.6625,0.440027,11.4145,0.190794,-0.965433,232.603,0.954189,
35.4019,16.8504,1.37667,0.975791,0.189045,-0.0272195,-0.0216135,0.697247,4.03566,10.4506,0.424808,11.2117,0.19218,-0.952068,238.969,0.961074,
35.4024,16.8504,1.38165,0.975888,0.190357,-0.0277109,-0.021771,0.69725,4.02293,10.2387,0.409588,11.0089,0.193566,-0.938703,245.335,0.96796,
35.4029,16.8504,1.38662,0.975985,0.191663,-0.0282039,-0.0219262,0.697253,4.01071,10.0319,0.394823,10.8112,0.194947,-0.925341,251.597,0.97482,
35.4035,16.8504,1.3916,0.976078,0.192865,-0.0286903,-0.0220702,0.697257,4.00451,9.88901,0.384142,10.6765,0.196226,-0.912547,256.682,0.98117,
35.404,16.8504,1.39658,0.976172,0.194068,-0.0291766,-0.0222142,0.69726,3.99832,9.74612,0.37346,10.5418,0.197505,-0.899753,261.768,0.987519,
35.4045,16.8504,1.40155,0.976265,0.19527,-0.029663,-0.0223582,0.697263,3.99212,9.60324,0.362779,10.4071,0.198784,-0.886959,266.854,0.993868,
35.405,16.8504,1.40653,0.976359,0.196473,-0.0301493,-0.0225022,0.697267,3.98592,9.46035,0.352097,10.2724,0.200063,-0.874164,271.939,1.00022,
35.4056,16.8504,1.41151,0.976452,0.197676,-0.0306366,-0.0226457,0.69727,3.97975,9.3175,0.341488,10.1378,0.201343,-0.861352,277.019,1.00657,
35.4061,16.8504,1.41648,0.976544,0.198822,-0.0311227,-0.0227811,0.697274,3.97527,9.20371,0.333157,10.0313,0.202567,-0.848778,281.173,1.01265,
35.4066,16.8504,1.42146,0.976635,0.199935,-0.0316063,-0.0229135,0.697277,3.97161,9.10463,0.325821,9.93906,0.20376,-0.836365,284.87,1.01856,
35.4072,16.8504,1.42644,0.976727,0.201049,-0.0320898,-0.023046,0.697281,3.96795,9.00555,0.318484,9.84681,0.204953,-0.823953,288.566,1.02448,
35.4077,16.8504,1.43142,0.976818,0.202162,-0.0325733,-0.0231784,0.697285,3.96429,8.90646,0.311147,9.75456,0.206145,-0.81154,292.263,1.0304,
35.4082,16.8504,1.43639,0.976909,0.203275,-0.0330569,-0.0233109,0.697288,3.96063,8.80738,0.30381,9.6623,0.207338,-0.799128,295.959,1.03631,
35.4087,16.8504,1.44137,0.977,0.204389,-0.0335404,-0.0234433,0.697292,3.95697,8.7083,0.296474,9.57005,0.208531,-0.786715,299.656,1.04223,
35.4093,16.8504,1.44635,0.977092,0.205494,-0.0340267,-0.0235722,0.697296,3.95315,8.61371,0.289566,9.48199,0.209716,-0.774275,303.066,1.04811,
35.4098,16.8504,1.45132,0.977182,0.206531,-0.0345075,-0.0236941,0.6973,3.94845,8.5403,0.284264,9.41347,0.210836,-0.762105,305.254,1.05366,
35.4103,16.8504,1.4563,0.977272,0.207569,-0.0349884,-0.023816,0.697304,3.94375,8.46688,0.278961,9.34495,0.211957,-0.749934,307.442,1.05921,
35.4108,16.8504,1.46128,0.977362,0.208606,-0.0354692,-0.0239379,0.697308,3.93905,8.39347,0.273658,9.27643,0.213077,-0.737764,309.63,1.06476,
35.4114,16.8504,1.46626,0.977452,0.209644,-0.03595,-0.0240598,0.697312,3.93435,8.32006,0.268355,9.2079,0.214197,-0.725593,311.817,1.07032,
35.4119,16.8504,1.47123,0.977542,0.210681,-0.0364308,-0.0241817,0.697316,3.92965,8.24664,0.263052,9.13938,0.215318,-0.713422,314.005,1.07587,
35.4124,16.8504,1.47621,0.977632,0.211719,-0.0369117,-0.0243036,0.69732,3.92495,8.17323,0.257749,9.07086,0.216438,-0.701252,316.193,1.08142,
35.413,16.8504,1.48119,0.977722,0.212758,-0.0373936,-0.0244249,0.697324,3.92024,8.0998,0.252465,9.00233,0.21756,-0.689057,318.37,1.08698,
35.4135,16.8504,1.48616,0.977812,0.213773,-0.0378751,-0.0245412,0.697328,3.91358,8.03052,0.247694,8.93688,0.218659,-0.676887,319.894,1.09243,
35.414,16.8504,1.49114,0.977902,0.21474,-0.0383499,-0.0246523,0.697333,3.90386,7.96797,0.243642,8.87649,0.219712,-0.664895,320.43,1.09764,
35.4145,16.8504,1.49612,0.977992,0.215707,-0.0388247,-0.0247634,0.697337,3.89413,7.90541,0.239589,8.81609,0.220766,-0.652904,320.966,1.10285,
35.4151,16.8504,1.50109,0.978081,0.216674,-0.0392995,-0.0248746,0.697342,3.88441,7.84286,0.235537,8.75569,0.221819,-0.640913,321.501,1.10807,
35.4156,16.8504,1.50607,0.978171,0.217641,-0.0397743,-0.0249857,0.697346,3.87469,7.78031,0.231484,8.69529,0.222872,-0.628921,322.037,1.11328,
35.4161,16.8504,1.51105,0.978261,0.218608,-0.0402492,-0.0250968,0.697351,3.86497,7.71776,0.227431,8.63489,0.223925,-0.61693,322.573,1.11849,
35.4167,16.8504,1.51603,0.978351,0.219575,-0.040724,-0.025208,0.697355,3.85525,7.65521,0.223379,8.57449,0.224978,-0.604939,323.108,1.12371,
35.4172,16.8504,1.521,0.97844,0.220542,-0.0411988,-0.0253191,0.69736,3.84553,7.59266,0.219326,8.5141,0.226032,-0.592947,323.644,1.12892,
35.4177,16.8504,1.52598,0.97853,0.22151,-0.0416741,-0.02543,0.697364,3.83579,7.53006,0.215279,8.45365,0.227085,-0.580944,324.174,1.13414,
35.4182,16.8504,1.53096,0.978621,0.222481,-0.0421529,-0.0255384,0.697369,3.82539,7.46691,0.2113,8.39244,0.228143,-0.56885,324.584,1.13937,
35.4188,16.8504,1.53593,0.97871,0.22337,-0.0426118,-0.0256369,0.697374,3.80409,7.39886,0.207878,8.3222,0.22912,-0.557144,323.296,1.1442,
35.4193,16.8504,1.54091,0.9788,0.224259,-0.0430706,-0.0257354,0.697379,3.78279,7.3308,0.204455,8.25196,0.230097,-0.545437,322.007,1.14903,
35.4198,16.8504,1.54589,0.978889,0.225148,-0.0435295,-0.0258339,0.697384,3.76149,7.26274,0.201033,8.18172,0.231074,-0.533731,320.719,1.15386,
35.4204,16.8504,1.55087,0.978979,0.226037,-0.0439883,-0.0259324,0.697389,3.74018,7.19468,0.197611,8.11148,0.232052,-0.522024,319.431,1.15869,
35.4209,16.8504,1.55584,0.979068,0.226926,-0.0444471,-0.026031,0.697394,3.71888,7.12663,0.194189,8.04124,0.233029,-0.510318,318.143,1.16352,
35.4214,16.8504,1.56082,0.979158,0.227815,-0.044906,-0.0261295,0.697399,3.69758,7.05857,0.190767,7.971,0.234006,-0.498611,316.855,1.16835,
35.4219,16.8504,1.5658,0.979247,0.228705,-0.0453648,-0.026228,0.697404,3.67628,6.99051,0.187345,7.90076,0.234983,-0.486905,315.567,1.17318,
35.4225,16.8504,1.57077,0.979337,0.229594,-0.0458237,-0.0263265,0.697409,3.65497,6.92245,0.183923,7.83052,0.23596,-0.475199,314.279,1.17801,
35.423,16.8504,1.57575,0.979426,0.230483,-0.0462825,-0.026425,0.697414,3.63367,6.85439,0.180501,7.76028,0.236937,-0.463492,312.991,1.18284,
35.4235,16.8504,1.58073,0.979516,0.231373,-0.0467422,-0.0265231,0.697419,3.61224,6.78612,0.177092,7.68979,0.237915,-0.451764,311.689,1.18767,
35.4241,16.8504,1.5857,0.979607,0.232268,-0.0472054,-0.0266193,0.697424,3.59025,6.71693,0.173743,7.61824,0.238899,-0.439941,310.329,1.19254,
35.4246,16.8504,1.59068,0.979695,0.233066,-0.0476306,-0.0267023,0.69743,3.5452,6.61806,0.170264,7.50976,0.239782,-0.428867,307.458,1.19689,
35.4251,16.8504,1.59566,0.979783,0.233842,-0.0480475,-0.0267823,0.697436,3.49512,6.51271,0.166757,7.39323,0.240642,-0.417956,304.259,1.20114,
35.4256,16.8504,1.60064,0.97987,0.234618,-0.0484644,-0.0268623,0.697442,3.44504,6.40736,0.16325,7.2767,0.241503,-0.407045,301.06,1.20538,
35.4262,16.8504,1.60561,0.979958,0.235394,-0.0488813,-0.0269424,0.697448,3.39496,6.30201,0.159743,7.16017,0.242363,-0.396134,297.86,1.20963,
35.4267,16.8504,1.61059,0.980046,0.23617,-0.0492982,-0.0270224,0.697454,3.34488,6.19667,0.156236,7.04364,0.243224,-0.385223,294.661,1.21387,
35.4272,16.8504,1.61557,0.980133,0.236946,-0.0497151,-0.0271024,0.69746,3.2948,6.09132,0.152728,6.92711,0.244084,-0.374312,291.462,1.21811,
35.4277,16.8504,1.62054,0.980221,0.237722,-0.050132,-0.0271825,0.697466,3.24472,5.98597,0.149221,6.81058,0.244945,-0.363401,288.262,1.22236,
35.4283,16.8504,1.62552,0.980309,0.238498,-0.0505489,-0.0272625,0.697473,3.19464,5.88062,0.145714,6.69405,0.245805,-0.35249,285.063,1.2266,
35.4288,16.8504,1.6305,0.980396,0.239274,-0.0509658,-0.0273426,0.697479,3.14455,5.77528,0.142207,6.57752,0.246666,-0.341579,281.863,1.23085,
35.4293,16.8504,1.63548,0.980484,0.24005,-0.0513827,-0.0274226,0.697485,3.09447,5.66993,0.1387,6.46099,0.247526,-0.330668,278.664,1.23509,
35.4299,16.8504,1.64045,0.980572,0.240826,-0.0517996,-0.0275026,0.697491,3.04439,5.56458,0.135193,6.34446,0.248386,-0.319757,275.465,1.23934,
35.4304,16.8504,1.64543,0.980659,0.241603,-0.052217,-0.0275823,0.697497,2.99402,5.45875,0.131694,6.22737,0.249248,-0.308834,272.254,1.24359,
35.4309,16.8504,1.65041,0.980748,0.242382,-0.0526368,-0.02766,0.697503,2.94186,5.3499,0.128244,6.10677,0.250112,-0.297831,268.972,1.24785,
35.4314,16.8504,1.65538,0.980831,0.243075,-0.0530118,-0.027726,0.697509,2.87638,5.22376,0.124742,5.96464,0.250882,-0.287878,265.161,1.25165,
35.432,16.8504,1.66036,0.980904,0.243616,-0.0533081,-0.0277714,0.697516,2.78752,5.06722,0.121148,5.78463,0.251486,-0.279769,260.419,1.25462,
35.4325,16.8504,1.66534,0.980976,0.244157,-0.0536043,-0.0278167,0.697522,2.69866,4.91069,0.117555,5.60462,0.25209,-0.271661,255.676,1.25759,
35.433,16.8504,1.67031,0.981049,0.244698,-0.0539005,-0.027862,0.697528,2.6098,4.75415,0.113961,5.42461,0.252693,-0.263552,250.934,1.26055,
35.4336,16.8504,1.67529,0.981122,0.245239,-0.0541967,-0.0279074,0.697535,2.52093,4.59761,0.110367,5.2446,0.253297,-0.255444,246.192,1.26352,
35.4341,16.8504,1.68027,0.981194,0.245779,-0.054493,-0.0279527,0.697541,2.43207,4.44107,0.106773,5.06459,0.2539,-0.247335,241.449,1.26649,
35.4346,16.8504,1.68525,0.981267,0.24632,-0.0547892,-0.027998,0.697548,2.34321,4.28454,0.103179,4.88459,0.254504,-0.239227,236.707,1.26946,
35.4351,16.8504,1.69022,0.98134,0.246861,-0.0550854,-0.0280434,0.697554,2.25434,4.128,0.0995847,4.70458,0.255107,-0.231118,231.965,1.27243,
35.4357,16.8504,1.6952,0.981413,0.247402,-0.0553816,-0.0280887,0.69756,2.16548,3.97146,0.0959907,4.52457,0.255711,-0.223009,227.222,1.2754,
35.4362,16.8504,1.70018,0.981485,0.247943,-0.0556779,-0.028134,0.697567,2.07662,3.81492,0.0923967,4.34456,0.256314,-0.214901,222.48,1.27837,
35.4367,16.8504,1.70515,0.981558,0.248483,-0.0559741,-0.0281794,0.697573,1.98776,3.65839,0.0888028,4.16455,0.256918,-0.206792,217.738,1.28134,
35.4373,16.8504,1.71013,0.981631,0.249024,-0.0562703,-0.0282247,0.697579,1.89889,3.50185,0.0852088,3.98454,0.257521,-0.198684,212.995,1.2843,
35.4378,16.8504,1.71511,0.981703,0.249565,-0.0565665,-0.02827,0.697586,1.81003,3.34531,0.0816148,3.80454,0.258125,-0.190575,208.253,1.28727,
35.4383,16.8504,1.72009,0.981776,0.250106,-0.0568628,-0.0283154,0.697592,1.72117,3.18877,0.0780208,3.62453,0.258728,-0.182467,203.511,1.29024,
35.4388,16.8504,1.72506,0.981849,0.250644,-0.0571577,-0.0283593,0.697598,1.63082,3.02983,0.0744504,3.44169,0.259329,-0.174386,198.738,1.2932,
35.4394,16.8504,1.73004,0.981922,0.251179,-0.0574514,-0.0284019,0.697605,1.53916,2.86876,0.0709006,3.25637,0.259926,-0.166329,193.938,1.29614,
35.4399,16.8504,1.73502,0.981984,0.251622,-0.0576906,-0.0284325,0.697611,1.44082,2.70046,0.0674424,3.08084,0.26042,-0.159623,189.283,1.29856,
35.4404,16.8504,1.73999,0.982011,0.251724,-0.0577273,-0.0284183,0.697616,1.31771,2.50534,0.0643235,2.94156,0.260528,-0.157919,185.164,1.29909,
35.441,16.8504,1.74497,0.982037,0.251826,-0.0577641,-0.0284041,0.697622,1.1946,2.31022,0.0612046,2.80227,0.260636,-0.156215,181.044,1.29961,
35.4415,16.8504,1.74995,0.982065,0.25194,-0.0578083,-0.0283919,0.697627,1.07244,2.11624,0.0580898,2.65271,0.260758,-0.154322,176.864,1.30021,
35.442,16.8504,1.75492,0.982093,0.252057,-0.0578539,-0.0283801,0.697632,0.950476,1.92248,0.0549758,2.50107,0.260884,-0.15239,172.67,1.30082,
35.4425,16.8504,1.7599,0.982121,0.252174,-0.0578996,-0.0283682,0.697637,0.828507,1.72873,0.0518619,2.34943,0.261009,-0.150459,168.477,1.30143,
35.4431,16.8504,1.76488,0.982148,0.252291,-0.0579453,-0.0283564,0.697643,0.706538,1.53497,0.0487479,2.1978,0.261134,-0.148527,164.284,1.30204,
35.4436,16.8504,1.76986,0.982176,0.252408,-0.057991,-0.0283446,0.697648,0.584569,1.34121,0.0456339,2.04616,0.261259,-0.146596,160.091,1.30265,
35.4441,16.8504,1.77483,0.982204,0.252525,-0.0580367,-0.0283327,0.697653,0.4626,1.14746,0.0425199,1.89452,0.261385,-0.144665,155.898,1.30327,
35.4447,16.8504,1.77981,0.982232,0.252642,-0.0580824,-0.0283209,0.697659,0.340631,0.953699,0.039406,1.74289,0.26151,-0.142733,151.705,1.30388,
35.4452,16.8504,1.78479,0.98226,0.252759,-0.058128,-0.0283091,0.697664,0.218662,0.759943,0.036292,1.59125,0.261635,-0.140802,147.511,1.30449,
35.4457,16.8504,1.78976,0.982288,0.252876,-0.0581737,-0.0282972,0.697669,0.0966928,0.566186,0.033178,1.43961,0.261761,-0.13887,143.318,1.3051,
35.4462,16.8504,1.79474,0.982316,0.252993,-0.0582194,-0.0282854,0.697674,-0.0252761,0.37243,0.0300641,1.28798,0.261886,-0.136939,139.125,1.30571,
35.4468,16.8504,1.79972,0.982344,0.25311,-0.0582651,-0.0282735,0.69768,-0.147245,0.178673,0.0269501,1.13634,0.262011,-0.135007,134.932,1.30632,
35.4473,16.8504,1.8047,0.982372,0.253227,-0.0583108,-0.0282617,0.697685,-0.269214,-0.0150834,0.0238361,0.984703,0.262137,-0.133076,130.739,1.30693,
35.4478,16.8504,1.80967,0.9824,0.253344,-0.0583565,-0.0282499,0.69769,-0.391183,-0.20884,0.0207221,0.833067,0.262262,-0.131144,126.546,1.30754,
35.4483,16.8504,1.81465,0.982428,0.253461,-0.0584021,-0.028238,0.697695,-0.513152,-0.402596,0.0176082,0.68143,0.262387,-0.129213,122.353,1.30816,
35.4489,16.8504,1.81963,0.982412,0.253233,-0.0582171,-0.0281813,0.697702,-0.601565,-0.521876,0.0170863,0.79916,0.262115,-0.13247,120.364,1.30682,
35.4494,16.8504,1.8246,0.982392,0.252975,-0.0580124,-0.0281207,0.697708,-0.687117,-0.634806,0.0167855,0.939858,0.261809,-0.136169,118.564,1.30531,
35.4499,16.8504,1.82958,0.982372,0.252717,-0.0578077,-0.0280601,0.697714,-0.772669,-0.747736,0.0164846,1.08056,0.261503,-0.139868,116.764,1.3038,
35.4505,16.8504,1.83456,0.982352,0.25246,-0.0576029,-0.0279995,0.69772,-0.858221,-0.860665,0.0161838,1.22125,0.261197,-0.143568,114.963,1.3023,
35.451,16.8504,1.83953,0.982332,0.252202,-0.0573982,-0.0279389,0.697726,-0.943773,-0.973595,0.015883,1.36195,0.260892,-0.147267,113.163,1.30079,
35.4515,16.8504,1.84451,0.982312,0.251944,-0.0571935,-0.0278783,0.697732,-1.02933,-1.08652,0.0155821,1.50265,0.260586,-0.150966,111.362,1.29928,
35.452,16.8504,1.84949,0.982292,0.251686,-0.0569888,-0.0278177,0.697738,-1.11488,-1.19945,0.0152813,1.64335,0.26028,-0.154665,109.562,1.29778,
35.4526,16.8504,1.85447,0.982272,0.251428,-0.0567841,-0.0277571,0.697744,-1.20043,-1.31238,0.0149805,1.78405,0.259974,-0.158365,107.762,1.29627,
35.4531,16.8504,1.85944,0.982252,0.25117,-0.0565793,-0.0276965,0.69775,-1.28598,-1.42531,0.0146796,1.92475,0.259668,-0.162064,105.961,1.29476,
35.4536,16.8504,1.86442,0.982232,0.250913,-0.0563746,-0.0276359,0.697756,-1.37153,-1.53824,0.0143788,2.06544,0.259362,-0.165763,104.161,1.29326,
35.4542,16.8504,1.8694,0.982212,0.250655,-0.0561699,-0.0275753,0.697762,-1.45709,-1.65117,0.014078,2.20614,0.259056,-0.169463,102.361,1.29175,
35.4547,16.8504,1.87437,0.982192,0.250397,-0.0559652,-0.0275147,0.697768,-1.54264,-1.7641,0.0137771,2.34684,0.25875,-0.173162,100.56,1.29024,
35.4552,16.8504,1.87935,0.982173,0.250139,-0.0557605,-0.027454,0.697774,-1.62819,-1.87703,0.0134813,2.48754,0.258444,-0.176861,98.7596,1.28874,
35.4557,16.8504,1.88433,0.982153,0.249882,-0.0555565,-0.0273934,0.69778,-1.71388,-1.99026,0.0131871,2.62854,0.258139,-0.180544,96.949,1.28723,
35.4563,16.8504,1.8893,0.982133,0.249627,-0.055353,-0.0273328,0.697786,-1.79972,-2.10378,0.0128903,2.76981,0.257836,-0.184214,95.1297,1.28574,
35.4568,16.8504,1.89428,0.982113,0.249371,-0.0551496,-0.0272722,0.697792,-1.88556,-2.21729,0.0125935,2.91108,0.257532,-0.187883,93.3104,1.28424,
35.4573,16.8504,1.89926,0.982085,0.249068,-0.0548957,-0.0272049,0.697798,-1.94325,-2.27834,0.0135603,2.99494,0.257172,-0.192224,92.1062,1.28247,
35.4579,16.8504,1.90424,0.982047,0.248714,-0.0545847,-0.0271299,0.697805,-1.96915,-2.2801,0.015955,3.01393,0.256747,-0.197324,91.5969,1.28038,
35.4584,16.8504,1.90921,0.98201,0.248359,-0.0542736,-0.0270549,0.697811,-1.99505,-2.28187,0.0183497,3.03291,0.256322,-0.202425,91.0876,1.27829,
35.4589,16.8504,1.91419,0.981972,0.248004,-0.0539626,-0.02698,0.697818,-2.02095,-2.28363,0.0207444,3.0519,0.255898,-0.207525,90.5783,1.27621,
35.4594,16.8504,1.91917,0.981934,0.247649,-0.0536516,-0.026905,0.697824,-2.04685,-2.2854,0.0231391,3.07089,0.255473,-0.212625,90.069,1.27412,
35.46,16.8504,1.92414,0.981896,0.247294,-0.0533405,-0.02683,0.69783,-2.07275,-2.28716,0.0255338,3.08988,0.255049,-0.217725,89.5597,1.27203,
35.4605,16.8504,1.92912,0.981858,0.246939,-0.0530295,-0.026755,0.697837,-2.09866,-2.28893,0.0279284,3.10887,0.254624,-0.222825,89.0504,1.26995,
35.461,16.8504,1.9341,0.981821,0.246584,-0.0527185,-0.0266801,0.697843,-2.12456,-2.29069,0.0303231,3.12786,0.2542,-0.227926,88.5411,1.26786,
35.4616,16.8504,1.93908,0.981783,0.24623,-0.0524078,-0.026605,0.69785,-2.15071,-2.29291,0.0327224,3.14734,0.253775,-0.233021,88.0248,1.26577,
35.4621,16.8504,1.94405,0.981745,0.245875,-0.0520973,-0.0265298,0.697856,-2.17712,-2.29558,0.0351263,3.16735,0.253351,-0.23811,87.5012,1.26369,
35.4626,16.8504,1.94903,0.981708,0.245521,-0.0517869,-0.0264546,0.697863,-2.20353,-2.29826,0.0375303,3.18735,0.252927,-0.243199,86.9776,1.2616,
35.4631,16.8504,1.95401,0.98167,0.245166,-0.0514765,-0.0263794,0.697869,-2.22995,-2.30094,0.0399343,3.20736,0.252503,-0.248289,86.4541,1.25952,
35.4637,16.8504,1.95898,0.981633,0.244812,-0.0511661,-0.0263043,0.697876,-2.25636,-2.30362,0.0423383,3.22736,0.252079,-0.253378,85.9305,1.25743,
35.4642,16.8504,1.96396,0.981595,0.244457,-0.0508557,-0.0262291,0.697882,-2.28277,-2.30629,0.0447423,3.24737,0.251655,-0.258468,85.4069,1.25535,
35.4647,16.8504,1.96894,0.981557,0.244103,-0.0505453,-0.0261539,0.697889,-2.30919,-2.30897,0.0471463,3.26737,0.251231,-0.263557,84.8833,1.25326,
35.4653,16.8504,1.97391,0.98152,0.243748,-0.0502348,-0.0260787,0.697895,-2.3356,-2.31165,0.0495503,3.28738,0.250807,-0.268647,84.3597,1.25118,
35.4658,16.8504,1.97889,0.981482,0.243394,-0.0499244,-0.0260035,0.697902,-2.36202,-2.31433,0.0519543,3.30738,0.250383,-0.273736,83.8362,1.24909,
35.4663,16.8504,1.98387,0.98145,0.243113,-0.0496101,-0.0259353,0.697908,-2.36081,-2.25955,0.0562453,3.27334,0.250035,-0.277779,83.4172,1.24738,
35.4668,16.8504,1.98885,0.981418,0.242847,-0.049295,-0.0258685,0.697914,-2.35419,-2.19351,0.0609063,3.2287,0.249703,-0.281617,83.0188,1.24575,
35.4674,16.8504,1.99382,0.981386,0.242582,-0.0489799,-0.0258017,0.697919,-2.34757,-2.12747,0.0655673,3.18406,0.249371,-0.285455,82.6204,1.24412,
35.4679,16.8504,1.9988,0.981355,0.242316,-0.0486648,-0.0257348,0.697925,-2.34095,-2.06143,0.0702282,3.13943,0.249039,-0.289293,82.2221,1.24249,
35.4684,16.8504,2.00378,0.981323,0.24205,-0.0483498,-0.025668,0.697931,-2.33433,-1.99539,0.0748892,3.09479,0.248706,-0.293131,81.8237,1.24085,
35.4689,16.8504,2.00875,0.981291,0.241784,-0.0480347,-0.0256012,0.697937,-2.32771,-1.92935,0.0795502,3.05015,0.248374,-0.29697,81.4253,1.23922,
35.4695,16.8504,2.01373,0.98126,0.241518,-0.0477195,-0.0255343,0.697943,-2.32128,-1.86356,0.0842323,3.00579,0.248041,-0.300812,81.0226,1.23758,
35.47,16.8504,2.01871,0.981228,0.241251,-0.0474043,-0.0254673,0.697949,-2.3149,-1.79782,0.0889191,2.96149,0.247708,-0.304656,80.6191,1.23595,
35.4705,16.8504,2.02369,0.981197,0.240984,-0.0470891,-0.0254004,0.697955,-2.30851,-1.73208,0.093606,2.91719,0.247374,-0.3085,80.2155,1.23431,
35.4711,16.8504,2.02866,0.981165,0.240717,-0.0467739,-0.0253335,0.697961,-2.30213,-1.66634,0.0982928,2.87288,0.247041,-0.312344,79.8119,1.23267,
35.4716,16.8504,2.03364,0.981134,0.24045,-0.0464587,-0.0252666,0.697967,-2.29574,-1.60061,0.10298,2.82858,0.246708,-0.316187,79.4084,1.23103,
35.4721,16.8504,2.03862,0.981102,0.240183,-0.0461435,-0.0251996,0.697973,-2.28935,-1.53487,0.107667,2.78428,0.246374,-0.320031,79.0048,1.22939,
35.4726,16.8504,2.04359,0.981071,0.239916,-0.0458283,-0.0251327,0.697979,-2.28297,-1.46913,0.112353,2.73998,0.246041,-0.323875,78.6012,1.22775,
35.4732,16.8504,2.04857,0.981039,0.23965,-0.0455131,-0.0250658,0.697985,-2.27658,-1.40339,0.11704,2.69567,0.245707,-0.327719,78.1977,1.22612,
35.4737,16.8504,2.05355,0.981007,0.239383,-0.0451979,-0.0249989,0.697991,-2.2702,-1.33765,0.121727,2.65137,0.245374,-0.331562,77.7941,1.22448,
35.4742,16.8504,2.05852,0.980976,0.239116,-0.0448827,-0.0249319,0.697997,-2.26381,-1.27191,0.126414,2.60707,0.245041,-0.335406,77.3905,1.22284,
35.4748,16.8504,2.0635,0.980944,0.23885,-0.0445677,-0.0248651,0.698003,-2.25711,-1.20594,0.131101,2.56262,0.244709,-0.339236,76.9851,1.22121,
35.4753,16.8504,2.06848,0.980932,0.238776,-0.0442829,-0.0248189,0.698007,-2.19443,-1.09811,0.135839,2.49212,0.24458,-0.340569,76.242,1.22058,
35.4758,16.8504,2.07346,0.98092,0.238702,-0.0439981,-0.0247727,0.698012,-2.13174,-0.990272,0.140577,2.42162,0.244451,-0.341902,75.499,1.21994,
35.4763,16.8504,2.07843,0.980908,0.238628,-0.0437133,-0.0247264,0.698017,-2.06905,-0.882438,0.145315,2.35112,0.244322,-0.343234,74.7559,1.21931,
35.4769,16.8504,2.08341,0.980896,0.238555,-0.0434285,-0.0246802,0.698022,-2.00637,-0.774605,0.150053,2.28062,0.244193,-0.344567,74.0128,1.21868,
35.4774,16.8504,2.08839,0.980883,0.238481,-0.0431437,-0.024634,0.698026,-1.94368,-0.666771,0.154791,2.21012,0.244064,-0.3459,73.2698,1.21805,
35.4779,16.8504,2.09336,0.980872,0.238406,-0.0428586,-0.0245878,0.698032,-1.87914,-0.557297,0.160487,2.1391,0.243934,-0.347213,72.5187,1.21741,
35.4785,16.8504,2.09834,0.98086,0.238331,-0.0425736,-0.0245416,0.698037,-1.81446,-0.447705,0.166252,2.06804,0.243804,-0.348525,71.767,1.21678,
35.479,16.8504,2.10332,0.980848,0.238257,-0.0422885,-0.0244953,0.698043,-1.74978,-0.338114,0.172018,1.99699,0.243674,-0.349837,71.0153,1.21614,
35.4795,16.8504,2.1083,0.980836,0.238182,-0.0420034,-0.0244491,0.698048,-1.6851,-0.228522,0.177783,1.92593,0.243544,-0.351149,70.2636,1.2155,
35.48,16.8504,2.11327,0.980824,0.238107,-0.0417184,-0.0244029,0.698053,-1.62042,-0.11893,0.183548,1.85487,0.243414,-0.352461,69.5119,1.21487,
35.4806,16.8504,2.11825,0.980813,0.238032,-0.0414333,-0.0243567,0.698059,-1.55574,-0.00933824,0.189313,1.78382,0.243285,-0.353773,68.7602,1.21423,
35.4811,16.8504,2.12323,0.980801,0.237958,-0.0411483,-0.0243105,0.698064,-1.49106,0.100254,0.195078,1.71276,0.243155,-0.355085,68.0086,1.21359,
35.4816,16.8504,2.1282,0.980789,0.237883,-0.0408632,-0.0242643,0.698069,-1.42638,0.209845,0.200843,1.64171,0.243025,-0.356397,67.2569,1.21296,
35.4822,16.8504,2.13318,0.980777,0.237808,-0.0405782,-0.0242181,0.698075,-1.36171,0.319437,0.206608,1.57065,0.242895,-0.357709,66.5052,1.21232,
35.4827,16.8504,2.13816,0.980765,0.237734,-0.0402931,-0.0241718,0.69808,-1.29703,0.429029,0.212373,1.49959,0.242765,-0.359021,65.7535,1.21169,
35.4832,16.8504,2.14313,0.980754,0.237659,-0.040008,-0.0241256,0.698086,-1.23235,0.538621,0.218138,1.42854,0.242635,-0.360333,65.0018,1.21105,
35.4837,16.8504,2.14811,0.980742,0.237584,-0.039723,-0.0240794,0.698091,-1.16767,0.648213,0.223903,1.35748,0.242505,-0.361645,64.2501,1.21041,
35.4843,16.8504,2.15309,0.980758,0.237673,-0.0395824,-0.0240575,0.698097,-1.13847,0.679799,0.22326,1.34832,0.242568,-0.360539,63.9715,1.21072,
35.4848,16.8504,2.15807,0.980776,0.237769,-0.0394485,-0.0240367,0.698104,-1.11093,0.707759,0.222319,1.34204,0.24264,-0.35932,63.7149,1.21108,
35.4853,16.8504,2.16304,0.980793,0.237865,-0.0393146,-0.024016,0.69811,-1.08338,0.735718,0.221379,1.33576,0.242712,-0.358101,63.4584,1.21143,
35.4858,16.8504,2.16802,0.980811,0.237962,-0.0391807,-0.0239952,0.698117,-1.05584,0.763677,0.220438,1.32948,0.242784,-0.356882,63.2018,1.21179,
35.4864,16.8504,2.173,0.980828,0.238058,-0.0390468,-0.0239744,0.698123,-1.02829,0.791637,0.219497,1.3232,0.242856,-0.355664,62.9452,1.21214,
35.4869,16.8504,2.17797,0.980846,0.238154,-0.0389129,-0.0239537,0.69813,-1.00075,0.819596,0.218557,1.31692,0.242928,-0.354445,62.6886,1.21249,
35.4874,16.8504,2.18295,0.980863,0.238251,-0.0387791,-0.0239331,0.698136,-0.973746,0.847019,0.21748,1.31054,0.243,-0.353232,62.4323,1.21285,
35.488,16.8504,2.18793,0.980879,0.238348,-0.0386458,-0.0239138,0.698142,-0.949751,0.871459,0.215651,1.31054,0.243074,-0.352035,62.1775,1.21321,
35.4885,16.8504,2.19291,0.980897,0.23845,-0.0385155,-0.0238948,0.698148,-0.927852,0.893301,0.214047,1.3121,0.243153,-0.35075,61.9228,1.2136,
35.489,16.8504,2.19788,0.980917,0.238561,-0.0383901,-0.0238763,0.698154,-0.909405,0.910863,0.212817,1.3144,0.243243,-0.349319,61.6683,1.21404,
35.4895,16.8504,2.20286,0.980937,0.238672,-0.0382648,-0.0238578,0.698161,-0.890958,0.928425,0.211586,1.3167,0.243333,-0.347888,61.4137,1.21448,
35.4901,16.8504,2.20784,0.980956,0.238779,-0.0381366,-0.023839,0.698167,-0.87196,0.946987,0.209729,1.3189,0.243417,-0.34654,61.1582,1.2149,
35.4906,16.8504,2.21281,0.980974,0.238884,-0.0380076,-0.0238202,0.698172,-0.852821,0.965806,0.207711,1.32107,0.243501,-0.345214,60.9025,1.21531,
35.4911,16.8504,2.21779,0.980992,0.23899,-0.0378787,-0.0238014,0.698178,-0.833682,0.984626,0.205693,1.32325,0.243584,-0.343887,60.6467,1.21572,
35.4917,16.8504,2.22277,0.98101,0.239096,-0.0377498,-0.0237825,0.698184,-0.814544,1.00345,0.203675,1.32542,0.243667,-0.342561,60.391,1.21613,
35.4922,16.8504,2.22774,0.981029,0.239201,-0.0376208,-0.0237637,0.69819,-0.795405,1.02226,0.201657,1.32759,0.243751,-0.341234,60.1352,1.21654,
35.4927,16.8504,2.23272,0.981047,0.239307,-0.0374919,-0.0237449,0.698196,-0.776266,1.04108,0.199639,1.32976,0.243834,-0.339908,59.8795,1.21695,
35.4932,16.8504,2.2377,0.981065,0.239413,-0.0373629,-0.0237261,0.698202,-0.757127,1.0599,0.197621,1.33194,0.243918,-0.338581,59.6237,1.21736,
35.4938,16.8504,2.24268,0.981083,0.239518,-0.037234,-0.0237073,0.698207,-0.737988,1.07872,0.195603,1.33411,0.244001,-0.337255,59.368,1.21777,
35.4943,16.8504,2.24765,0.981102,0.239624,-0.0371051,-0.0236885,0.698213,-0.718849,1.09754,0.193585,1.33628,0.244084,-0.335928,59.1122,1.21818,
35.4948,16.8504,2.25263,0.98112,0.23973,-0.0369761,-0.0236696,0.698219,-0.69971,1.11636,0.191567,1.33846,0.244168,-0.334601,58.8565,1.21859,
35.4954,16.8504,2.25761,0.981138,0.239835,-0.0368472,-0.0236508,0.698225,-0.680571,1.13518,0.189549,1.34063,0.244251,-0.333275,58.6007,1.219,
35.4959,16.8504,2.26258,0.981156,0.239941,-0.0367183,-0.023632,0.698231,-0.661432,1.154,0.187531,1.34384,0.244335,-0.331945,58.345,1.21941,
35.4964,16.8504,2.26756,0.981181,0.240078,-0.0366315,-0.0236156,0.698237,-0.645183,1.16564,0.186183,1.34682,0.244458,-0.330089,58.125,1.22001,
35.4969,16.8504,2.27254,0.981206,0.24022,-0.0365505,-0.0235996,0.698244,-0.629327,1.17631,0.184926,1.34965,0.244586,-0.32816,57.9099,1.22065,
35.4975,16.8504,2.27752,0.981231,0.240362,-0.0364695,-0.0235836,0.69825,-0.613471,1.18698,0.183669,1.35248,0.244715,-0.326232,57.6948,1.22128,
35.498,16.8504,2.28249,0.981257,0.240504,-0.0363885,-0.0235676,0.698257,-0.597615,1.19764,0.182412,1.35531,0.244843,-0.324304,57.4797,1.22191,
35.4985,16.8504,2.28747,0.981282,0.240647,-0.0363072,-0.0235522,0.698263,-0.585567,1.20604,0.18085,1.35768,0.244972,-0.322391,57.2659,1.22254,
35.4991,16.8504,2.29245,0.981306,0.240789,-0.0362259,-0.0235369,0.698269,-0.573892,1.21421,0.179258,1.36001,0.245101,-0.32048,57.0521,1.22317,
35.4996,16.8504,2.29742,0.981331,0.240931,-0.0361445,-0.0235215,0.698275,-0.562217,1.22238,0.177666,1.36234,0.24523,-0.318569,56.8384,1.22381,
35.5001,16.8504,2.3024,0.981355,0.241074,-0.0360632,-0.0235062,0.698281,-0.550541,1.23055,0.176074,1.36467,0.245359,-0.316658,56.6247,1.22444,
35.5006,16.8504,2.30738,0.98138,0.241216,-0.0359819,-0.0234909,0.698287,-0.538866,1.23871,0.174482,1.36699,0.245488,-0.314747,56.4109,1.22507,
35.5012,16.8504,2.31235,0.981405,0.241358,-0.0359006,-0.0234755,0.698294,-0.527191,1.24688,0.17289,1.36932,0.245617,-0.312836,56.1972,1.22571,
35.5017,16.8504,2.31733,0.98143,0.241501,-0.0358193,-0.0234602,0.6983,-0.515516,1.25505,0.171298,1.37165,0.245746,-0.310925,55.9834,1.22634,
35.5022,16.8504,2.32231,0.981454,0.241643,-0.035738,-0.0234449,0.698306,-0.50384,1.26322,0.169706,1.37398,0.245874,-0.309014,55.7697,1.22697,
35.5028,16.8504,2.32729,0.981479,0.241785,-0.0356567,-0.0234295,0.698312,-0.492165,1.27139,0.168114,1.37631,0.246003,-0.307103,55.5559,1.22761,
35.5033,16.8504,2.33226,0.981503,0.241927,-0.0355754,-0.0234142,0.698318,-0.48049,1.27956,0.166522,1.37863,0.246132,-0.305192,55.3422,1.22824,
35.5038,16.8504,2.33724,0.981528,0.24207,-0.035494,-0.0233989,0.698324,-0.468814,1.28773,0.16493,1.38096,0.246261,-0.303281,55.1285,1.22887,
35.5043,16.8504,2.34222,0.981553,0.242221,-0.035421,-0.0233857,0.698329,-0.454556,1.29893,0.164097,1.38773,0.246401,-0.301269,54.9057,1.22956,
35.5049,16.8504,2.34719,0.981578,0.242374,-0.0353491,-0.0233728,0.698334,-0.43992,1.31057,0.163375,1.39515,0.246542,-0.299243,54.6816,1.23025,
35.5054,16.8504,2.35217,0.981603,0.242526,-0.0352773,-0.0233599,0.69834,-0.425285,1.3222,0.162653,1.40256,0.246684,-0.297217,54.4576,1.23095,
35.5059,16.8504,2.35715,0.981628,0.242679,-0.0352054,-0.023347,0.698345,-0.410649,1.33384,0.161931,1.40998,0.246825,-0.295191,54.2335,1.23164,
35.5064,16.8504,2.36213,0.981653,0.242832,-0.0351335,-0.0233341,0.69835,-0.396014,1.34548,0.161209,1.41739,0.246967,-0.293165,54.0094,1.23234,
35.507,16.8504,2.3671,0.981678,0.242984,-0.0350617,-0.0233213,0.698355,-0.381378,1.35712,0.160487,1.42451,0.247108,-0.291138,53.7854,1.23303,
35.5075,16.8504,2.37208,0.981703,0.243137,-0.0349898,-0.0233084,0.69836,-0.366743,1.36876,0.159765,1.43091,0.247249,-0.289109,53.5613,1.23373,
35.508,16.8504,2.37706,0.981728,0.243289,-0.0349179,-0.0232955,0.698365,-0.352107,1.3804,0.159042,1.4373,0.247391,-0.287079,53.3372,1.23442,
35.5086,16.8504,2.38203,0.981752,0.243442,-0.0348461,-0.0232826,0.69837,-0.337472,1.39204,0.15832,1.4437,0.247532,-0.28505,53.1132,1.23512,
35.5091,16.8504,2.38701,0.981777,0.243595,-0.0347742,-0.0232697,0.698375,-0.322836,1.40367,0.157598,1.45009,0.247674,-0.283021,52.8891,1.23581,
35.5096,16.8504,2.39199,0.981802,0.243759,-0.0347243,-0.0232611,0.698379,-0.299771,1.4222,0.156107,1.46399,0.24783,-0.280901,52.658,1.23658,
35.5101,16.8504,2.39696,0.981825,0.243931,-0.0346903,-0.0232557,0.69838,-0.270621,1.4457,0.15406,1.48331,0.247998,-0.278715,52.4218,1.2374,
35.5107,16.8504,2.40194,0.981849,0.244103,-0.0346563,-0.0232502,0.698382,-0.241472,1.46921,0.152013,1.50262,0.248165,-0.276529,52.1856,1.23822,
35.5112,16.8504,2.40692,0.981873,0.244275,-0.0346222,-0.0232447,0.698384,-0.212322,1.49271,0.149966,1.52194,0.248333,-0.274343,51.9494,1.23905,
35.5117,16.8504,2.4119,0.981897,0.244447,-0.0345882,-0.0232392,0.698385,-0.183172,1.51621,0.147919,1.54125,0.2485,-0.272158,51.7132,1.23987,
35.5123,16.8504,2.41687,0.981921,0.244619,-0.0345542,-0.0232337,0.698387,-0.154022,1.53971,0.145873,1.56057,0.248668,-0.269972,51.477,1.24069,
35.5128,16.8504,2.42185,0.981944,0.244791,-0.0345201,-0.0232282,0.698389,-0.124872,1.56321,0.143826,1.57988,0.248835,-0.267786,51.2408,1.24151,
35.5133,16.8504,2.42683,0.981968,0.244964,-0.0344861,-0.0232227,0.69839,-0.0957227,1.58671,0.141779,1.5992,0.249003,-0.265601,51.0046,1.24233,
35.5138,16.8504,2.4318,0.981992,0.245136,-0.0344524,-0.023217,0.698392,-0.0661599,1.6109,0.139934,1.61912,0.249171,-0.263401,50.7664,1.24316,
35.5144,16.8504,2.43678,0.982019,0.245318,-0.0344305,-0.0232133,0.698395,-0.0408369,1.63103,0.137535,1.6384,0.24935,-0.260966,50.5084,1.24404,
35.5149,16.8504,2.44176,0.982054,0.24556,-0.0344758,-0.0232125,0.6984,-0.0224503,1.63954,0.137505,1.65027,0.249599,-0.257563,50.1451,1.24526,
35.5154,16.8504,2.44674,0.98209,0.245802,-0.0345189,-0.0232118,0.698404,-0.00171853,1.65013,0.137121,1.66415,0.249847,-0.254155,49.7853,1.24648,
35.516,16.8504,2.45171,0.982125,0.246041,-0.0345597,-0.0232111,0.698409,0.0214678,1.66291,0.136368,1.68012,0.250094,-0.25074,49.4291,1.24769,
35.5165,16.8504,2.45669,0.982161,0.246281,-0.0346005,-0.0232104,0.698415,0.0446541,1.67568,0.135615,1.69609,0.25034,-0.247325,49.0729,1.2489,
35.517,16.8504,2.46167,0.982197,0.246521,-0.0346413,-0.0232098,0.69842,0.0678404,1.68846,0.134862,1.71206,0.250586,-0.243911,48.7167,1.25011,
35.5175,16.8504,2.46664,0.982233,0.246761,-0.0346821,-0.0232091,0.698425,0.0910267,1.70123,0.134109,1.72803,0.250833,-0.240496,48.3605,1.25132,
35.5181,16.8504,2.47162,0.982269,0.247,-0.0347229,-0.0232084,0.69843,0.114213,1.71401,0.133355,1.744,0.251079,-0.237081,48.0043,1.25253,
35.5186,16.8504,2.4766,0.982304,0.24724,-0.0347637,-0.0232077,0.698435,0.137399,1.72678,0.132602,1.75997,0.251325,-0.233667,47.6481,1.25374,
35.5191,16.8504,2.48157,0.98234,0.24748,-0.0348046,-0.023207,0.69844,0.160586,1.73956,0.131849,1.77594,0.251571,-0.230252,47.2919,1.25495,
35.5197,16.8504,2.48655,0.982376,0.24772,-0.0348454,-0.0232064,0.698446,0.183772,1.75233,0.131096,1.7919,0.251818,-0.226837,46.9357,1.25616,
35.5202,16.8504,2.49153,0.982412,0.24796,-0.0348862,-0.0232057,0.698451,0.206958,1.76511,0.130343,1.80787,0.252064,-0.223422,46.5795,1.25737,
35.5207,16.8504,2.49651,0.982448,0.248199,-0.034927,-0.023205,0.698456,0.230145,1.77788,0.12959,1.82384,0.25231,-0.220008,46.2233,1.25859,
35.5212,16.8504,2.50148,0.982484,0.248439,-0.0349678,-0.0232043,0.698461,0.253331,1.79066,0.128836,1.83981,0.252557,-0.216593,45.8671,1.2598,
35.5218,16.8504,2.50646,0.982519,0.248679,-0.0350086,-0.0232036,0.698466,0.276517,1.80343,0.128083,1.85578,0.252803,-0.213178,45.5109,1.26101,
35.5223,16.8504,2.51144,0.982555,0.248919,-0.0350494,-0.023203,0.698471,0.299704,1.81621,0.12733,1.87175,0.253049,-0.209764,45.1547,1.26222,
35.5228,16.8504,2.51641,0.982591,0.249159,-0.0350902,-0.0232023,0.698477,0.32289,1.82898,0.126577,1.88772,0.253296,-0.206349,44.7985,1.26343,
35.5233,16.8504,2.52139,0.982627,0.249398,-0.035131,-0.0232016,0.698482,0.346076,1.84176,0.125824,1.90369,0.253542,-0.202934,44.4423,1.26464,
35.5239,16.8504,2.52637,0.982663,0.249638,-0.0351718,-0.0232009,0.698487,0.369262,1.85453,0.125071,1.91966,0.253788,-0.19952,44.0861,1.26585,
35.5244,16.8504,2.53135,0.982698,0.249878,-0.0352126,-0.0232002,0.698492,0.392449,1.86731,0.124317,1.93563,0.254035,-0.196105,43.7299,1.26706,
35.5249,16.8504,2.53632,0.982734,0.250118,-0.0352534,-0.0231996,0.698497,0.415635,1.88008,0.123564,1.9516,0.254281,-0.19269,43.3737,1.26827,
35.5255,16.8504,2.5413,0.98277,0.250358,-0.0352942,-0.0231989,0.698502,0.438821,1.89286,0.122811,1.96757,0.254527,-0.189275,43.0175,1.26948,
35.526,16.8504,2.54628,0.982806,0.250597,-0.035335,-0.0231982,0.698508,0.462008,1.90563,0.122058,1.98354,0.254773,-0.185861,42.6613,1.27069,
35.5265,16.8504,2.55125,0.982842,0.250837,-0.0353758,-0.0231975,0.698513,0.485194,1.91841,0.121305,1.99951,0.25502,-0.182446,42.3051,1.2719,
35.527,16.8504,2.55623,0.982878,0.251077,-0.0354166,-0.0231968,0.698518,0.50838,1.93118,0.120552,2.01548,0.255266,-0.179031,41.9489,1.27311,
35.5276,16.8504,2.56121,0.982913,0.251317,-0.0354574,-0.0231962,0.698523,0.531567,1.94396,0.119798,2.03145,0.255512,-0.175617,41.5927,1.27432,
35.5281,16.8504,2.56618,0.982949,0.251557,-0.0354983,-0.0231955,0.698528,0.554753,1.95673,0.119045,2.04742,0.255759,-0.172202,41.2365,1.27553,
35.5286,16.8504,2.57116,0.982985,0.251796,-0.0355391,-0.0231948,0.698533,0.577939,1.96951,0.118292,2.06339,0.256005,-0.168787,40.8803,1.27674,
35.5292,16.8504,2.57614,0.983021,0.252036,-0.0355799,-0.0231941,0.698539,0.601126,1.98228,0.117539,2.07936,0.256251,-0.165372,40.5241,1.27795,
35.5297,16.8504,2.58112,0.983057,0.252276,-0.0356207,-0.0231934,0.698544,0.624312,1.99506,0.116786,2.09533,0.256498,-0.161958,40.1679,1.27916,
35.5302,16.8504,2.58609,0.983093,0.25251,-0.0356828,-0.0231929,0.69855,0.637861,1.99355,0.11533,2.09659,0.256741,-0.158468,39.775,1.28036,
35.5307,16.8504,2.59107,0.98313,0.252737,-0.0357671,-0.0231924,0.698558,0.641324,1.97708,0.113138,2.08244,0.256982,-0.154901,39.3436,1.28154,
35.5313,16.8504,2.59605,0.983166,0.252965,-0.0358515,-0.0231919,0.698566,0.644786,1.96062,0.110946,2.06829,0.257222,-0.151333,38.9122,1.28272,
35.5318,16.8504,2.60102,0.983203,0.253193,-0.0359359,-0.0231915,0.698573,0.648249,1.94415,0.108755,2.05414,0.257462,-0.147765,38.4808,1.2839,
35.5323,16.8504,2.606,0.98324,0.25342,-0.0360203,-0.023191,0.698581,0.651711,1.92769,0.106563,2.03999,0.257703,-0.144198,38.0494,1.28508,
35.5329,16.8504,2.61098,0.983277,0.253648,-0.0361046,-0.0231906,0.698589,0.655173,1.91123,0.104372,2.02584,0.257943,-0.14063,37.6181,1.28627,
35.5334,16.8504,2.61596,0.983313,0.253876,-0.036189,-0.0231901,0.698596,0.658636,1.89476,0.10218,2.01169,0.258184,-0.137063,37.1867,1.28745,
35.5339,16.8504,2.62093,0.98335,0.254103,-0.0362734,-0.0231896,0.698604,0.662098,1.8783,0.0999884,1.99754,0.258424,-0.133495,36.7553,1.28863,
35.5344,16.8504,2.62591,0.983387,0.254331,-0.0363577,-0.0231892,0.698612,0.665561,1.86183,0.0977968,1.98339,0.258665,-0.129927,36.3239,1.28981,
35.535,16.8504,2.63089,0.983423,0.254559,-0.0364421,-0.0231887,0.69862,0.669023,1.84537,0.0956051,1.96925,0.258905,-0.12636,35.8926,1.29099,
35.5355,16.8504,2.63586,0.98346,0.254786,-0.0365265,-0.0231883,0.698627,0.672485,1.82891,0.0934135,1.9551,0.259146,-0.122792,35.4612,1.29217,
35.536,16.8504,2.64084,0.983497,0.255014,-0.0366109,-0.0231878,0.698635,0.675948,1.81244,0.0912219,1.94095,0.259386,-0.119225,35.0298,1.29336,
35.5366,16.8504,2.64582,0.983534,0.255241,-0.0366952,-0.0231874,0.698643,0.67941,1.79598,0.0890303,1.9268,0.259626,-0.115657,34.5984,1.29454,
35.5371,16.8504,2.65079,0.98357,0.255469,-0.0367796,-0.0231869,0.69865,0.682873,1.77951,0.0868387,1.91265,0.259867,-0.112089,34.1671,1.29572,
35.5376,16.8504,2.65577,0.983607,0.255697,-0.036864,-0.0231864,0.698658,0.686335,1.76305,0.084647,1.8985,0.260107,-0.108522,33.7357,1.2969,
35.5381,16.8504,2.66075,0.983644,0.255924,-0.0369484,-0.023186,0.698666,0.689798,1.74659,0.0824554,1.88435,0.260348,-0.104954,33.3043,1.29808,
35.5387,16.8504,2.66573,0.983681,0.256152,-0.0370327,-0.0231855,0.698674,0.69326,1.73012,0.0802638,1.8702,0.260588,-0.101386,32.8729,1.29927,
35.5392,16.8504,2.6707,0.983717,0.25638,-0.0371171,-0.0231851,0.698681,0.696722,1.71366,0.0780722,1.85605,0.260829,-0.0978189,32.4415,1.30045,
35.5397,16.8504,2.67568,0.983754,0.256607,-0.0372015,-0.0231846,0.698689,0.700185,1.69719,0.0758806,1.84191,0.261069,-0.0942513,32.0102,1.30163,
35.5403,16.8504,2.68066,0.983791,0.256835,-0.0372859,-0.0231841,0.698697,0.703647,1.68073,0.0736889,1.82776,0.26131,-0.0906837,31.5788,1.30281,
35.5408,16.8504,2.68563,0.983828,0.257062,-0.0373702,-0.0231837,0.698704,0.70711,1.66427,0.0714973,1.81361,0.26155,-0.087116,31.1474,1.30399,
35.5413,16.8504,2.69061,0.983864,0.25729,-0.0374546,-0.0231832,0.698712,0.710572,1.6478,0.0693057,1.79946,0.26179,-0.0835484,30.716,1.30517,
35.5418,16.8504,2.69559,0.983901,0.257518,-0.037539,-0.0231828,0.69872,0.714034,1.63134,0.0671141,1.78531,0.262031,-0.0799808,30.2847,1.30636,
35.5424,16.8504,2.70057,0.983936,0.257738,-0.0376233,-0.0231819,0.698727,0.71649,1.61345,0.0649279,1.76956,0.262264,-0.0765328,29.858,1.3075,
35.5429,16.8504,2.70554,0.983971,0.257957,-0.0377076,-0.0231809,0.698734,0.718784,1.59533,0.0627426,1.75355,0.262496,-0.073104,29.4321,1.30864,
35.5434,16.8504,2.71052,0.984006,0.258176,-0.037792,-0.02318,0.698741,0.721077,1.57721,0.0605573,1.73754,0.262728,-0.0696753,29.0062,1.30978,
35.5439,16.8504,2.7155,0.984041,0.258395,-0.0378763,-0.023179,0.698749,0.723371,1.55909,0.058372,1.72153,0.26296,-0.0662465,28.5802,1.31092,
35.5445,16.8504,2.72047,0.984076,0.258615,-0.0379606,-0.023178,0.698756,0.725664,1.54097,0.0561867,1.70552,0.263191,-0.0628178,28.1543,1.31206,
35.545,16.8504,2.72545,0.984111,0.258834,-0.038045,-0.0231771,0.698763,0.727957,1.52285,0.0540014,1.68951,0.263423,-0.059389,27.7284,1.3132,
35.5455,16.8504,2.73043,0.984146,0.259053,-0.0381293,-0.0231761,0.69877,0.730251,1.50473,0.051816,1.6735,0.263655,-0.0559602,27.3025,1.31434,
35.5461,16.8504,2.7354,0.98417,0.259187,-0.0381997,-0.0231677,0.698778,0.724655,1.47956,0.0504241,1.6486,0.263799,-0.053645,26.925,1.31505,
35.5466,16.8504,2.74038,0.984192,0.259303,-0.0382671,-0.0231576,0.698785,0.717385,1.45289,0.0492004,1.62182,0.263924,-0.0515661,26.5579,1.31566,
35.5471,16.8504,2.74536,0.984213,0.259418,-0.0383345,-0.0231475,0.698793,0.710114,1.42622,0.0479768,1.59504,0.264049,-0.0494873,26.1907,1.31628,
35.5476,16.8504,2.75034,0.984235,0.259534,-0.0384019,-0.0231375,0.6988,0.702843,1.39956,0.0467532,1.56826,0.264174,-0.0474084,25.8235,1.31689,
35.5482,16.8504,2.75531,0.984257,0.25965,-0.0384693,-0.0231274,0.698808,0.695573,1.37289,0.0455296,1.54148,0.264299,-0.0453295,25.4563,1.31751,
35.5487,16.8504,2.76029,0.984278,0.259766,-0.0385368,-0.0231174,0.698815,0.688302,1.34622,0.044306,1.5147,0.264424,-0.0432506,25.0892,1.31813,
35.5492,16.8504,2.76527,0.9843,0.259881,-0.0386042,-0.0231073,0.698823,0.681032,1.31956,0.0430823,1.48792,0.264549,-0.0411717,24.722,1.31874,
35.5498,16.8504,2.77024,0.984322,0.259997,-0.0386716,-0.0230973,0.698831,0.673761,1.29289,0.0418587,1.46114,0.264674,-0.0390929,24.3548,1.31936,
35.5503,16.8504,2.77522,0.984343,0.260113,-0.038739,-0.0230872,0.698838,0.666491,1.26623,0.0406351,1.43436,0.264799,-0.037014,23.9877,1.31997,
35.5508,16.8504,2.7802,0.984365,0.260229,-0.0388064,-0.0230772,0.698846,0.65922,1.23956,0.0394115,1.40758,0.264924,-0.0349351,23.6205,1.32059,
35.5513,16.8504,2.78518,0.984387,0.260345,-0.0388738,-0.0230671,0.698853,0.65195,1.21289,0.0381879,1.3808,0.265049,-0.0328562,23.2533,1.32121,
35.5519,16.8504,2.79015,0.984408,0.26046,-0.0389412,-0.023057,0.698861,0.644679,1.18623,0.0369642,1.35402,0.265174,-0.0307774,22.8861,1.32182,
35.5524,16.8504,2.79513,0.98443,0.260576,-0.0390087,-0.023047,0.698868,0.637409,1.15956,0.0357406,1.32724,0.265299,-0.0286985,22.519,1.32244,
35.5529,16.8504,2.80011,0.984452,0.260692,-0.0390761,-0.0230369,0.698876,0.630138,1.1329,0.034517,1.30046,0.265424,-0.0266196,22.1518,1.32305,
35.5535,16.8504,2.80508,0.984473,0.260808,-0.0391435,-0.0230269,0.698883,0.622868,1.10623,0.0332934,1.27368,0.265549,-0.0245407,21.7846,1.32367,
35.554,16.8504,2.81006,0.984495,0.260923,-0.0392109,-0.0230168,0.698891,0.615597,1.07956,0.0320698,1.2469,0.265674,-0.0224618,21.4175,1.32428,
35.5545,16.8504,2.81504,0.984517,0.261039,-0.0392783,-0.0230068,0.698899,0.608327,1.0529,0.0308462,1.22012,0.265799,-0.020383,21.0503,1.3249,
35.555,16.8504,2.82001,0.984538,0.261155,-0.0393457,-0.0229967,0.698906,0.601056,1.02623,0.0296225,1.19334,0.265924,-0.0183041,20.6831,1.32552,
35.5556,16.8504,2.82499,0.98456,0.261271,-0.0394131,-0.0229866,0.698914,0.593786,0.999564,0.0283989,1.16656,0.266049,-0.0162252,20.3159,1.32613,
35.5561,16.8504,2.82997,0.984582,0.261386,-0.0394804,-0.0229765,0.698921,0.586507,0.972924,0.0271761,1.1398,0.266174,-0.0141536,19.9492,1.32675,
35.5566,16.8504,2.83495,0.984601,0.261493,-0.0395442,-0.0229638,0.698928,0.579036,0.946859,0.0259696,1.11353,0.266289,-0.0122425,19.5922,1.32731,
35.5572,16.8504,2.83992,0.984621,0.261599,-0.0396081,-0.0229512,0.698935,0.571565,0.920794,0.0247632,1.08727,0.266404,-0.0103315,19.2353,1.32788,
35.5577,16.8504,2.8449,0.984641,0.261706,-0.0396719,-0.0229385,0.698942,0.564094,0.894728,0.0235568,1.061,0.266519,-0.00842037,18.8783,1.32845,
35.5582,16.8504,2.84988,0.984661,0.261812,-0.0397358,-0.0229259,0.698949,0.556623,0.868663,0.0223504,1.03473,0.266634,-0.00650928,18.5213,1.32901,
35.5587,16.8504,2.85485,0.984681,0.261919,-0.0397997,-0.0229132,0.698956,0.549152,0.842598,0.0211439,1.00846,0.266749,-0.00459819,18.1643,1.32958,
35.5593,16.8504,2.85983,0.984701,0.262026,-0.0398635,-0.0229005,0.698963,0.541681,0.816532,0.0199375,0.982191,0.266864,-0.0026871,17.8073,1.33014,
35.5598,16.8504,2.86481,0.98472,0.262132,-0.0399274,-0.0228879,0.69897,0.53421,0.790467,0.0187311,0.955922,0.266979,-0.000776014,17.4504,1.33071,
35.5603,16.8504,2.86979,0.98474,0.262239,-0.0399912,-0.0228752,0.698977,0.526739,0.764402,0.0175247,0.929654,0.267094,0.00113508,17.0934,1.33128,
35.5609,16.8504,2.87476,0.98476,0.262345,-0.0400551,-0.0228626,0.698984,0.519268,0.738336,0.0163182,0.903385,0.267209,0.00304616,16.7364,1.33184,
35.5614,16.8504,2.87974,0.984779,0.262439,-0.0401136,-0.0228486,0.698991,0.511781,0.71393,0.0153429,0.878624,0.267311,0.00478886,16.3989,1.33234,
35.5619,16.8504,2.88472,0.984791,0.262468,-0.0401446,-0.0228274,0.698999,0.504211,0.698153,0.0155696,0.861704,0.267341,0.00565551,16.1628,1.3325,
35.5624,16.8504,2.88969,0.984803,0.262496,-0.0401756,-0.0228062,0.699008,0.49664,0.682377,0.0157963,0.844783,0.267372,0.00652217,15.9266,1.33265,
35.563,16.8504,2.89467,0.984815,0.262524,-0.0402066,-0.022785,0.699016,0.489069,0.6666,0.016023,0.827863,0.267403,0.00738883,15.6905,1.33281,
35.5635,16.8504,2.89965,0.984827,0.262552,-0.0402376,-0.0227638,0.699025,0.481498,0.650823,0.0162498,0.810942,0.267434,0.00825548,15.4543,1.33296,
35.564,16.8504,2.90462,0.984839,0.262581,-0.0402685,-0.0227427,0.699033,0.473927,0.635047,0.0164765,0.794022,0.267465,0.00912214,15.2182,1.33311,
35.5645,16.8504,2.9096,0.984851,0.262609,-0.0402995,-0.0227215,0.699042,0.466356,0.61927,0.0167032,0.777101,0.267496,0.0099888,14.982,1.33327,
35.5651,16.8504,2.91458,0.984863,0.262637,-0.0403305,-0.0227003,0.69905,0.458785,0.603494,0.0169299,0.760181,0.267527,0.0108555,14.7459,1.33342,
35.5656,16.8504,2.91956,0.984875,0.262666,-0.0403615,-0.0226791,0.699059,0.451214,0.587717,0.0171567,0.743261,0.267558,0.0117221,14.5098,1.33358,
35.5661,16.8504,2.92453,0.984887,0.262694,-0.0403925,-0.022658,0.699067,0.443643,0.57194,0.0173834,0.72634,0.267589,0.0125888,14.2736,1.33373,
35.5667,16.8504,2.92951,0.984899,0.262722,-0.0404235,-0.0226368,0.699076,0.436072,0.556164,0.0176101,0.70942,0.267619,0.0134554,14.0375,1.33388,
35.5672,16.8504,2.93449,0.984912,0.26275,-0.0404545,-0.0226156,0.699084,0.428501,0.540387,0.0178368,0.692499,0.26765,0.0143221,13.8013,1.33404,
35.5677,16.8504,2.93946,0.984924,0.262779,-0.0404854,-0.0225944,0.699093,0.42093,0.52461,0.0180636,0.675579,0.267681,0.0151887,13.5652,1.33419,
35.5682,16.8504,2.94444,0.984936,0.262807,-0.0405164,-0.0225732,0.699101,0.413359,0.508834,0.0182903,0.658658,0.267712,0.0160554,13.329,1.33435,
35.5688,16.8504,2.94942,0.984948,0.262835,-0.0405474,-0.0225521,0.69911,0.405789,0.493057,0.018517,0.641738,0.267743,0.016922,13.0929,1.3345,
35.5693,16.8504,2.9544,0.98496,0.262863,-0.0405784,-0.0225309,0.699118,0.398218,0.47728,0.0187437,0.624818,0.267774,0.0177887,12.8567,1.33465,
35.5698,16.8504,2.95937,0.984972,0.262892,-0.0406094,-0.0225097,0.699127,0.390647,0.461504,0.0189705,0.607897,0.267805,0.0186554,12.6206,1.33481,
35.5704,16.8504,2.96435,0.984983,0.262919,-0.04064,-0.0224886,0.699135,0.383161,0.445987,0.0188843,0.591244,0.267835,0.0194722,12.3826,1.33496,
35.5709,16.8504,2.96933,0.984991,0.262943,-0.0406695,-0.0224676,0.69914,0.375967,0.431362,0.0177261,0.575509,0.267861,0.0201183,12.1383,1.33509,
35.5714,16.8504,2.9743,0.984999,0.262967,-0.0406989,-0.0224466,0.699146,0.368774,0.416737,0.0165679,0.559773,0.267888,0.0207644,11.894,1.33522,
35.5719,16.8504,2.97928,0.985008,0.262991,-0.0407284,-0.0224256,0.699151,0.36158,0.402113,0.0154097,0.544037,0.267915,0.0214105,11.6498,1.33535,
35.5725,16.8504,2.98426,0.985016,0.263016,-0.0407578,-0.0224046,0.699156,0.354387,0.387488,0.0142515,0.528301,0.267941,0.0220567,11.4055,1.33549,
35.573,16.8504,2.98923,0.985024,0.26304,-0.0407873,-0.0223836,0.699162,0.347193,0.372863,0.0130933,0.512565,0.267968,0.0227028,11.1612,1.33562,
35.5735,16.8504,2.99421,0.985032,0.263064,-0.0408167,-0.0223627,0.699167,0.34,0.358238,0.0119352,0.49683,0.267994,0.0233489,10.9169,1.33575,
35.5741,16.8504,2.99919,0.98504,0.263088,-0.0408461,-0.0223417,0.699173,0.332806,0.343613,0.010777,0.481094,0.268021,0.023995,10.6726,1.33588,
35.5746,16.8504,3.00417,0.985049,0.263112,-0.0408756,-0.0223207,0.699178,0.325613,0.328988,0.00961876,0.465358,0.268048,0.0246411,10.4283,1.33601,
35.5751,16.8504,3.00914,0.985057,0.263136,-0.040905,-0.0222997,0.699184,0.318419,0.314363,0.00846057,0.449622,0.268074,0.0252872,10.1841,1.33615,
35.5756,16.8504,3.01412,0.985065,0.26316,-0.0409345,-0.0222787,0.699189,0.311225,0.299738,0.00730237,0.433886,0.268101,0.0259333,9.93977,1.33628,
35.5762,16.8504,3.0191,0.985073,0.263185,-0.0409639,-0.0222577,0.699194,0.304032,0.285113,0.00614418,0.418151,0.268127,0.0265795,9.69549,1.33641,
35.5767,16.8504,3.02407,0.985081,0.263209,-0.0409934,-0.0222368,0.6992,0.296838,0.270488,0.00498598,0.402415,0.268154,0.0272256,9.4512,1.33654,
35.5772,16.8504,3.02905,0.985088,0.263217,-0.0410117,-0.0222145,0.699205,0.290258,0.258842,0.00411929,0.389902,0.268163,0.0276292,9.27801,1.33659,
35.5778,16.8504,3.03403,0.985093,0.263209,-0.0410188,-0.0221909,0.69921,0.284298,0.250205,0.00354697,0.380643,0.268154,0.027788,9.17662,1.33655,
35.5783,16.8504,3.03901,0.985098,0.263202,-0.0410259,-0.0221674,0.699216,0.278338,0.241568,0.00297464,0.371384,0.268146,0.0279467,9.07523,1.33651,
35.5788,16.8504,3.04398,0.985102,0.263194,-0.041033,-0.0221438,0.699221,0.272378,0.232931,0.00240232,0.362125,0.268137,0.0281055,8.97384,1.33646,
35.5793,16.8504,3.04896,0.985107,0.263187,-0.0410401,-0.0221203,0.699226,0.266418,0.224294,0.00183,0.352867,0.268128,0.0282642,8.87245,1.33642,
35.5799,16.8504,3.05394,0.985112,0.263179,-0.0410473,-0.0220967,0.699232,0.260458,0.215656,0.00125767,0.343608,0.26812,0.028423,8.77105,1.33638,
35.5804,16.8504,3.05891,0.985117,0.263172,-0.0410544,-0.0220732,0.699237,0.254498,0.207019,0.000685349,0.334349,0.268111,0.0285817,8.66966,1.33634,
35.5809,16.8504,3.06389,0.985122,0.263164,-0.0410615,-0.0220496,0.699242,0.248538,0.198382,0.000113025,0.32509,0.268102,0.0287405,8.56827,1.3363,
35.5814,16.8504,3.06887,0.985127,0.263157,-0.0410686,-0.0220261,0.699247,0.242578,0.189745,-0.000459298,0.315832,0.268094,0.0288992,8.46688,1.33626,
35.582,16.8504,3.07384,0.985131,0.263149,-0.0410757,-0.0220025,0.699253,0.236618,0.181107,-0.00103162,0.306573,0.268085,0.029058,8.36549,1.33622,
35.5825,16.8504,3.07882,0.985136,0.263142,-0.0410828,-0.021979,0.699258,0.230658,0.17247,-0.00160395,0.297314,0.268077,0.0292167,8.2641,1.33617,
35.583,16.8504,3.0838,0.985141,0.263134,-0.0410899,-0.0219554,0.699263,0.224698,0.163833,-0.00217627,0.288055,0.268068,0.0293755,8.1627,1.33613,
35.5836,16.8504,3.08878,0.985146,0.263126,-0.041097,-0.0219319,0.699268,0.218738,0.155196,-0.00274859,0.278797,0.268059,0.0295343,8.06131,1.33609,
35.5841,16.8504,3.09375,0.985151,0.263119,-0.0411041,-0.0219083,0.699274,0.212778,0.146559,-0.00332092,0.269538,0.268051,0.029693,7.95992,1.33605,
35.5846,16.8504,3.09873,0.985155,0.263111,-0.0411113,-0.0218848,0.699279,0.206818,0.137921,-0.00389324,0.260279,0.268042,0.0298518,7.85853,1.33601,
35.5851,16.8504,3.10371,0.98516,0.263104,-0.0411184,-0.0218612,0.699284,0.200858,0.129284,-0.00446556,0.25102,0.268033,0.0300105,7.75714,1.33597,
35.5857,16.8504,3.10868,0.985165,0.263096,-0.0411255,-0.0218377,0.699289,0.194899,0.120647,-0.00503789,0.241762,0.268025,0.0301693,7.65574,1.33593,
35.5862,16.8504,3.11366,0.98517,0.263089,-0.0411326,-0.0218141,0.699295,0.188938,0.11201,-0.00561021,0.232503,0.268016,0.030328,7.55435,1.33589,
35.5867,16.8504,3.11864,0.985175,0.263081,-0.0411397,-0.0217906,0.6993,0.182979,0.103372,-0.00618254,0.223244,0.268007,0.0304868,7.45296,1.33584,
35.5873,16.8504,3.12362,0.98518,0.263074,-0.0411468,-0.021767,0.699305,0.177019,0.0947352,-0.00675486,0.213985,0.267999,0.0306455,7.35157,1.3358,
35.5878,16.8504,3.12859,0.985184,0.263066,-0.0411539,-0.0217435,0.69931,0.171059,0.086098,-0.00732718,0.204727,0.26799,0.0308043,7.25018,1.33576,
35.5883,16.8504,3.13357,0.985189,0.263058,-0.041161,-0.0217199,0.699316,0.165099,0.0774608,-0.00789951,0.195468,0.267981,0.030963,7.14879,1.33572,
35.5888,16.8504,3.13855,0.985194,0.263051,-0.0411682,-0.0216964,0.699321,0.159139,0.0688235,-0.00847183,0.186209,0.267973,0.0311218,7.04739,1.33568,
35.5894,16.8504,3.14352,0.985199,0.263043,-0.0411753,-0.0216728,0.699326,0.153179,0.0601863,-0.00904415,0.17695,0.267964,0.0312806,6.946,1.33564,
35.5899,16.8504,3.1485,0.985204,0.263036,-0.0411824,-0.0216493,0.699331,0.147219,0.0515491,-0.00961648,0.167692,0.267955,0.0314393,6.84461,1.3356,
35.5904,16.8504,3.15348,0.985209,0.263028,-0.0411895,-0.0216257,0.699337,0.141259,0.0429119,-0.0101888,0.158433,0.267947,0.0315981,6.74322,1.33555,
35.591,16.8504,3.15845,0.985213,0.263021,-0.0411966,-0.0216022,0.699342,0.135299,0.0342746,-0.0107611,0.149174,0.267938,0.0317568,6.64183,1.33551,
35.5915,16.8504,3.16343,0.985221,0.263011,-0.0412022,-0.0215806,0.69935,0.129222,0.0256198,-0.0105138,0.140004,0.267927,0.0320174,6.55018,1.33546,
35.592,16.8504,3.16841,0.985228,0.263001,-0.0412078,-0.021559,0.699358,0.123146,0.016965,-0.0102657,0.130834,0.267916,0.0322782,6.45854,1.33541,
35.5925,16.8504,3.17339,0.985236,0.262991,-0.0412134,-0.0215374,0.699365,0.11707,0.00831022,-0.0100176,0.121664,0.267904,0.0325389,6.3669,1.33535,
35.5931,16.8504,3.17836,0.985243,0.262981,-0.0412189,-0.0215159,0.699373,0.110994,-0.000344594,-0.00976948,0.112494,0.267893,0.0327996,6.27526,1.3353,
35.5936,16.8504,3.18334,0.985248,0.262941,-0.0412038,-0.0214907,0.699381,0.106532,-0.00556359,-0.00958167,0.111095,0.267849,0.0325833,6.17472,1.33508,
35.5941,16.8504,3.18832,0.985252,0.26289,-0.041181,-0.0214642,0.699388,0.102677,-0.00948874,-0.00941657,0.112622,0.267792,0.0321874,6.07082,1.3348,
35.5947,16.8504,3.19329,0.985255,0.262838,-0.0411581,-0.0214377,0.699395,0.0988226,-0.0134139,-0.00925147,0.114148,0.267734,0.0317915,5.96692,1.33452,
35.5952,16.8504,3.19827,0.985259,0.262787,-0.0411352,-0.0214112,0.699402,0.094968,-0.017339,-0.00908636,0.115675,0.267677,0.0313956,5.86302,1.33424,
35.5957,16.8504,3.20325,0.985263,0.262736,-0.0411123,-0.0213847,0.699409,0.0911135,-0.0212642,-0.00892126,0.117202,0.26762,0.0309997,5.75912,1.33396,
35.5962,16.8504,3.20823,0.985267,0.262684,-0.0410894,-0.0213582,0.699417,0.0872589,-0.0251893,-0.00875616,0.118729,0.267563,0.0306038,5.65523,1.33368,
35.5968,16.8504,3.2132,0.98527,0.262633,-0.0410665,-0.0213317,0.699424,0.0834044,-0.0291145,-0.00859106,0.120255,0.267506,0.0302079,5.55133,1.3334,
35.5973,16.8504,3.21818,0.985274,0.262582,-0.0410436,-0.0213052,0.699431,0.0795498,-0.0330396,-0.00842595,0.121782,0.267449,0.029812,5.44743,1.33312,
35.5978,16.8504,3.22316,0.985278,0.262531,-0.0410207,-0.0212787,0.699438,0.0756953,-0.0369648,-0.00826085,0.123309,0.267392,0.0294161,5.34353,1.33284,
35.5984,16.8504,3.22813,0.985282,0.262479,-0.0409978,-0.0212522,0.699445,0.0718407,-0.0408899,-0.00809575,0.124835,0.267334,0.0290202,5.23963,1.33256,
35.5989,16.8504,3.23311,0.985286,0.262428,-0.0409749,-0.0212257,0.699453,0.0679862,-0.0448151,-0.00793064,0.126362,0.267277,0.0286243,5.13574,1.33228,
35.5994,16.8504,3.23809,0.985289,0.262377,-0.040952,-0.0211992,0.69946,0.0641317,-0.0487402,-0.00776554,0.127889,0.26722,0.0282284,5.03184,1.332,
35.5999,16.8504,3.24306,0.985293,0.262325,-0.0409291,-0.0211727,0.699467,0.0602771,-0.0526654,-0.00760044,0.129416,0.267163,0.0278325,4.92794,1.33171,
35.6005,16.8504,3.24804,0.985297,0.262274,-0.0409063,-0.0211462,0.699474,0.0564226,-0.0565905,-0.00743534,0.130942,0.267106,0.0274366,4.82404,1.33143,
35.601,16.8504,3.25302,0.985301,0.262223,-0.0408834,-0.0211197,0.699481,0.052568,-0.0605157,-0.00727023,0.132469,0.267049,0.0270407,4.72014,1.33115,
35.6015,16.8504,3.258,0.985304,0.262172,-0.0408605,-0.0210932,0.699488,0.0487135,-0.0644408,-0.00710513,0.133996,0.266992,0.0266448,4.61624,1.33087,
35.602,16.8504,3.26297,0.985308,0.26212,-0.0408376,-0.0210667,0.699496,0.0448589,-0.068366,-0.00694003,0.135522,0.266934,0.0262489,4.51235,1.33059,
35.6026,16.8504,3.26795,0.985312,0.262069,-0.0408147,-0.0210402,0.699503,0.0410044,-0.0722912,-0.00677492,0.137049,0.266877,0.025853,4.40845,1.33031,
35.6031,16.8504,3.27293,0.985316,0.262018,-0.0407918,-0.0210137,0.69951,0.0371498,-0.0762163,-0.00660982,0.138576,0.26682,0.0254571,4.30455,1.33003,
35.6036,16.8504,3.2779,0.985319,0.261966,-0.0407689,-0.0209872,0.699517,0.0332953,-0.0801414,-0.00644472,0.140103,0.266763,0.0250612,4.20065,1.32975,
35.6042,16.8504,3.28288,0.985323,0.261915,-0.040746,-0.0209607,0.699524,0.0294407,-0.0840666,-0.00627961,0.141629,0.266706,0.0246653,4.09675,1.32947,
35.6047,16.8504,3.28786,0.985327,0.261864,-0.0407231,-0.0209342,0.699531,0.0255862,-0.0879918,-0.00611451,0.143156,0.266649,0.0242694,3.99286,1.32919,
35.6052,16.8504,3.29284,0.985331,0.261812,-0.0407002,-0.0209077,0.699539,0.0217316,-0.0919169,-0.00594941,0.144683,0.266592,0.0238735,3.88896,1.32891,
35.6057,16.8504,3.29781,0.985334,0.261761,-0.0406773,-0.0208813,0.699546,0.0178771,-0.095842,-0.00578431,0.146209,0.266534,0.0234776,3.78506,1.32863,
35.6063,16.8504,3.30279,0.985338,0.26171,-0.0406544,-0.0208548,0.699553,0.0140226,-0.0997672,-0.0056192,0.147736,0.266477,0.0230817,3.68116,1.32835,
35.6068,16.8504,3.30777,0.985342,0.261659,-0.0406315,-0.0208283,0.69956,0.010168,-0.103692,-0.0054541,0.149263,0.26642,0.0226858,3.57726,1.32807,
35.6073,16.8504,3.31274,0.985346,0.261607,-0.0406087,-0.0208018,0.699567,0.00631346,-0.107618,-0.005289,0.150789,0.266363,0.0222899,3.47337,1.32779,
35.6079,16.8504,3.31772,0.985349,0.261556,-0.0405858,-0.0207753,0.699575,0.00245891,-0.111543,-0.00512389,0.152316,0.266306,0.021894,3.36947,1.32751,
35.6084,16.8504,3.3227,0.985353,0.261505,-0.0405629,-0.0207488,0.699582,-0.00139563,-0.115468,-0.00495879,0.153843,0.266249,0.0214981,3.26557,1.32723,
35.6089,16.8504,3.32767,0.985357,0.261453,-0.04054,-0.0207223,0.699589,-0.00525018,-0.119393,-0.00479369,0.15537,0.266192,0.0211022,3.16167,1.32695,
35.6094,16.8504,3.33265,0.985361,0.261402,-0.0405171,-0.0206958,0.699596,-0.00910472,-0.123318,-0.00462859,0.156896,0.266135,0.0207063,3.05777,1.32666,
35.61,16.8504,3.33763,0.985364,0.261351,-0.0404942,-0.0206693,0.699603,-0.0129593,-0.127243,-0.00446348,0.158423,0.266077,0.0203104,2.95387,1.32638,
35.6105,16.8504,3.34261,0.985368,0.261299,-0.0404713,-0.0206428,0.699611,-0.0168138,-0.131168,-0.00429838,0.15995,0.26602,0.0199145,2.84998,1.3261,
35.611,16.8504,3.34758,0.985372,0.261248,-0.0404484,-0.0206163,0.699618,-0.0206684,-0.135094,-0.00413328,0.161476,0.265963,0.0195186,2.74608,1.32582,
35.6116,16.8504,3.35256,0.985376,0.261197,-0.0404255,-0.0205898,0.699625,-0.0245229,-0.139019,-0.00396817,0.163003,0.265906,0.0191227,2.64218,1.32554,
35.6121,16.8504,3.35754,0.98538,0.261146,-0.0404026,-0.0205633,0.699632,-0.0283775,-0.142944,-0.00380307,0.16453,0.265849,0.0187268,2.53828,1.32526,
35.6126,16.8504,3.36251,0.985383,0.261094,-0.0403797,-0.0205368,0.699639,-0.032232,-0.146869,-0.00363797,0.166057,0.265792,0.0183309,2.43438,1.32498,
35.6131,16.8504,3.36749,0.985387,0.261043,-0.0403568,-0.0205103,0.699646,-0.0360865,-0.150794,-0.00347287,0.167583,0.265735,0.017935,2.33049,1.3247,
35.6137,16.8504,3.37247,0.985391,0.260992,-0.0403336,-0.0204837,0.699654,-0.0398758,-0.154593,-0.0033272,0.169188,0.265677,0.0175381,2.22816,1.32442,
35.6142,16.8504,3.37745,0.985395,0.26094,-0.0403089,-0.0204565,0.699661,-0.0433432,-0.157767,-0.00327736,0.171178,0.26562,0.0171367,2.13357,1.32414,
35.6147,16.8504,3.38242,0.985399,0.260889,-0.0402842,-0.0204294,0.699668,-0.0468106,-0.160942,-0.00322753,0.173167,0.265562,0.0167352,2.03898,1.32385,
35.6153,16.8504,3.3874,0.985402,0.260838,-0.0402595,-0.0204023,0.699675,-0.050278,-0.164117,-0.00317769,0.175157,0.265505,0.0163337,1.94439,1.32357,
35.6158,16.8504,3.39238,0.985406,0.260787,-0.0402348,-0.0203752,0.699682,-0.0537454,-0.167292,-0.00312786,0.177146,0.265447,0.0159322,1.8498,1.32329,
35.6163,16.8504,3.39735,0.98541,0.26074,-0.0402107,-0.0203477,0.699689,-0.056083,-0.168959,-0.00309504,0.178088,0.265395,0.0155865,1.78011,1.32303,
35.6168,16.8504,3.40233,0.985415,0.260704,-0.0401877,-0.0203197,0.699695,-0.056212,-0.167678,-0.00309548,0.176979,0.265354,0.0153497,1.75907,1.32283,
35.6174,16.8504,3.40731,0.98542,0.260668,-0.0401646,-0.0202916,0.699701,-0.056341,-0.166398,-0.00309593,0.175871,0.265312,0.0151129,1.73804,1.32262,
35.6179,16.8504,3.41228,0.985425,0.260633,-0.0401416,-0.0202635,0.699707,-0.05647,-0.165117,-0.00309637,0.174763,0.26527,0.0148762,1.717,1.32242,
35.6184,16.8504,3.41726,0.98543,0.260597,-0.0401186,-0.0202355,0.699713,-0.0565991,-0.163837,-0.00309682,0.173655,0.265229,0.0146394,1.69597,1.32221,
35.6189,16.8504,3.42224,0.985435,0.260561,-0.0400956,-0.0202074,0.699719,-0.0567281,-0.162556,-0.00309726,0.172546,0.265187,0.0144026,1.67494,1.32201,
35.6195,16.8504,3.42722,0.98544,0.260525,-0.0400726,-0.0201793,0.699726,-0.0568571,-0.161276,-0.00309771,0.171438,0.265146,0.0141659,1.6539,1.3218,
35.62,16.8504,3.43219,0.985445,0.260489,-0.0400495,-0.0201513,0.699732,-0.0569861,-0.159995,-0.00309816,0.17033,0.265104,0.0139291,1.63287,1.3216,
35.6205,16.8504,3.43717,0.98545,0.260453,-0.0400265,-0.0201232,0.699738,-0.0571151,-0.158715,-0.0030986,0.169222,0.265062,0.0136923,1.61184,1.32139,
35.6211,16.8504,3.44215,0.985455,0.260417,-0.0400035,-0.0200951,0.699744,-0.0572441,-0.157434,-0.00309905,0.168113,0.265021,0.0134556,1.5908,1.32119,
35.6216,16.8504,3.44712,0.98546,0.260381,-0.0399805,-0.0200671,0.69975,-0.0573731,-0.156154,-0.00309949,0.167005,0.264979,0.0132188,1.56977,1.32099,
35.6221,16.8504,3.4521,0.985465,0.260345,-0.0399575,-0.020039,0.699756,-0.0575021,-0.154873,-0.00309994,0.165897,0.264938,0.012982,1.54873,1.32078,
35.6226,16.8504,3.45708,0.985469,0.260309,-0.0399345,-0.020011,0.699762,-0.0576311,-0.153593,-0.00310038,0.164789,0.264896,0.0127453,1.5277,1.32058,
35.6232,16.8504,3.46206,0.985474,0.260273,-0.0399114,-0.0199829,0.699768,-0.0577601,-0.152313,-0.00310083,0.163681,0.264855,0.0125085,1.50667,1.32037,
35.6237,16.8504,3.46703,0.985479,0.260237,-0.0398884,-0.0199548,0.699774,-0.0578891,-0.151032,-0.00310127,0.162572,0.264813,0.0122717,1.48563,1.32017,
35.6242,16.8504,3.47201,0.985484,0.260201,-0.0398654,-0.0199268,0.699781,-0.0580181,-0.149752,-0.00310172,0.161464,0.264771,0.012035,1.4646,1.31996,
35.6248,16.8504,3.47699,0.985489,0.260165,-0.0398424,-0.0198987,0.699787,-0.0581471,-0.148471,-0.00310216,0.160356,0.26473,0.0117982,1.44357,1.31976,
35.6253,16.8504,3.48196,0.985494,0.260129,-0.0398194,-0.0198706,0.699793,-0.0582761,-0.147191,-0.00310261,0.159248,0.264688,0.0115614,1.42253,1.31955,
35.6258,16.8504,3.48694,0.985499,0.260093,-0.0397963,-0.0198426,0.699799,-0.0584051,-0.14591,-0.00310305,0.158139,0.264647,0.0113246,1.4015,1.31935,
35.6263,16.8504,3.49192,0.985504,0.260057,-0.0397733,-0.0198145,0.699805,-0.0585341,-0.14463,-0.0031035,0.157031,0.264605,0.0110879,1.38046,1.31914,
35.6269,16.8504,3.49689,0.985509,0.260021,-0.0397503,-0.0197864,0.699811,-0.0586631,-0.143349,-0.00310394,0.155923,0.264564,0.0108511,1.35943,1.31894,
35.6274,16.8504,3.50187,0.985514,0.259985,-0.0397273,-0.0197584,0.699817,-0.0587921,-0.142069,-0.00310439,0.154815,0.264522,0.0106143,1.3384,1.31873,
35.6279,16.8504,3.50685,0.985519,0.259949,-0.0397043,-0.0197303,0.699823,-0.0589211,-0.140788,-0.00310483,0.153707,0.26448,0.0103776,1.31736,1.31853,
35.6285,16.8504,3.51183,0.985524,0.259913,-0.0396812,-0.0197023,0.699829,-0.0590501,-0.139508,-0.00310528,0.152598,0.264439,0.0101408,1.29633,1.31832,
35.629,16.8504,3.5168,0.985529,0.259877,-0.0396582,-0.0196742,0.699835,-0.0591791,-0.138227,-0.00310573,0.15149,0.264397,0.00990404,1.2753,1.31812,
35.6295,16.8504,3.52178,0.985533,0.259841,-0.0396352,-0.0196461,0.699842,-0.0593081,-0.136947,-0.00310617,0.150382,0.264356,0.00966727,1.25426,1.31791,
35.63,16.8504,3.52676,0.985538,0.259805,-0.0396122,-0.0196181,0.699848,-0.0594371,-0.135667,-0.00310662,0.149274,0.264314,0.0094305,1.23323,1.31771,
35.6306,16.8504,3.53173,0.985543,0.259769,-0.0395892,-0.01959,0.699854,-0.0595661,-0.134386,-0.00310706,0.148165,0.264273,0.00919373,1.21219,1.3175,
35.6311,16.8504,3.53671,0.985548,0.259733,-0.0395661,-0.0195619,0.69986,-0.0596951,-0.133106,-0.00310751,0.147057,0.264231,0.00895696,1.19116,1.3173,
35.6316,16.8504,3.54169,0.985553,0.259697,-0.0395431,-0.0195339,0.699866,-0.0598241,-0.131825,-0.00310795,0.145949,0.264189,0.00872019,1.17013,1.31709,
35.6322,16.8504,3.54667,0.985558,0.259662,-0.0395201,-0.0195058,0.699872,-0.0599531,-0.130545,-0.0031084,0.144841,0.264148,0.00848343,1.14909,1.31689,
35.6327,16.8504,3.55164,0.985563,0.259626,-0.0394971,-0.0194777,0.699878,-0.0600821,-0.129264,-0.00310884,0.143733,0.264106,0.00824666,1.12806,1.31668,
35.6332,16.8504,3.55662,0.985568,0.25959,-0.0394741,-0.0194497,0.699884,-0.0602111,-0.127984,-0.00310929,0.142624,0.264065,0.00800989,1.10703,1.31648,
35.6337,16.8504,3.5616,0.985573,0.259554,-0.039451,-0.0194216,0.69989,-0.0603401,-0.126703,-0.00310973,0.141516,0.264023,0.00777312,1.08599,1.31627,
35.6343,16.8504,3.56657,0.985578,0.259518,-0.039428,-0.0193935,0.699897,-0.0604691,-0.125423,-0.00311018,0.140408,0.263981,0.00753635,1.06496,1.31607,
35.6348,16.8504,3.57155,0.985583,0.259482,-0.039405,-0.0193655,0.699903,-0.0605981,-0.124142,-0.00311062,0.1393,0.26394,0.00729958,1.04392,1.31586,
35.6353,16.8504,3.57653,0.985588,0.259446,-0.039382,-0.0193374,0.699909,-0.0607271,-0.122862,-0.00311107,0.138191,0.263898,0.00706282,1.02289,1.31566,
35.6359,16.8504,3.5815,0.985592,0.25941,-0.039359,-0.0193094,0.699915,-0.0608561,-0.121581,-0.00311151,0.137083,0.263857,0.00682605,1.00186,1.31546,
35.6364,16.8504,3.58648,0.985597,0.259374,-0.0393359,-0.0192813,0.699921,-0.0609851,-0.120301,-0.00311196,0.135975,0.263815,0.00658928,0.980822,1.31525,
35.6369,16.8504,3.59146,0.985602,0.259338,-0.0393129,-0.0192532,0.699927,-0.0611141,-0.11902,-0.0031124,0.134867,0.263774,0.00635251,0.959788,1.31505,
35.6374,16.8504,3.59644,0.985607,0.259302,-0.0392899,-0.0192252,0.699933,-0.0612431,-0.11774,-0.00311285,0.133759,0.263732,0.00611574,0.938755,1.31484,
35.638,16.8504,3.60141,0.985612,0.259266,-0.0392669,-0.0191971,0.699939,-0.0613721,-0.11646,-0.0031133,0.13265,0.26369,0.00587897,0.917721,1.31464,
35.6385,16.8504,3.60639,0.985617,0.25923,-0.0392439,-0.019169,0.699945,-0.0615011,-0.115179,-0.00311374,0.131542,0.263649,0.0056422,0.896687,1.31443,
35.639,16.8504,3.61137,0.985622,0.259194,-0.0392209,-0.019141,0.699952,-0.0616301,-0.113899,-0.00311419,0.130434,0.263607,0.00540543,0.875653,1.31423,
35.6395,16.8504,3.61634,0.985627,0.259158,-0.0391978,-0.0191129,0.699958,-0.0617591,-0.112618,-0.00311463,0.129326,0.263566,0.00516867,0.85462,1.31402,
35.6401,16.8504,3.62132,0.985632,0.259122,-0.0391748,-0.0190848,0.699964,-0.0618881,-0.111338,-0.00311508,0.128217,0.263524,0.0049319,0.833586,1.31382,
35.6406,16.8504,3.6263,0.985637,0.259086,-0.0391518,-0.0190568,0.69997,-0.0620171,-0.110057,-0.00311552,0.127109,0.263483,0.00469513,0.812552,1.31361,
35.6411,16.8504,3.63128,0.985642,0.25905,-0.0391287,-0.0190287,0.699976,-0.0621254,-0.108771,-0.00311367,0.125989,0.263441,0.00445958,0.791756,1.31341,
35.6417,16.8504,3.63625,0.985647,0.259014,-0.0391052,-0.0190001,0.699982,-0.0621034,-0.107452,-0.00309742,0.124797,0.263399,0.00423172,0.772457,1.3132,
35.6422,16.8504,3.64123,0.985652,0.258978,-0.0390817,-0.0189715,0.699989,-0.0620814,-0.106132,-0.00308116,0.123605,0.263357,0.00400385,0.753158,1.31299,
35.6427,16.8504,3.64621,0.985657,0.258942,-0.0390582,-0.018943,0.699995,-0.0620594,-0.104813,-0.00306491,0.122412,0.263315,0.00377598,0.733858,1.31279,
35.6432,16.8504,3.65118,0.985663,0.258906,-0.0390347,-0.0189144,0.700001,-0.0620374,-0.103494,-0.00304865,0.12122,0.263273,0.00354812,0.714559,1.31258,
35.6438,16.8504,3.65616,0.985668,0.25887,-0.0390112,-0.0188859,0.700008,-0.0620154,-0.102174,-0.00303239,0.120028,0.263231,0.00332025,0.69526,1.31237,
35.6443,16.8504,3.66114,0.985673,0.258834,-0.0389877,-0.0188573,0.700014,-0.0619934,-0.100855,-0.00301614,0.118835,0.26319,0.00309239,0.67596,1.31217,
35.6448,16.8504,3.66611,0.985678,0.258798,-0.0389642,-0.0188288,0.70002,-0.0619714,-0.0995351,-0.00299988,0.117643,0.263148,0.00286452,0.656661,1.31196,
35.6454,16.8504,3.67109,0.985684,0.258762,-0.0389407,-0.0188002,0.700027,-0.0619494,-0.0982156,-0.00298363,0.116451,0.263106,0.00263665,0.637362,1.31176,
35.6459,16.8504,3.67607,0.985689,0.258726,-0.0389172,-0.0187716,0.700033,-0.0619274,-0.0968961,-0.00296737,0.115258,0.263064,0.00240879,0.618062,1.31155,
35.6464,16.8504,3.68105,0.985694,0.25869,-0.0388937,-0.0187431,0.700039,-0.0619054,-0.0955766,-0.00295111,0.114066,0.263022,0.00218092,0.598763,1.31134,
35.6469,16.8504,3.68602,0.985699,0.258654,-0.0388701,-0.0187145,0.700046,-0.0618834,-0.0942572,-0.00293486,0.112874,0.26298,0.00195306,0.579463,1.31114,
35.6475,16.8504,3.691,0.985705,0.258618,-0.0388466,-0.018686,0.700052,-0.0618577,-0.092941,-0.00291824,0.111683,0.262938,0.00172623,0.560317,1.31093,
35.648,16.8504,3.69598,0.985711,0.258589,-0.038823,-0.0186586,0.700058,-0.0614968,-0.0919174,-0.00286873,0.11067,0.262904,0.00159296,0.554835,1.31076,
35.6485,16.8504,3.70095,0.985717,0.25856,-0.0387994,-0.0186312,0.700064,-0.0611358,-0.0908938,-0.00281923,0.109656,0.26287,0.00145968,0.549354,1.31059,
35.6491,16.8504,3.70593,0.985723,0.258531,-0.0387759,-0.0186038,0.70007,-0.0607749,-0.0898702,-0.00276973,0.108643,0.262836,0.0013264,0.543872,1.31043,
35.6496,16.8504,3.71091,0.985729,0.258503,-0.0387523,-0.0185764,0.700076,-0.060414,-0.0888467,-0.00272023,0.107629,0.262802,0.00119313,0.538391,1.31026,
35.6501,16.8504,3.71589,0.985735,0.258474,-0.0387287,-0.018549,0.700082,-0.0600531,-0.0878231,-0.00267073,0.106615,0.262768,0.00105985,0.532909,1.31009,
35.6506,16.8504,3.72086,0.985741,0.258445,-0.0387051,-0.0185216,0.700089,-0.0596921,-0.0867995,-0.00262123,0.105602,0.262734,0.000926576,0.527428,1.30992,
35.6512,16.8504,3.72584,0.985747,0.258416,-0.0386815,-0.0184942,0.700095,-0.0593312,-0.0857759,-0.00257173,0.104588,0.2627,0.0007933,0.521946,1.30975,
35.6517,16.8504,3.73082,0.985753,0.258388,-0.0386579,-0.0184668,0.700101,-0.0589703,-0.0847523,-0.00252222,0.103575,0.262666,0.000660023,0.516465,1.30958,
35.6522,16.8504,3.73579,0.985759,0.258359,-0.0386343,-0.0184395,0.700107,-0.0586094,-0.0837288,-0.00247272,0.102561,0.262631,0.000526747,0.510983,1.30942,
35.6528,16.8504,3.74077,0.985765,0.25833,-0.0386107,-0.0184121,0.700113,-0.0582484,-0.0827052,-0.00242322,0.101547,0.262597,0.000393471,0.505502,1.30925,
35.6533,16.8504,3.74575,0.985771,0.258301,-0.0385871,-0.0183847,0.700119,-0.0578875,-0.0816816,-0.00237372,0.100534,0.262563,0.000260195,0.50002,1.30908,
35.6538,16.8504,3.75072,0.985777,0.258273,-0.0385635,-0.0183573,0.700125,-0.0575266,-0.080658,-0.00232422,0.0995202,0.262529,0.000126918,0.494538,1.30891,
35.6543,16.8504,3.7557,0.985783,0.258244,-0.0385399,-0.0183299,0.700131,-0.0571657,-0.0796345,-0.00227472,0.0985066,0.262495,-6.35809e-06,0.489057,1.30874,
35.6549,16.8504,3.76068,0.985789,0.258215,-0.0385163,-0.0183025,0.700137,-0.0568047,-0.0786109,-0.00222522,0.097493,0.262461,-0.000139634,0.483575,1.30857,
35.6554,16.8504,3.76566,0.985795,0.258186,-0.0384927,-0.0182751,0.700143,-0.0564438,-0.0775873,-0.00217571,0.0964794,0.262427,-0.000272911,0.478094,1.30841,
35.6559,16.8504,3.77063,0.985801,0.258158,-0.0384691,-0.0182477,0.70015,-0.0560829,-0.0765637,-0.00212621,0.0954657,0.262393,-0.000406187,0.472612,1.30824,
35.6565,16.8504,3.77561,0.985807,0.258129,-0.0384455,-0.0182203,0.700156,-0.0557219,-0.0755401,-0.00207671,0.0944521,0.262359,-0.000539463,0.467131,1.30807,
35.657,16.8504,3.78059,0.985813,0.2581,-0.0384219,-0.0181929,0.700162,-0.055361,-0.0745166,-0.00202721,0.0934385,0.262325,-0.00067274,0.461649,1.3079,
35.6575,16.8504,3.78556,0.985819,0.258071,-0.0383983,-0.0181655,0.700168,-0.0550001,-0.073493,-0.00197771,0.0924249,0.26229,-0.000806016,0.456168,1.30773,
35.658,16.8504,3.79054,0.985825,0.258043,-0.0383747,-0.0181381,0.700174,-0.0546392,-0.0724694,-0.00192821,0.0914113,0.262256,-0.000939292,0.450686,1.30756,
35.6586,16.8504,3.79552,0.985831,0.258014,-0.0383511,-0.0181107,0.70018,-0.0542782,-0.0714458,-0.00187871,0.0903977,0.262222,-0.00107257,0.445205,1.3074,
35.6591,16.8504,3.8005,0.985837,0.257985,-0.0383275,-0.0180833,0.700186,-0.0539173,-0.0704223,-0.0018292,0.0893841,0.262188,-0.00120584,0.439723,1.30723,
35.6596,16.8504,3.80547,0.985843,0.257956,-0.0383039,-0.0180559,0.700192,-0.0535564,-0.0693987,-0.0017797,0.0883705,0.262154,-0.00133912,0.434242,1.30706,
35.6601,16.8504,3.81045,0.985849,0.257928,-0.0382803,-0.0180286,0.700198,-0.0531955,-0.0683751,-0.0017302,0.0873569,0.26212,-0.0014724,0.42876,1.30689,
35.6607,16.8504,3.81543,0.985855,0.257899,-0.0382567,-0.0180012,0.700205,-0.0528345,-0.0673515,-0.0016807,0.0863433,0.262086,-0.00160567,0.423279,1.30672,
35.6612,16.8504,3.8204,0.985861,0.25787,-0.0382331,-0.0179738,0.700211,-0.0524736,-0.0663279,-0.0016312,0.0853297,0.262052,-0.00173895,0.417797,1.30655,
35.6617,16.8504,3.82538,0.985867,0.257841,-0.0382095,-0.0179464,0.700217,-0.0521127,-0.0653044,-0.0015817,0.0843161,0.262018,-0.00187223,0.412316,1.30639,
35.6623,16.8504,3.83036,0.985873,0.257812,-0.0381859,-0.017919,0.700223,-0.0517518,-0.0642808,-0.0015322,0.0833025,0.261983,-0.0020055,0.406834,1.30622,
35.6628,16.8504,3.83533,0.985879,0.257784,-0.0381623,-0.0178916,0.700229,-0.0513908,-0.0632572,-0.00148269,0.0822888,0.261949,-0.00213878,0.401353,1.30605,
35.6633,16.8504,3.84031,0.985885,0.257755,-0.0381388,-0.0178642,0.700235,-0.0510299,-0.0622336,-0.00143319,0.0812752,0.261915,-0.00227206,0.395871,1.30588,
35.6638,16.8504,3.84529,0.985891,0.257726,-0.0381152,-0.0178368,0.700241,-0.050669,-0.0612101,-0.00138369,0.0802616,0.261881,-0.00240533,0.39039,1.30571,
35.6644,16.8504,3.85027,0.985897,0.257697,-0.0380916,-0.0178094,0.700247,-0.050308,-0.0601865,-0.00133419,0.079248,0.261847,-0.00253861,0.384908,1.30554,
35.6649,16.8504,3.85524,0.985903,0.257669,-0.038068,-0.017782,0.700253,-0.0499471,-0.0591629,-0.00128469,0.0782344,0.261813,-0.00267188,0.379427,1.30538,
35.6654,16.8504,3.86022,0.985909,0.25764,-0.0380444,-0.0177546,0.700259,-0.0495862,-0.0581393,-0.00123519,0.0772208,0.261779,-0.00280516,0.373945,1.30521,
35.666,16.8504,3.8652,0.985915,0.257611,-0.0380208,-0.0177272,0.700266,-0.0492253,-0.0571157,-0.00118568,0.0762072,0.261745,-0.00293844,0.368464,1.30504,
35.6665,16.8504,3.87017,0.985921,0.257582,-0.0379972,-0.0176998,0.700272,-0.0488643,-0.0560922,-0.00113618,0.0751936,0.261711,-0.00307171,0.362982,1.30487,
35.667,16.8504,3.87515,0.985927,0.257554,-0.0379736,-0.0176724,0.700278,-0.0485034,-0.0550686,-0.00108668,0.07418,0.261677,-0.00320499,0.357501,1.3047,
35.6675,16.8504,3.88013,0.985933,0.257525,-0.03795,-0.0176451,0.700284,-0.0481425,-0.054045,-0.00103718,0.0731664,0.261642,-0.00333827,0.352019,1.30453,
35.6681,16.8504,3.88511,0.985939,0.257496,-0.0379264,-0.0176177,0.70029,-0.0477816,-0.0530214,-0.000987679,0.0721528,0.261608,-0.00347154,0.346538,1.30437,
35.6686,16.8504,3.89008,0.985945,0.257467,-0.0379028,-0.0175903,0.700296,-0.0474206,-0.0519979,-0.000938178,0.0711391,0.261574,-0.00360482,0.341056,1.3042,
35.6691,16.8504,3.89506,0.985951,0.257439,-0.0378792,-0.0175629,0.700302,-0.0470597,-0.0509743,-0.000888676,0.0701255,0.26154,-0.00373809,0.335574,1.30403,
35.6697,16.8504,3.90004,0.985957,0.25741,-0.0378557,-0.0175352,0.700308,-0.046686,-0.0499519,-0.000842362,0.0691072,0.261506,-0.00386684,0.330313,1.30386,
35.6702,16.8504,3.90501,0.985963,0.257382,-0.0378323,-0.0175072,0.700315,-0.0462996,-0.0489306,-0.00079921,0.0680842,0.261472,-0.00399109,0.32527,1.3037,
35.6707,16.8504,3.90999,0.985969,0.257354,-0.0378089,-0.0174792,0.700321,-0.0459133,-0.0479094,-0.000756058,0.0670611,0.261439,-0.00411533,0.320227,1.30353,
35.6712,16.8504,3.91497,0.985975,0.257325,-0.0377856,-0.0174512,0.700327,-0.0455269,-0.0468882,-0.000712906,0.0660381,0.261405,-0.00423958,0.315184,1.30336,
35.6718,16.8504,3.91994,0.985981,0.257297,-0.0377622,-0.0174232,0.700333,-0.0451405,-0.0458669,-0.000669755,0.065015,0.261371,-0.00436382,0.310141,1.3032,
35.6723,16.8504,3.92492,0.985987,0.257269,-0.0377388,-0.0173952,0.700339,-0.0447541,-0.0448457,-0.000626603,0.063992,0.261337,-0.00448807,0.305098,1.30303,
35.6728,16.8504,3.9299,0.985993,0.25724,-0.0377154,-0.0173672,0.700345,-0.0443678,-0.0438244,-0.000583451,0.062969,0.261304,-0.00461232,0.300055,1.30286,
35.6734,16.8504,3.93488,0.986,0.257212,-0.037692,-0.0173392,0.700352,-0.0439814,-0.0428032,-0.000540299,0.0619459,0.26127,-0.00473656,0.295012,1.3027,
35.6739,16.8504,3.93985,0.986006,0.257184,-0.0376686,-0.0173112,0.700358,-0.043595,-0.041782,-0.000497147,0.0609229,0.261236,-0.00486081,0.289969,1.30253,
35.6744,16.8504,3.94483,0.986012,0.257155,-0.0376453,-0.0172832,0.700364,-0.0432086,-0.0407607,-0.000453996,0.0598998,0.261202,-0.00498506,0.284926,1.30236,
35.6749,16.8504,3.94981,0.986018,0.257127,-0.0376219,-0.0172552,0.70037,-0.0428223,-0.0397395,-0.000410844,0.0588768,0.261168,-0.0051093,0.279883,1.3022,
35.6755,16.8504,3.95478,0.986024,0.257099,-0.0375985,-0.0172272,0.700376,-0.0424359,-0.0387182,-0.000367692,0.0578538,0.261135,-0.00523355,0.27484,1.30203,
35.676,16.8504,3.95976,0.98603,0.257071,-0.0375751,-0.0171992,0.700382,-0.0420495,-0.037697,-0.00032454,0.0568307,0.261101,-0.00535779,0.269797,1.30186,
35.6765,16.8504,3.96474,0.986036,0.257042,-0.0375517,-0.0171712,0.700388,-0.0416632,-0.0366758,-0.000281388,0.0558077,0.261067,-0.00548204,0.264754,1.3017,
35.6771,16.8504,3.96972,0.986042,0.257014,-0.0375284,-0.0171432,0.700395,-0.0412768,-0.0356545,-0.000238237,0.0547846,0.261033,-0.00560629,0.259712,1.30153,
35.6776,16.8504,3.97469,0.986048,0.256986,-0.037505,-0.0171152,0.700401,-0.0408904,-0.0346333,-0.000195085,0.0537616,0.261,-0.00573053,0.254669,1.30136,
35.6781,16.8504,3.97967,0.986054,0.256957,-0.0374816,-0.0170872,0.700407,-0.040504,-0.0336121,-0.000151933,0.0527385,0.260966,-0.00585478,0.249626,1.3012,
35.6786,16.8504,3.98465,0.986061,0.256929,-0.0374582,-0.0170592,0.700413,-0.0401177,-0.0325908,-0.000108781,0.0517155,0.260932,-0.00597903,0.244583,1.30103,
35.6792,16.8504,3.98962,0.986067,0.256907,-0.0374394,-0.0170319,0.700419,-0.0395713,-0.0317534,-8.07667e-05,0.0509142,0.260905,-0.00601989,0.24238,1.3009,
35.6797,16.8504,3.9946,0.986073,0.256887,-0.0374226,-0.0170049,0.700425,-0.0389508,-0.031001,-5.97555e-05,0.0502154,0.260881,-0.00602217,0.241493,1.30078,
35.6802,16.8504,3.99958,0.986079,0.256867,-0.0374059,-0.0169779,0.700431,-0.0383304,-0.0302485,-3.87444e-05,0.0495167,0.260857,-0.00602445,0.240605,1.30066,
35.6807,16.8504,4.00455,0.986085,0.256848,-0.0373892,-0.0169509,0.700437,-0.03771,-0.0294961,-1.77332e-05,0.0488179,0.260834,-0.00602674,0.239717,1.30054,
35.6813,16.8504,4.00953,0.986091,0.256828,-0.0373725,-0.0169238,0.700443,-0.0370895,-0.0287437,3.27801e-06,0.0481192,0.26081,-0.00602902,0.238829,1.30043,
35.6818,16.8504,4.01451,0.986098,0.256808,-0.0373557,-0.0168968,0.700449,-0.0364691,-0.0279913,2.42892e-05,0.0474204,0.260786,-0.0060313,0.237941,1.30031,
35.6823,16.8504,4.01949,0.986104,0.256789,-0.037339,-0.0168698,0.700455,-0.0358487,-0.0272389,4.53004e-05,0.0467216,0.260762,-0.00603359,0.237053,1.30019,
35.6829,16.8504,4.02446,0.98611,0.256769,-0.0373223,-0.0168428,0.700461,-0.0352282,-0.0264865,6.63116e-05,0.0460229,0.260738,-0.00603587,0.236165,1.30007,
35.6834,16.8504,4.02944,0.986116,0.256749,-0.0373056,-0.0168158,0.700467,-0.0346078,-0.0257341,8.73227e-05,0.0453241,0.260715,-0.00603815,0.235277,1.29996,
35.6839,16.8504,4.03442,0.986122,0.25673,-0.0372888,-0.0167888,0.700473,-0.0339874,-0.0249817,0.000108334,0.0446254,0.260691,-0.00604044,0.234389,1.29984,
35.6844,16.8504,4.03939,0.986128,0.25671,-0.0372721,-0.0167618,0.700479,-0.0333669,-0.0242293,0.000129345,0.0439266,0.260667,-0.00604272,0.233501,1.29972,
35.685,16.8504,4.04437,0.986134,0.25669,-0.0372554,-0.0167348,0.700485,-0.0327465,-0.0234768,0.000150356,0.0432279,0.260643,-0.006045,0.232614,1.29961,
35.6855,16.8504,4.04935,0.986141,0.256671,-0.0372387,-0.0167077,0.700491,-0.0321261,-0.0227244,0.000171367,0.0425291,0.260619,-0.00604728,0.231726,1.29949,
35.686,16.8504,4.05433,0.986147,0.256651,-0.0372219,-0.0166807,0.700497,-0.0315056,-0.021972,0.000192379,0.0418303,0.260596,-0.00604957,0.230838,1.29937,
35.6866,16.8504,4.0593,0.986153,0.256631,-0.0372052,-0.0166537,0.700503,-0.0308852,-0.0212196,0.00021339,0.0411316,0.260572,-0.00605185,0.22995,1.29925,
35.6871,16.8504,4.06428,0.986159,0.256612,-0.0371885,-0.0166267,0.700509,-0.0302648,-0.0204672,0.000234401,0.0404328,0.260548,-0.00605413,0.229062,1.29914,
35.6876,16.8504,4.06926,0.986165,0.256592,-0.0371718,-0.0165997,0.700515,-0.0296443,-0.0197148,0.000255412,0.0397341,0.260524,-0.00605642,0.228174,1.29902,
35.6881,16.8504,4.07423,0.986171,0.256572,-0.037155,-0.0165727,0.700521,-0.0290239,-0.0189624,0.000276423,0.0390353,0.2605,-0.0060587,0.227286,1.2989,
35.6887,16.8504,4.07921,0.986178,0.256553,-0.0371383,-0.0165457,0.700526,-0.0284034,-0.01821,0.000297435,0.0383366,0.260476,-0.00606098,0.226398,1.29878,
35.6892,16.8504,4.08419,0.986184,0.256533,-0.0371216,-0.0165187,0.700532,-0.027783,-0.0174575,0.000318446,0.0376378,0.260453,-0.00606327,0.22551,1.29867,
35.6897,16.8504,4.08916,0.98619,0.256513,-0.0371048,-0.0164916,0.700538,-0.0271626,-0.0167051,0.000339457,0.0369391,0.260429,-0.00606555,0.224623,1.29855,
35.6903,16.8504,4.09414,0.986196,0.256494,-0.0370881,-0.0164646,0.700544,-0.0265421,-0.0159527,0.000360468,0.0362403,0.260405,-0.00606783,0.223735,1.29843,
35.6908,16.8504,4.09912,0.986202,0.256474,-0.0370714,-0.0164376,0.70055,-0.0259217,-0.0152003,0.000381479,0.0355415,0.260381,-0.00607011,0.222847,1.29832,
35.6913,16.8504,4.1041,0.986208,0.256454,-0.0370547,-0.0164106,0.700556,-0.0253013,-0.0144479,0.000402491,0.0348428,0.260357,-0.0060724,0.221959,1.2982,
35.6918,16.8504,4.10907,0.986215,0.256435,-0.0370379,-0.0163836,0.700562,-0.0246808,-0.0136955,0.000423502,0.034144,0.260334,-0.00607468,0.221071,1.29808,
35.6924,16.8504,4.11405,0.986221,0.256415,-0.0370212,-0.0163566,0.700568,-0.0240604,-0.0129431,0.000444513,0.0334453,0.26031,-0.00607696,0.220183,1.29796,
35.6929,16.8504,4.11903,0.986227,0.256395,-0.0370045,-0.0163296,0.700574,-0.02344,-0.0121907,0.000465524,0.0327465,0.260286,-0.00607925,0.219295,1.29785,
35.6934,16.8504,4.124,0.986233,0.256376,-0.0369878,-0.0163026,0.70058,-0.0228195,-0.0114383,0.000486535,0.0320478,0.260262,-0.00608153,0.218407,1.29773,
35.694,16.8504,4.12898,0.986239,0.256356,-0.036971,-0.0162755,0.700586,-0.0221991,-0.0106858,0.000507546,0.031349,0.260238,-0.00608381,0.217519,1.29761,
35.6945,16.8504,4.13396,0.986245,0.256336,-0.0369543,-0.0162485,0.700592,-0.0215787,-0.00993343,0.000528558,0.0306503,0.260214,-0.0060861,0.216632,1.29749,
35.695,16.8504,4.13894,0.986252,0.256317,-0.0369376,-0.0162215,0.700598,-0.0209582,-0.00918102,0.000549569,0.0299515,0.260191,-0.00608838,0.215744,1.29738,
35.6955,16.8504,4.14391,0.986258,0.256297,-0.0369209,-0.0161945,0.700604,-0.0203378,-0.0084286,0.00057058,0.0292527,0.260167,-0.00609066,0.214856,1.29726,
35.6961,16.8504,4.14889,0.986264,0.256277,-0.0369041,-0.0161675,0.70061,-0.0197174,-0.00767619,0.000591591,0.028554,0.260143,-0.00609295,0.213968,1.29714,
35.6966,16.8504,4.15387,0.98627,0.256258,-0.0368874,-0.0161405,0.700616,-0.0190969,-0.00692378,0.000612602,0.0278552,0.260119,-0.00609523,0.21308,1.29703,
35.6971,16.8504,4.15884,0.986276,0.256238,-0.0368707,-0.0161135,0.700622,-0.0184765,-0.00617137,0.000633614,0.0271565,0.260095,-0.00609751,0.212192,1.29691,
35.6976,16.8504,4.16382,0.986282,0.256218,-0.036854,-0.0160865,0.700628,-0.0178561,-0.00541896,0.000654625,0.0264577,0.260072,-0.00609979,0.211304,1.29679,
35.6982,16.8504,4.1688,0.986289,0.256199,-0.0368373,-0.016059,0.700634,-0.0172581,-0.00470623,0.000674077,0.0258345,0.260048,-0.00609872,0.210492,1.29667,
35.6987,16.8504,4.17377,0.986295,0.256179,-0.0368206,-0.0160314,0.70064,-0.0166635,-0.00399963,0.00069329,0.0252229,0.260024,-0.00609713,0.209692,1.29656,
35.6992,16.8504,4.17875,0.986301,0.256159,-0.0368039,-0.0160038,0.700646,-0.016069,-0.00329302,0.000712503,0.0246113,0.26,-0.00609553,0.208891,1.29644,
35.6998,16.8504,4.18373,0.986307,0.25614,-0.0367872,-0.0159762,0.700652,-0.0154744,-0.00258642,0.000731715,0.0239998,0.259976,-0.00609394,0.208091,1.29632,
35.7003,16.8504,4.18871,0.986314,0.25612,-0.0367705,-0.0159487,0.700658,-0.0148798,-0.00187981,0.000750928,0.0233882,0.259952,-0.00609235,0.20729,1.2962,
35.7008,16.8504,4.19368,0.98632,0.256101,-0.0367538,-0.0159211,0.700664,-0.0142853,-0.00117321,0.00077014,0.0227766,0.259928,-0.00609076,0.20649,1.29608,
35.7013,16.8504,4.19866,0.986326,0.256081,-0.0367372,-0.0158935,0.70067,-0.0136907,-0.0004666,0.000789353,0.022165,0.259904,-0.00608916,0.205689,1.29597,
35.7019,16.8504,4.20364,0.986332,0.256061,-0.0367205,-0.015866,0.700676,-0.0130962,0.000240006,0.000808565,0.0215534,0.25988,-0.00608757,0.204889,1.29585,
35.7024,16.8504,4.20861,0.986339,0.256042,-0.0367038,-0.0158384,0.700682,-0.0125016,0.000946612,0.000827778,0.0209418,0.259856,-0.00608598,0.204088,1.29573,
35.7029,16.8504,4.21359,0.986345,0.256022,-0.0366871,-0.0158108,0.700688,-0.0119071,0.00165322,0.00084699,0.0203303,0.259833,-0.00608439,0.203288,1.29561,
35.7035,16.8504,4.21857,0.986351,0.256003,-0.0366704,-0.0157832,0.700694,-0.0113125,0.00235982,0.000866203,0.0197187,0.259809,-0.00608279,0.202487,1.2955,
35.704,16.8504,4.22355,0.986357,0.255983,-0.0366537,-0.0157557,0.7007,-0.010718,0.00306643,0.000885416,0.0191071,0.259785,-0.0060812,0.201687,1.29538,
35.7045,16.8504,4.22852,0.986364,0.255963,-0.0366371,-0.0157281,0.700706,-0.0101234,0.00377303,0.000904628,0.0184955,0.259761,-0.00607961,0.200887,1.29526,
35.705,16.8504,4.2335,0.98637,0.255944,-0.0366204,-0.0157005,0.700712,-0.00952885,0.00447964,0.000923841,0.0178839,0.259737,-0.00607802,0.200086,1.29514,
35.7056,16.8504,4.23848,0.986376,0.255924,-0.0366037,-0.015673,0.700718,-0.0089343,0.00518625,0.000943053,0.0172724,0.259713,-0.00607642,0.199286,1.29503,
35.7061,16.8504,4.24345,0.986382,0.255904,-0.036587,-0.0156454,0.700724,-0.00833974,0.00589285,0.000962266,0.0166608,0.259689,-0.00607483,0.198485,1.29491,
35.7066,16.8504,4.24843,0.986389,0.255885,-0.0365703,-0.0156178,0.70073,-0.00774519,0.00659946,0.000981478,0.0160492,0.259665,-0.00607324,0.197685,1.29479,
35.7072,16.8504,4.25341,0.986395,0.255865,-0.0365536,-0.0155902,0.700736,-0.00715064,0.00730606,0.00100069,0.0154376,0.259641,-0.00607165,0.196884,1.29467,
35.7077,16.8504,4.25838,0.986401,0.255846,-0.0365369,-0.0155627,0.700743,-0.00655608,0.00801267,0.0010199,0.014826,0.259617,-0.00607005,0.196084,1.29455,
35.7082,16.8504,4.26336,0.986407,0.255826,-0.0365203,-0.0155351,0.700749,-0.00596153,0.00871927,0.00103912,0.0142145,0.259594,-0.00606846,0.195283,1.29444,
35.7087,16.8504,4.26834,0.986413,0.255806,-0.0365036,-0.0155075,0.700755,-0.00536697,0.00942588,0.00105833,0.0136029,0.25957,-0.00606687,0.194483,1.29432,
35.7093,16.8504,4.27332,0.98642,0.255787,-0.0364869,-0.01548,0.700761,-0.00477242,0.0101325,0.00107754,0.0129913,0.259546,-0.00606528,0.193682,1.2942,
35.7098,16.8504,4.27829,0.986426,0.255767,-0.0364702,-0.0154524,0.700767,-0.00417787,0.0108391,0.00109675,0.0123797,0.259522,-0.00606368,0.192882,1.29408,
35.7103,16.8504,4.28327,0.986432,0.255749,-0.0364547,-0.015425,0.700773,-0.00370723,0.0113692,0.00111281,0.0120692,0.259499,-0.00604934,0.19243,1.29397,
35.7109,16.8504,4.28825,0.986438,0.255732,-0.0364412,-0.0153982,0.700778,-0.00346041,0.0115807,0.00112318,0.0123024,0.259479,-0.00601198,0.192606,1.29387,
35.7114,16.8504,4.29322,0.986444,0.255716,-0.0364278,-0.0153713,0.700784,-0.00321358,0.0117921,0.00113354,0.0125356,0.259459,-0.00597461,0.192783,1.29378,
35.7119,16.8504,4.2982,0.98645,0.255699,-0.0364143,-0.0153444,0.70079,-0.00296676,0.0120036,0.00114391,0.0127688,0.259439,-0.00593725,0.192959,1.29368,
35.7124,16.8504,4.30318,0.986455,0.255682,-0.0364009,-0.0153175,0.700796,-0.00271993,0.012215,0.00115427,0.013002,0.259419,-0.00589988,0.193136,1.29358,
35.713,16.8504,4.30816,0.986461,0.255666,-0.0363874,-0.0152906,0.700801,-0.00247311,0.0124264,0.00116464,0.0132352,0.259399,-0.00586251,0.193312,1.29348,
35.7135,16.8504,4.31313,0.986467,0.255649,-0.036374,-0.0152637,0.700807,-0.00222628,0.0126379,0.001175,0.0134684,0.259379,-0.00582515,0.193489,1.29338,
35.714,16.8504,4.31811,0.986473,0.255633,-0.0363605,-0.0152368,0.700813,-0.00197946,0.0128493,0.00118537,0.0137016,0.259359,-0.00578778,0.193665,1.29328,
35.7146,16.8504,4.32309,0.986479,0.255616,-0.036347,-0.0152099,0.700819,-0.00173263,0.0130608,0.00119573,0.0139348,0.259339,-0.00575042,0.193841,1.29318,
35.7151,16.8504,4.32806,0.986485,0.2556,-0.0363336,-0.015183,0.700824,-0.00148581,0.0132722,0.0012061,0.014168,0.259319,-0.00571305,0.194018,1.29309,
35.7156,16.8504,4.33304,0.986491,0.255583,-0.0363201,-0.0151561,0.70083,-0.00123898,0.0134837,0.00121646,0.0144012,0.259299,-0.00567569,0.194194,1.29299,
35.7161,16.8504,4.33802,0.986496,0.255567,-0.0363067,-0.0151292,0.700836,-0.000992157,0.0136951,0.00122683,0.0146344,0.259279,-0.00563832,0.194371,1.29289,
35.7167,16.8504,4.34299,0.986502,0.25555,-0.0362932,-0.0151023,0.700842,-0.000745332,0.0139065,0.00123719,0.0148676,0.259259,-0.00560095,0.194547,1.29279,
35.7172,16.8504,4.34797,0.986508,0.255534,-0.0362798,-0.0150754,0.700847,-0.000498507,0.014118,0.00124755,0.0151008,0.259239,-0.00556359,0.194724,1.29269,
35.7177,16.8504,4.35295,0.986514,0.255517,-0.0362663,-0.0150485,0.700853,-0.000251682,0.0143294,0.00125792,0.015334,0.259219,-0.00552622,0.1949,1.29259,
35.7182,16.8504,4.35793,0.98652,0.2555,-0.0362529,-0.0150216,0.700859,-4.85669e-06,0.0145409,0.00126828,0.0155672,0.259199,-0.00548886,0.195077,1.2925,
35.7188,16.8504,4.3629,0.986526,0.255484,-0.0362394,-0.0149947,0.700865,0.000241968,0.0147523,0.00127865,0.0158004,0.259178,-0.00545149,0.195253,1.2924,
35.7193,16.8504,4.36788,0.986531,0.255467,-0.036226,-0.0149678,0.70087,0.000488793,0.0149638,0.00128901,0.0160336,0.259158,-0.00541413,0.19543,1.2923,
35.7198,16.8504,4.37286,0.986537,0.255451,-0.0362125,-0.0149409,0.700876,0.000735619,0.0151752,0.00129938,0.0162668,0.259138,-0.00537676,0.195606,1.2922,
35.7204,16.8504,4.37783,0.986543,0.255434,-0.0361991,-0.014914,0.700882,0.000982444,0.0153866,0.00130974,0.0165,0.259118,-0.00533939,0.195783,1.2921,
35.7209,16.8504,4.38281,0.986549,0.255418,-0.0361856,-0.0148872,0.700888,0.00122927,0.0155981,0.00132011,0.0167332,0.259098,-0.00530203,0.195959,1.292,
35.7214,16.8504,4.38779,0.986555,0.255401,-0.0361722,-0.0148603,0.700893,0.00147609,0.0158095,0.00133047,0.0169664,0.259078,-0.00526466,0.196136,1.2919,
35.7219,16.8504,4.39277,0.986561,0.255385,-0.0361587,-0.0148334,0.700899,0.00172292,0.016021,0.00134084,0.0171996,0.259058,-0.0052273,0.196312,1.29181,
35.7225,16.8504,4.39774,0.986567,0.255368,-0.0361452,-0.0148065,0.700905,0.00196974,0.0162324,0.0013512,0.0174328,0.259038,-0.00518993,0.196489,1.29171,
35.723,16.8504,4.40272,0.986572,0.255352,-0.0361318,-0.0147796,0.700911,0.00221657,0.0164439,0.00136157,0.017666,0.259018,-0.00515257,0.196665,1.29161,
35.7235,16.8504,4.4077,0.986578,0.255335,-0.0361183,-0.0147527,0.700916,0.00246339,0.0166553,0.00137193,0.0178992,0.258998,-0.0051152,0.196842,1.29151,
35.7241,16.8504,4.41267,0.986584,0.255318,-0.0361049,-0.0147258,0.700922,0.00271022,0.0168667,0.0013823,0.0181324,0.258978,-0.00507783,0.197018,1.29141,
35.7246,16.8504,4.41765,0.98659,0.255302,-0.0360914,-0.0146989,0.700928,0.00295704,0.0170782,0.00139266,0.0183656,0.258958,-0.00504047,0.197194,1.29131,
35.7251,16.8504,4.42263,0.986596,0.255285,-0.036078,-0.014672,0.700934,0.00320387,0.0172896,0.00140303,0.0185988,0.258938,-0.0050031,0.197371,1.29121,
35.7256,16.8504,4.4276,0.986602,0.255269,-0.0360645,-0.0146451,0.700939,0.00345069,0.0175011,0.00141339,0.0188321,0.258918,-0.00496574,0.197547,1.29112,
35.7262,16.8504,4.43258,0.986608,0.255252,-0.0360511,-0.0146181,0.700945,0.00369388,0.0177085,0.00142375,0.0190634,0.258898,-0.00492824,0.197726,1.29102,
35.7267,16.8504,4.43756,0.986613,0.255236,-0.0360376,-0.0145906,0.700951,0.00392495,0.0179024,0.0014341,0.0192888,0.258877,-0.00489031,0.197912,1.29092,
35.7272,16.8504,4.44254,0.986619,0.255219,-0.0360241,-0.0145631,0.700957,0.00415602,0.0180963,0.00144444,0.0195142,0.258857,-0.00485238,0.198098,1.29082,
35.7278,16.8504,4.44751,0.986625,0.255202,-0.0360105,-0.0145356,0.700962,0.00438709,0.0182902,0.00145479,0.0197396,0.258837,-0.00481445,0.198284,1.29072,
35.7283,16.8504,4.45249,0.986631,0.255186,-0.035997,-0.0145081,0.700968,0.00461816,0.018484,0.00146513,0.019965,0.258816,-0.00477652,0.19847,1.29062,
35.7288,16.8504,4.45747,0.986637,0.255169,-0.0359835,-0.0144807,0.700974,0.00484923,0.0186779,0.00147547,0.0201904,0.258796,-0.00473859,0.198656,1.29052,
35.7293,16.8504,4.46244,0.986643,0.255152,-0.03597,-0.0144532,0.70098,0.0050803,0.0188718,0.00148582,0.0204157,0.258776,-0.00470066,0.198842,1.29042,
35.7299,16.8504,4.46742,0.986649,0.255136,-0.0359565,-0.0144257,0.700986,0.00531137,0.0190657,0.00149616,0.0206411,0.258756,-0.00466273,0.199028,1.29032,
35.7304,16.8504,4.4724,0.986655,0.255119,-0.035943,-0.0143982,0.700992,0.00554244,0.0192596,0.00150651,0.0208665,0.258735,-0.0046248,0.199213,1.29022,
35.7309,16.8504,4.47738,0.986661,0.255103,-0.0359295,-0.0143707,0.700997,0.00577351,0.0194535,0.00151685,0.0210919,0.258715,-0.00458686,0.199399,1.29012,
35.7315,16.8504,4.48235,0.986667,0.255086,-0.035916,-0.0143433,0.701003,0.00600458,0.0196474,0.0015272,0.0213173,0.258695,-0.00454893,0.199585,1.29002,
35.732,16.8504,4.48733,0.986672,0.255069,-0.0359025,-0.0143158,0.701009,0.00623565,0.0198413,0.00153754,0.0215426,0.258675,-0.004511,0.199771,1.28992,
35.7325,16.8504,4.49231,0.986678,0.255053,-0.035889,-0.0142883,0.701015,0.00646672,0.0200352,0.00154789,0.021768,0.258654,-0.00447307,0.199957,1.28982,
35.733,16.8504,4.49728,0.986684,0.255036,-0.0358755,-0.0142608,0.701021,0.00669779,0.0202291,0.00155823,0.0219934,0.258634,-0.00443514,0.200143,1.28972,
35.7336,16.8504,4.50226,0.98669,0.255019,-0.035862,-0.0142333,0.701026,0.00692886,0.020423,0.00156858,0.0222188,0.258614,-0.00439721,0.200329,1.28962,
35.7341,16.8504,4.50724,0.986696,0.255003,-0.0358485,-0.0142059,0.701032,0.00715993,0.0206169,0.00157892,0.0224442,0.258593,-0.00435928,0.200515,1.28952,
35.7346,16.8504,4.51221,0.986702,0.254986,-0.035835,-0.0141784,0.701038,0.007391,0.0208108,0.00158927,0.0226695,0.258573,-0.00432135,0.200701,1.28942,
35.7351,16.8504,4.51719,0.986708,0.25497,-0.0358215,-0.0141509,0.701044,0.00762207,0.0210047,0.00159961,0.0228949,0.258553,-0.00428342,0.200887,1.28932,
35.7357,16.8504,4.52217,0.986714,0.254953,-0.035808,-0.0141234,0.70105,0.00785314,0.0211986,0.00160996,0.0231203,0.258533,-0.00424549,0.201073,1.28922,
35.7362,16.8504,4.52715,0.98672,0.254936,-0.0357945,-0.0140959,0.701055,0.00808421,0.0213925,0.0016203,0.0233457,0.258512,-0.00420756,0.201259,1.28912,
35.7367,16.8504,4.53212,0.986726,0.25492,-0.035781,-0.0140685,0.701061,0.00831528,0.0215864,0.00163065,0.0235711,0.258492,-0.00416963,0.201444,1.28902,
35.7373,16.8504,4.5371,0.986731,0.254903,-0.0357675,-0.014041,0.701067,0.00854635,0.0217803,0.00164099,0.0237965,0.258472,-0.0041317,0.20163,1.28892,
35.7378,16.8504,4.54208,0.986737,0.254887,-0.035754,-0.0140135,0.701073,0.00877742,0.0219742,0.00165134,0.0240218,0.258451,-0.00409377,0.201816,1.28882,
35.7383,16.8504,4.54705,0.986743,0.25487,-0.0357405,-0.013986,0.701079,0.00900849,0.0221681,0.00166168,0.0242472,0.258431,-0.00405583,0.202002,1.28872,
35.7388,16.8504,4.55203,0.986749,0.254853,-0.035727,-0.0139585,0.701084,0.00923956,0.0223619,0.00167203,0.0244726,0.258411,-0.0040179,0.202188,1.28862,
35.7394,16.8504,4.55701,0.986755,0.254837,-0.0357135,-0.0139311,0.70109,0.00947063,0.0225558,0.00168237,0.024698,0.258391,-0.00397997,0.202374,1.28853,
35.7399,16.8504,4.56199,0.986761,0.25482,-0.0357,-0.0139036,0.701096,0.0097017,0.0227497,0.00169271,0.0249234,0.25837,-0.00394204,0.20256,1.28843,
35.7404,16.8504,4.56696,0.986767,0.254803,-0.0356865,-0.0138761,0.701102,0.00993277,0.0229436,0.00170306,0.0251487,0.25835,-0.00390411,0.202746,1.28833,
35.741,16.8504,4.57194,0.986773,0.254787,-0.035673,-0.0138486,0.701108,0.0101638,0.0231375,0.0017134,0.0253741,0.25833,-0.00386618,0.202932,1.28823,
35.7415,16.8504,4.57692,0.986779,0.25477,-0.0356595,-0.0138212,0.701113,0.010389,0.0233257,0.00172356,0.0255932,0.258309,-0.00382803,0.203117,1.28813,
35.742,16.8504,4.58189,0.986784,0.254755,-0.0356474,-0.0137943,0.701119,0.0104159,0.0233222,0.00172724,0.0256018,0.258291,-0.00378258,0.203289,1.28804,
35.7425,16.8504,4.58687,0.98679,0.254739,-0.0356352,-0.0137674,0.701124,0.0104428,0.0233186,0.00173092,0.0256104,0.258272,-0.00373713,0.203461,1.28794,
35.7431,16.8504,4.59185,0.986795,0.254724,-0.0356231,-0.0137405,0.70113,0.0104696,0.0233151,0.0017346,0.025619,0.258253,-0.00369169,0.203632,1.28785,
35.7436,16.8504,4.59682,0.986801,0.254708,-0.035611,-0.0137137,0.701135,0.0104965,0.0233116,0.00173829,0.0256276,0.258235,-0.00364624,0.203804,1.28776,
35.7441,16.8504,4.6018,0.986806,0.254693,-0.0355988,-0.0136868,0.701141,0.0105234,0.0233081,0.00174197,0.0256362,0.258216,-0.00360079,0.203976,1.28767,
35.7447,16.8504,4.60678,0.986812,0.254677,-0.0355867,-0.0136599,0.701147,0.0105503,0.0233045,0.00174565,0.0256447,0.258198,-0.00355534,0.204147,1.28758,
35.7452,16.8504,4.61176,0.986817,0.254662,-0.0355745,-0.0136331,0.701152,0.0105772,0.023301,0.00174934,0.0256533,0.258179,-0.00350989,0.204319,1.28749,
35.7457,16.8504,4.61673,0.986823,0.254646,-0.0355624,-0.0136062,0.701158,0.0106041,0.0232975,0.00175302,0.0256619,0.25816,-0.00346444,0.204491,1.28739,
35.7462,16.8504,4.62171,0.986828,0.254631,-0.0355502,-0.0135793,0.701163,0.0106309,0.023294,0.0017567,0.0256705,0.258142,-0.00341899,0.204662,1.2873,
35.7468,16.8504,4.62669,0.986834,0.254615,-0.0355381,-0.0135524,0.701169,0.0106578,0.0232904,0.00176038,0.0256791,0.258123,-0.00337355,0.204834,1.28721,
35.7473,16.8504,4.63166,0.98684,0.2546,-0.035526,-0.0135256,0.701174,0.0106847,0.0232869,0.00176407,0.0256877,0.258104,-0.0033281,0.205005,1.28712,
35.7478,16.8504,4.63664,0.986845,0.254584,-0.0355138,-0.0134987,0.70118,0.0107116,0.0232834,0.00176775,0.0256963,0.258086,-0.00328265,0.205177,1.28703,
35.7484,16.8504,4.64162,0.986851,0.254568,-0.0355017,-0.0134718,0.701185,0.0107385,0.0232799,0.00177143,0.0257048,0.258067,-0.0032372,0.205349,1.28694,
35.7489,16.8504,4.6466,0.986856,0.254553,-0.0354895,-0.013445,0.701191,0.0107654,0.0232763,0.00177512,0.0257134,0.258048,-0.00319175,0.20552,1.28684,
35.7494,16.8504,4.65157,0.986862,0.254537,-0.0354774,-0.0134181,0.701196,0.0107923,0.0232728,0.0017788,0.025722,0.25803,-0.0031463,0.205692,1.28675,
35.7499,16.8504,4.65655,0.986867,0.254522,-0.0354653,-0.0133912,0.701202,0.0108191,0.0232693,0.00178248,0.0257306,0.258011,-0.00310085,0.205864,1.28666,
35.7505,16.8504,4.66153,0.986873,0.254506,-0.0354531,-0.0133643,0.701207,0.010846,0.0232658,0.00178616,0.0257392,0.257992,-0.00305541,0.206035,1.28657,
35.751,16.8504,4.6665,0.986878,0.254491,-0.035441,-0.0133375,0.701213,0.0108729,0.0232622,0.00178985,0.0257478,0.257974,-0.00300996,0.206207,1.28648,
35.7515,16.8504,4.67148,0.986884,0.254475,-0.0354288,-0.0133106,0.701218,0.0108998,0.0232587,0.00179353,0.0257564,0.257955,-0.00296451,0.206379,1.28639,
35.7521,16.8504,4.67646,0.986889,0.25446,-0.0354167,-0.0132837,0.701224,0.0109267,0.0232552,0.00179721,0.025765,0.257936,-0.00291906,0.20655,1.2863,
35.7526,16.8504,4.68143,0.986895,0.254444,-0.0354046,-0.0132568,0.70123,0.0109536,0.0232517,0.0018009,0.0257735,0.257918,-0.00287361,0.206722,1.2862,
35.7531,16.8504,4.68641,0.986901,0.254429,-0.0353924,-0.01323,0.701235,0.0109804,0.0232481,0.00180458,0.0257821,0.257899,-0.00282816,0.206894,1.28611,
35.7536,16.8504,4.69139,0.986906,0.254413,-0.0353803,-0.0132031,0.701241,0.0110073,0.0232446,0.00180826,0.0257907,0.25788,-0.00278271,0.207065,1.28602,
35.7542,16.8504,4.69637,0.986912,0.254398,-0.0353681,-0.0131762,0.701246,0.0110342,0.0232411,0.00181194,0.0257993,0.257862,-0.00273727,0.207237,1.28593,
35.7547,16.8504,4.70134,0.986917,0.254382,-0.0353559,-0.013149,0.701252,0.0110562,0.0232343,0.00181612,0.0258029,0.257843,-0.00269214,0.207406,1.28584,
35.7552,16.8504,4.70632,0.986923,0.254367,-0.0353437,-0.0131215,0.701257,0.0110748,0.0232253,0.00182063,0.0258031,0.257824,-0.00264722,0.207572,1.28574,
35.7557,16.8504,4.7113,0.986928,0.254351,-0.0353315,-0.0130941,0.701263,0.0110934,0.0232162,0.00182514,0.0258034,0.257805,-0.00260231,0.207739,1.28565,
35.7563,16.8504,4.71627,0.986934,0.254336,-0.0353193,-0.0130666,0.701268,0.011112,0.0232072,0.00182966,0.0258036,0.257786,-0.00255739,0.207905,1.28556,
35.7568,16.8504,4.72125,0.98694,0.25432,-0.0353071,-0.0130391,0.701274,0.0111306,0.0231982,0.00183417,0.0258038,0.257768,-0.00251248,0.208072,1.28547,
35.7573,16.8504,4.72623,0.986945,0.254304,-0.0352948,-0.0130117,0.70128,0.0111492,0.0231891,0.00183868,0.025804,0.257749,-0.00246756,0.208238,1.28537,
35.7579,16.8504,4.7312,0.986951,0.254289,-0.0352826,-0.0129842,0.701285,0.0111679,0.0231801,0.00184319,0.0258042,0.25773,-0.00242265,0.208405,1.28528,
35.7584,16.8504,4.73618,0.986956,0.254273,-0.0352704,-0.0129567,0.701291,0.0111865,0.0231711,0.0018477,0.0258045,0.257711,-0.00237774,0.208571,1.28519,
35.7589,16.8504,4.74116,0.986962,0.254258,-0.0352582,-0.0129292,0.701296,0.0112051,0.023162,0.00185221,0.0258047,0.257692,-0.00233282,0.208738,1.2851,
35.7594,16.8504,4.74614,0.986967,0.254242,-0.035246,-0.0129018,0.701302,0.0112237,0.023153,0.00185672,0.0258049,0.257673,-0.00228791,0.208904,1.285,
35.76,16.8504,4.75111,0.986973,0.254226,-0.0352337,-0.0128743,0.701307,0.0112423,0.023144,0.00186124,0.0258051,0.257654,-0.00224299,0.209071,1.28491,
35.7605,16.8504,4.75609,0.986979,0.254211,-0.0352215,-0.0128468,0.701313,0.0112609,0.023135,0.00186575,0.0258054,0.257635,-0.00219808,0.209237,1.28482,
35.761,16.8504,4.76107,0.986984,0.254195,-0.0352093,-0.0128194,0.701319,0.0112795,0.0231259,0.00187026,0.0258056,0.257616,-0.00215317,0.209404,1.28473,
35.7616,16.8504,4.76604,0.98699,0.25418,-0.0351971,-0.0127919,0.701324,0.0112982,0.0231169,0.00187477,0.0258058,0.257598,-0.00210825,0.20957,1.28463,
35.7621,16.8504,4.77102,0.986995,0.254164,-0.0351849,-0.0127644,0.70133,0.0113168,0.0231079,0.00187928,0.025806,0.257579,-0.00206334,0.209737,1.28454,
35.7626,16.8504,4.776,0.987001,0.254148,-0.0351726,-0.012737,0.701335,0.0113354,0.0230988,0.00188379,0.0258063,0.25756,-0.00201842,0.209904,1.28445,
35.7631,16.8504,4.78098,0.987006,0.254133,-0.0351604,-0.0127095,0.701341,0.011354,0.0230898,0.00188831,0.0258065,0.257541,-0.00197351,0.21007,1.28435,
35.7637,16.8504,4.78595,0.987012,0.254117,-0.0351482,-0.012682,0.701346,0.0113726,0.0230808,0.00189282,0.0258067,0.257522,-0.00192859,0.210237,1.28426,
35.7642,16.8504,4.79093,0.987018,0.254102,-0.035136,-0.0126546,0.701352,0.0113912,0.0230717,0.00189733,0.0258069,0.257503,-0.00188368,0.210403,1.28417,
35.7647,16.8504,4.79591,0.987023,0.254086,-0.0351238,-0.0126271,0.701357,0.0114098,0.0230627,0.00190184,0.0258071,0.257484,-0.00183877,0.21057,1.28408,
35.7653,16.8504,4.80088,0.987029,0.254071,-0.0351115,-0.0125996,0.701363,0.0114285,0.0230537,0.00190635,0.0258074,0.257465,-0.00179385,0.210736,1.28398,
35.7658,16.8504,4.80586,0.987034,0.254055,-0.0350993,-0.0125722,0.701369,0.0114471,0.0230446,0.00191086,0.0258076,0.257447,-0.00174894,0.210903,1.28389,
35.7663,16.8504,4.81084,0.98704,0.254039,-0.0350871,-0.0125447,0.701374,0.0114657,0.0230356,0.00191537,0.0258078,0.257428,-0.00170402,0.211069,1.2838,
35.7668,16.8504,4.81581,0.987046,0.254024,-0.0350749,-0.0125172,0.70138,0.0114843,0.0230266,0.00191989,0.025808,0.257409,-0.00165911,0.211236,1.28371,
35.7674,16.8504,4.82079,0.987051,0.254008,-0.0350626,-0.0124898,0.701385,0.0115029,0.0230176,0.0019244,0.0258083,0.25739,-0.00161419,0.211402,1.28361,
35.7679,16.8504,4.82577,0.987057,0.253993,-0.0350504,-0.0124623,0.701391,0.0115215,0.0230085,0.00192891,0.0258085,0.257371,-0.00156928,0.211569,1.28352,
35.7684,16.8504,4.83075,0.987062,0.253977,-0.0350382,-0.0124348,0.701396,0.0115401,0.0229995,0.00193342,0.0258087,0.257352,-0.00152437,0.211735,1.28343,
35.769,16.8504,4.83572,0.987068,0.253961,-0.035026,-0.0124073,0.701402,0.0115588,0.0229905,0.00193793,0.0258089,0.257333,-0.00147945,0.211902,1.28334,
35.7695,16.8504,4.8407,0.987073,0.253946,-0.0350138,-0.0123799,0.701408,0.0115774,0.0229814,0.00194244,0.0258092,0.257314,-0.00143454,0.212068,1.28324,
35.77,16.8504,4.84568,0.987079,0.25393,-0.0350015,-0.0123524,0.701413,0.011596,0.0229724,0.00194695,0.0258094,0.257296,-0.00138962,0.212235,1.28315,
35.7705,16.8504,4.85065,0.987085,0.253915,-0.0349893,-0.0123249,0.701419,0.0116146,0.0229634,0.00195147,0.0258096,0.257277,-0.00134471,0.212402,1.28306,
35.7711,16.8504,4.85563,0.98709,0.253899,-0.0349771,-0.0122975,0.701424,0.0116332,0.0229543,0.00195598,0.0258098,0.257258,-0.00129979,0.212568,1.28296,
35.7716,16.8504,4.86061,0.987096,0.253884,-0.0349649,-0.01227,0.70143,0.0116518,0.0229453,0.00196049,0.0258101,0.257239,-0.00125488,0.212735,1.28287,
35.7721,16.8504,4.86559,0.987101,0.253868,-0.0349527,-0.0122425,0.701435,0.0116704,0.0229363,0.001965,0.0258103,0.25722,-0.00120997,0.212901,1.28278,
35.7727,16.8504,4.87056,0.987107,0.253852,-0.0349404,-0.0122151,0.701441,0.0116891,0.0229272,0.00196951,0.0258105,0.257201,-0.00116505,0.213068,1.28269,
35.7732,16.8504,4.87554,0.987112,0.253837,-0.0349283,-0.012188,0.701446,0.0116301,0.0228494,0.00196964,0.0257159,0.257183,-0.00112593,0.21317,1.28259,
35.7737,16.8504,4.88052,0.987118,0.253821,-0.0349161,-0.0121612,0.701452,0.0115381,0.0227424,0.00196791,0.025581,0.257164,-0.00108926,0.213245,1.2825,
35.7742,16.8504,4.88549,0.987123,0.253806,-0.034904,-0.0121343,0.701457,0.0114461,0.0226354,0.00196617,0.0254461,0.257145,-0.0010526,0.213319,1.28241,
35.7748,16.8504,4.89047,0.987128,0.25379,-0.0348918,-0.0121075,0.701462,0.0113542,0.0225283,0.00196443,0.0253111,0.257127,-0.00101594,0.213394,1.28232,
35.7753,16.8504,4.89545,0.987134,0.253774,-0.0348797,-0.0120806,0.701468,0.0112622,0.0224213,0.0019627,0.0251762,0.257108,-0.000979274,0.213469,1.28223,
35.7758,16.8504,4.90042,0.987139,0.253759,-0.0348675,-0.0120537,0.701473,0.0111702,0.0223142,0.00196096,0.0250413,0.25709,-0.000942611,0.213544,1.28214,
35.7763,16.8504,4.9054,0.987144,0.253743,-0.0348554,-0.0120269,0.701478,0.0110783,0.0222072,0.00195923,0.0249064,0.257071,-0.000905947,0.213619,1.28205,
35.7769,16.8504,4.91038,0.98715,0.253728,-0.0348432,-0.012,0.701484,0.0109863,0.0221001,0.00195749,0.0247714,0.257053,-0.000869284,0.213694,1.28196,
35.7774,16.8504,4.91536,0.987155,0.253712,-0.0348311,-0.0119732,0.701489,0.0108943,0.0219931,0.00195576,0.0246365,0.257034,-0.00083262,0.213768,1.28187,
35.7779,16.8504,4.92033,0.98716,0.253696,-0.0348189,-0.0119463,0.701494,0.0108024,0.021886,0.00195402,0.0245016,0.257016,-0.000795957,0.213843,1.28178,
35.7785,16.8504,4.92531,0.987166,0.253681,-0.0348068,-0.0119195,0.7015,0.0107104,0.021779,0.00195229,0.0243667,0.256997,-0.000759294,0.213918,1.28168,
35.779,16.8504,4.93029,0.987171,0.253665,-0.0347946,-0.0118926,0.701505,0.0106184,0.021672,0.00195055,0.0242318,0.256979,-0.00072263,0.213993,1.28159,
35.7795,16.8504,4.93526,0.987176,0.25365,-0.0347825,-0.0118658,0.70151,0.0105265,0.0215649,0.00194882,0.0240968,0.25696,-0.000685967,0.214068,1.2815,
35.78,16.8504,4.94024,0.987181,0.253634,-0.0347703,-0.0118389,0.701515,0.0104345,0.0214579,0.00194708,0.0239619,0.256942,-0.000649304,0.214143,1.28141,
35.7806,16.8504,4.94522,0.987187,0.253618,-0.0347582,-0.0118121,0.701521,0.0103425,0.0213508,0.00194535,0.023827,0.256923,-0.00061264,0.214217,1.28132,
35.7811,16.8504,4.9502,0.987192,0.253603,-0.034746,-0.0117852,0.701526,0.0102506,0.0212438,0.00194361,0.0236921,0.256905,-0.000575977,0.214292,1.28123,
35.7816,16.8504,4.95517,0.987197,0.253587,-0.0347339,-0.0117583,0.701531,0.0101586,0.0211367,0.00194188,0.0235571,0.256886,-0.000539314,0.214367,1.28114,
35.7822,16.8504,4.96015,0.987203,0.253572,-0.0347217,-0.0117315,0.701537,0.0100666,0.0210297,0.00194014,0.0234222,0.256868,-0.00050265,0.214442,1.28105,
35.7827,16.8504,4.96513,0.987208,0.253556,-0.0347096,-0.0117046,0.701542,0.00997465,0.0209227,0.00193841,0.0232873,0.256849,-0.000465987,0.214517,1.28096,
35.7832,16.8504,4.9701,0.987213,0.25354,-0.0346974,-0.0116772,0.701547,0.00988011,0.0208148,0.001938,0.0231509,0.25683,-0.000430078,0.214586,1.28087,
35.7837,16.8504,4.97508,0.987219,0.253525,-0.0346852,-0.0116498,0.701553,0.00978546,0.0207069,0.00193766,0.0230145,0.256812,-0.000394201,0.214655,1.28077,
35.7843,16.8504,4.98006,0.987224,0.253509,-0.034673,-0.0116223,0.701558,0.0096908,0.020599,0.00193731,0.022878,0.256793,-0.000358323,0.214724,1.28068,
35.7848,16.8504,4.98503,0.987229,0.253494,-0.0346608,-0.0115949,0.701563,0.00959615,0.0204911,0.00193696,0.0227415,0.256774,-0.000322446,0.214793,1.28059,
35.7853,16.8504,4.99001,0.987235,0.253478,-0.0346486,-0.0115674,0.701569,0.0095015,0.0203833,0.00193661,0.0226051,0.256756,-0.000286569,0.214861,1.2805,
35.7859,16.8504,4.99499,0.98724,0.253462,-0.0346363,-0.01154,0.701574,0.00940685,0.0202754,0.00193626,0.0224686,0.256737,-0.000250691,0.21493,1.28041,
35.7864,16.8504,4.99997,0.987246,0.253447,-0.0346241,-0.0115125,0.701579,0.0093122,0.0201675,0.00193591,0.0223322,0.256718,-0.000214814,0.214999,1.28031,
35.7869,16.8504,5.00494,0.987251,0.253431,-0.0346119,-0.0114851,0.701585,0.00921755,0.0200596,0.00193557,0.0221957,0.256699,-0.000178936,0.215068,1.28022,
35.7874,16.8504,5.00992,0.987256,0.253415,-0.0345997,-0.0114576,0.70159,0.0091229,0.0199517,0.00193522,0.0220593,0.256681,-0.000143059,0.215137,1.28013,
35.788,16.8504,5.0149,0.987262,0.2534,-0.0345875,-0.0114302,0.701595,0.00902825,0.0198438,0.00193487,0.0219228,0.256662,-0.000107181,0.215206,1.28004,
35.7885,16.8504,5.01987,0.987267,0.253384,-0.0345753,-0.0114027,0.701601,0.0089336,0.019736,0.00193452,0.0217864,0.256643,-7.1304e-05,0.215275,1.27995,
35.789,16.8504,5.02485,0.987272,0.253369,-0.0345631,-0.0113753,0.701606,0.00883894,0.0196281,0.00193417,0.0216499,0.256625,-3.54266e-05,0.215344,1.27985,
35.7896,16.8504,5.02983,0.987278,0.253353,-0.0345509,-0.0113478,0.701611,0.00874429,0.0195202,0.00193382,0.0215135,0.256606,4.50772e-07,0.215413,1.27976,
35.7901,16.8504,5.03481,0.987283,0.253337,-0.0345387,-0.0113204,0.701617,0.00864964,0.0194123,0.00193348,0.021377,0.256587,3.63282e-05,0.215482,1.27967,
35.7906,16.8504,5.03978,0.987288,0.253322,-0.0345265,-0.0112929,0.701622,0.00855499,0.0193044,0.00193313,0.0212406,0.256569,7.22056e-05,0.215551,1.27958,
35.7911,16.8504,5.04476,0.987294,0.253306,-0.0345142,-0.0112655,0.701627,0.00846034,0.0191965,0.00193278,0.0211041,0.25655,0.000108083,0.21562,1.27949,
35.7917,16.8504,5.04974,0.987299,0.253291,-0.034502,-0.011238,0.701633,0.00836569,0.0190886,0.00193243,0.0209676,0.256531,0.00014396,0.215688,1.2794,
35.7922,16.8504,5.05471,0.987304,0.253275,-0.0344898,-0.0112106,0.701638,0.00827104,0.0189808,0.00193208,0.0208312,0.256512,0.000179838,0.215757,1.2793,
35.7927,16.8504,5.05969,0.98731,0.253259,-0.0344776,-0.0111832,0.701643,0.00817639,0.0188729,0.00193173,0.0206947,0.256494,0.000215715,0.215826,1.27921,
35.7932,16.8504,5.06467,0.987315,0.253244,-0.0344654,-0.0111557,0.701649,0.00808174,0.018765,0.00193139,0.0205583,0.256475,0.000251593,0.215895,1.27912,
35.7938,16.8504,5.06964,0.98732,0.253228,-0.0344532,-0.0111283,0.701654,0.00798708,0.0186571,0.00193104,0.0204218,0.256456,0.00028747,0.215964,1.27903,
35.7943,16.8504,5.07462,0.987326,0.253212,-0.034441,-0.0111008,0.701659,0.00789243,0.0185492,0.00193069,0.0202854,0.256438,0.000323347,0.216033,1.27894,
35.7948,16.8504,5.0796,0.987331,0.253197,-0.0344288,-0.0110734,0.701665,0.00779778,0.0184413,0.00193034,0.0201489,0.256419,0.000359225,0.216102,1.27884,
35.7954,16.8504,5.08458,0.987336,0.253181,-0.0344166,-0.0110459,0.70167,0.00770313,0.0183335,0.00192999,0.0200125,0.2564,0.000395102,0.216171,1.27875,
35.7959,16.8504,5.08955,0.987342,0.253166,-0.0344044,-0.0110185,0.701675,0.00760848,0.0182256,0.00192964,0.019876,0.256382,0.00043098,0.21624,1.27866,
35.7964,16.8504,5.09453,0.987347,0.25315,-0.0343921,-0.010991,0.701681,0.00751383,0.0181177,0.0019293,0.0197396,0.256363,0.000466857,0.216309,1.27857,
35.7969,16.8504,5.09951,0.987352,0.253134,-0.0343799,-0.0109636,0.701686,0.00741918,0.0180098,0.00192895,0.0196031,0.256344,0.000502735,0.216378,1.27848,
35.7975,16.8504,5.10448,0.987358,0.253119,-0.0343677,-0.0109361,0.701691,0.00732453,0.0179019,0.0019286,0.0194667,0.256325,0.000538612,0.216446,1.27838,
35.798,16.8504,5.10946,0.987363,0.253103,-0.0343555,-0.0109087,0.701697,0.00722988,0.017794,0.00192825,0.0193302,0.256307,0.000574489,0.216515,1.27829,
35.7985,16.8504,5.11444,0.987368,0.253087,-0.0343433,-0.0108812,0.701702,0.00713522,0.0176861,0.0019279,0.0191937,0.256288,0.000610367,0.216584,1.2782,
35.7991,16.8504,5.11942,0.987374,0.253072,-0.0343311,-0.0108538,0.701707,0.00704057,0.0175783,0.00192755,0.0190573,0.256269,0.000646244,0.216653,1.27811,
35.7996,16.8504,5.12439,0.987379,0.253056,-0.0343189,-0.0108263,0.701713,0.00694592,0.0174704,0.00192721,0.0189208,0.256251,0.000682122,0.216722,1.27802,
35.8001,16.8504,5.12937,0.987384,0.253041,-0.0343067,-0.0107989,0.701718,0.00685127,0.0173625,0.00192686,0.0187844,0.256232,0.000717999,0.216791,1.27793,
35.8006,16.8504,5.13435,0.98739,0.253025,-0.0342945,-0.0107714,0.701723,0.00675662,0.0172546,0.00192651,0.0186479,0.256213,0.000753876,0.21686,1.27783,
35.8012,16.8504,5.13932,0.987395,0.253009,-0.0342823,-0.010744,0.701729,0.00666197,0.0171467,0.00192616,0.0185115,0.256195,0.000789754,0.216929,1.27774,
35.8017,16.8504,5.1443,0.9874,0.252994,-0.03427,-0.0107166,0.701734,0.00656732,0.0170388,0.00192581,0.018375,0.256176,0.000825631,0.216998,1.27765,
35.8022,16.8504,5.14928,0.987406,0.252978,-0.0342578,-0.0106891,0.701739,0.00647267,0.016931,0.00192546,0.0182386,0.256157,0.000861509,0.217067,1.27756,
35.8028,16.8504,5.15425,0.987411,0.252962,-0.0342456,-0.0106617,0.701745,0.00637802,0.0168231,0.00192512,0.0181021,0.256138,0.000897386,0.217136,1.27747,
35.8033,16.8504,5.15923,0.987416,0.252947,-0.0342334,-0.0106342,0.70175,0.00628337,0.0167152,0.00192477,0.0179657,0.25612,0.000933264,0.217205,1.27737,
35.8038,16.8504,5.16421,0.987422,0.252931,-0.0342212,-0.0106068,0.701755,0.00618871,0.0166073,0.00192442,0.0178292,0.256101,0.000969141,0.217273,1.27728,
35.8043,16.8504,5.16919,0.987427,0.252915,-0.0342088,-0.0105796,0.701761,0.00608646,0.0164871,0.00192142,0.017684,0.256082,0.000999669,0.217306,1.27719,
35.8049,16.8504,5.17416,0.987432,0.252899,-0.0341962,-0.0105528,0.701766,0.0059715,0.0163465,0.00191398,0.0175243,0.256063,0.00102126,0.217279,1.2771,
35.8054,16.8504,5.17914,0.987437,0.252883,-0.0341836,-0.010526,0.701771,0.00585654,0.0162059,0.00190655,0.0173645,0.256045,0.00104285,0.217251,1.277,
35.8059,16.8504,5.18412,0.987442,0.252867,-0.0341709,-0.0104992,0.701776,0.00574157,0.0160652,0.00189911,0.0172048,0.256026,0.00106444,0.217224,1.27691,
35.8065,16.8504,5.18909,0.987448,0.252851,-0.0341583,-0.0104724,0.701781,0.00562661,0.0159246,0.00189167,0.017045,0.256007,0.00108603,0.217196,1.27682,
35.807,16.8504,5.19407,0.987453,0.252835,-0.0341457,-0.0104457,0.701786,0.00551165,0.0157839,0.00188424,0.0168852,0.255988,0.00110762,0.217168,1.27673,
35.8075,16.8504,5.19905,0.987458,0.252819,-0.0341331,-0.0104189,0.701791,0.00539669,0.0156433,0.0018768,0.0167255,0.255969,0.00112921,0.217141,1.27663,
35.808,16.8504,5.20403,0.987463,0.252803,-0.0341204,-0.0103921,0.701796,0.00528173,0.0155026,0.00186936,0.0165657,0.25595,0.0011508,0.217113,1.27654,
35.8086,16.8504,5.209,0.987468,0.252787,-0.0341078,-0.0103653,0.701802,0.00516677,0.015362,0.00186193,0.0164059,0.255931,0.00117239,0.217086,1.27645,
35.8091,16.8504,5.21398,0.987473,0.25277,-0.0340952,-0.0103385,0.701807,0.00505181,0.0152214,0.00185449,0.0162462,0.255912,0.00119398,0.217058,1.27635,
35.8096,16.8504,5.21896,0.987478,0.252754,-0.0340825,-0.0103117,0.701812,0.00493684,0.0150807,0.00184706,0.0160864,0.255893,0.00121557,0.21703,1.27626,
35.8102,16.8504,5.22393,0.987484,0.252738,-0.0340699,-0.010285,0.701817,0.00482188,0.0149401,0.00183962,0.0159267,0.255875,0.00123715,0.217003,1.27617,
35.8107,16.8504,5.22891,0.987489,0.252722,-0.0340573,-0.0102582,0.701822,0.00470692,0.0147994,0.00183218,0.0157669,0.255856,0.00125874,0.216975,1.27608,
35.8112,16.8504,5.23389,0.987494,0.252706,-0.0340446,-0.0102312,0.701827,0.00459204,0.0146593,0.00182539,0.0156084,0.255837,0.00128013,0.216947,1.27598,
35.8117,16.8504,5.23886,0.987499,0.25269,-0.034032,-0.0102038,0.701832,0.00447731,0.0145201,0.00181993,0.0154524,0.255818,0.0013011,0.216918,1.27589,
35.8123,16.8504,5.24384,0.987504,0.252674,-0.0340194,-0.0101765,0.701837,0.00436259,0.0143809,0.00181447,0.0152964,0.255799,0.00132207,0.21689,1.2758,
35.8128,16.8504,5.24882,0.987509,0.252658,-0.0340067,-0.0101491,0.701842,0.00424787,0.0142417,0.00180902,0.0151404,0.25578,0.00134304,0.216861,1.2757,
35.8133,16.8504,5.2538,0.987514,0.252642,-0.0339941,-0.0101218,0.701848,0.00413314,0.0141026,0.00180356,0.0149845,0.255761,0.00136401,0.216832,1.27561,
35.8138,16.8504,5.25877,0.98752,0.252626,-0.0339814,-0.0100944,0.701853,0.00401842,0.0139634,0.0017981,0.0148285,0.255742,0.00138497,0.216803,1.27552,
35.8144,16.8504,5.26375,0.987525,0.25261,-0.0339688,-0.010067,0.701858,0.0039037,0.0138242,0.00179264,0.0146725,0.255723,0.00140594,0.216774,1.27542,
35.8149,16.8504,5.26873,0.98753,0.252593,-0.0339561,-0.0100397,0.701863,0.00378897,0.013685,0.00178718,0.0145165,0.255704,0.00142691,0.216745,1.27533,
35.8154,16.8504,5.2737,0.987535,0.252577,-0.0339435,-0.0100123,0.701868,0.00367425,0.0135459,0.00178173,0.0143605,0.255685,0.00144788,0.216717,1.27524,
35.816,16.8504,5.27868,0.98754,0.252561,-0.0339308,-0.00998495,0.701873,0.00355953,0.0134067,0.00177627,0.0142046,0.255666,0.00146885,0.216688,1.27514,
35.8165,16.8504,5.28366,0.987545,0.252545,-0.0339182,-0.00995759,0.701878,0.0034448,0.0132675,0.00177081,0.0140486,0.255647,0.00148982,0.216659,1.27505,
35.817,16.8504,5.28864,0.98755,0.252529,-0.0339055,-0.00993023,0.701883,0.00333008,0.0131283,0.00176535,0.0138926,0.255628,0.00151079,0.21663,1.27496,
35.8175,16.8504,5.29361,0.987556,0.252513,-0.0338929,-0.00990287,0.701888,0.00321536,0.0129892,0.00175989,0.0137366,0.255609,0.00153176,0.216601,1.27486,
35.8181,16.8504,5.29859,0.987561,0.252497,-0.0338803,-0.00987551,0.701893,0.00310063,0.01285,0.00175444,0.0135806,0.25559,0.00155272,0.216572,1.27477,
35.8186,16.8504,5.30357,0.987566,0.252481,-0.0338676,-0.00984814,0.701899,0.00298591,0.0127108,0.00174898,0.0134247,0.255571,0.00157369,0.216544,1.27468,
35.8191,16.8504,5.30854,0.987571,0.252465,-0.033855,-0.00982078,0.701904,0.00287119,0.0125717,0.00174352,0.0132687,0.255552,0.00159466,0.216515,1.27458,
35.8197,16.8504,5.31352,0.987576,0.252449,-0.0338423,-0.00979342,0.701909,0.00275646,0.0124325,0.00173806,0.0131127,0.255533,0.00161563,0.216486,1.27449,
35.8202,16.8504,5.3185,0.987581,0.252433,-0.0338297,-0.00976606,0.701914,0.00264174,0.0122933,0.0017326,0.0129567,0.255514,0.0016366,0.216457,1.2744,
35.8207,16.8504,5.32347,0.987586,0.252417,-0.033817,-0.0097387,0.701919,0.00252702,0.0121541,0.00172715,0.0128007,0.255495,0.00165757,0.216428,1.2743,
35.8212,16.8504,5.32845,0.987592,0.252401,-0.0338044,-0.00971134,0.701924,0.00241229,0.012015,0.00172169,0.0126448,0.255476,0.00167854,0.216399,1.27421,
35.8218,16.8504,5.33343,0.987597,0.252385,-0.0337917,-0.00968397,0.701929,0.00229757,0.0118758,0.00171623,0.0124888,0.255457,0.0016995,0.216371,1.27412,
35.8223,16.8504,5.33841,0.987602,0.252368,-0.0337791,-0.00965661,0.701934,0.00218285,0.0117366,0.00171077,0.0123328,0.255438,0.00172047,0.216342,1.27402,
35.8228,16.8504,5.34338,0.987607,0.252352,-0.0337664,-0.00962925,0.701939,0.00206812,0.0115974,0.00170531,0.0121768,0.255419,0.00174144,0.216313,1.27393,
35.8234,16.8504,5.34836,0.987612,0.252336,-0.0337538,-0.00960189,0.701945,0.0019534,0.0114583,0.00169986,0.0120208,0.2554,0.00176241,0.216284,1.27384,
35.8239,16.8504,5.35334,0.987617,0.25232,-0.0337412,-0.00957453,0.70195,0.00183868,0.0113191,0.0016944,0.0118649,0.255381,0.00178338,0.216255,1.27374,
35.8244,16.8504,5.35831,0.987622,0.252304,-0.0337285,-0.00954716,0.701955,0.00172395,0.0111799,0.00168894,0.0117089,0.255362,0.00180435,0.216227,1.27365,
35.8249,16.8504,5.36329,0.987628,0.252288,-0.0337159,-0.0095198,0.70196,0.00160923,0.0110407,0.00168348,0.0115529,0.255343,0.00182532,0.216198,1.27355,
35.8255,16.8504,5.36827,0.987633,0.252272,-0.0337032,-0.00949244,0.701965,0.00149451,0.0109016,0.00167802,0.0113969,0.255324,0.00184628,0.216169,1.27346,
35.826,16.8504,5.37325,0.987638,0.252256,-0.0336906,-0.00946508,0.70197,0.00137978,0.0107624,0.00167256,0.0112409,0.255305,0.00186725,0.21614,1.27337,
35.8265,16.8504,5.37822,0.987643,0.25224,-0.0336779,-0.00943772,0.701975,0.00126506,0.0106232,0.00166711,0.011085,0.255286,0.00188822,0.216111,1.27327,
35.8271,16.8504,5.3832,0.987648,0.252224,-0.0336653,-0.00941036,0.70198,0.00115034,0.0104841,0.00166165,0.010929,0.255267,0.00190919,0.216082,1.27318,
35.8276,16.8504,5.38818,0.987653,0.252208,-0.0336526,-0.00938299,0.701985,0.00103561,0.0103449,0.00165619,0.010773,0.255248,0.00193016,0.216054,1.27309,
35.8281,16.8504,5.39315,0.987658,0.252192,-0.03364,-0.00935563,0.70199,0.00092089,0.0102057,0.00165073,0.010617,0.255229,0.00195113,0.216025,1.27299,
35.8286,16.8504,5.39813,0.987664,0.252176,-0.0336274,-0.00932827,0.701996,0.000806167,0.0100665,0.00164527,0.010461,0.25521,0.0019721,0.215996,1.2729,
35.8292,16.8504,5.40311,0.987669,0.252159,-0.0336147,-0.00930091,0.702001,0.000691444,0.00992736,0.00163982,0.0103051,0.255191,0.00199306,0.215967,1.27281,
35.8297,16.8504,5.40808,0.987674,0.252143,-0.0336021,-0.00927355,0.702006,0.00057672,0.00978818,0.00163436,0.0101491,0.255172,0.00201403,0.215938,1.27271,
35.8302,16.8504,5.41306,0.987679,0.252127,-0.0335894,-0.00924618,0.702011,0.000461997,0.00964901,0.0016289,0.00999309,0.255153,0.002035,0.215909,1.27262,
35.8307,16.8504,5.41804,0.987684,0.252111,-0.0335768,-0.00921882,0.702016,0.000347274,0.00950984,0.00162344,0.00983711,0.255134,0.00205597,0.215881,1.27253,
35.8313,16.8504,5.42302,0.987689,0.252095,-0.0335641,-0.00919146,0.702021,0.00023255,0.00937066,0.00161798,0.00968113,0.255115,0.00207694,0.215852,1.27243,
35.8318,16.8504,5.42799,0.987694,0.252079,-0.0335515,-0.0091641,0.702026,0.000117827,0.00923149,0.00161253,0.00952515,0.255096,0.00209791,0.215823,1.27234,
35.8323,16.8504,5.43297,0.9877,0.252063,-0.0335388,-0.00913674,0.702031,3.10385e-06,0.00909232,0.00160707,0.00936917,0.255077,0.00211888,0.215794,1.27225,
35.8329,16.8504,5.43795,0.987705,0.252047,-0.0335262,-0.00910938,0.702036,-0.000111619,0.00895314,0.00160161,0.0092132,0.255058,0.00213984,0.215765,1.27215,
35.8334,16.8504,5.44292,0.98771,0.252031,-0.0335135,-0.00908201,0.702041,-0.000226343,0.00881397,0.00159615,0.00905722,0.255039,0.00216081,0.215736,1.27206,
35.8339,16.8504,5.4479,0.987715,0.252015,-0.0335009,-0.00905465,0.702047,-0.000341066,0.0086748,0.00159069,0.00890124,0.25502,0.00218178,0.215708,1.27197,
35.8344,16.8504,5.45288,0.98772,0.251999,-0.0334883,-0.00902729,0.702052,-0.000455789,0.00853562,0.00158524,0.00874525,0.255001,0.00220275,0.215679,1.27187,
35.835,16.8504,5.45786,0.987725,0.251983,-0.0334756,-0.00899993,0.702057,-0.000570513,0.00839645,0.00157978,0.00858928,0.254982,0.00222372,0.21565,1.27178,
35.8355,16.8504,5.46283,0.98773,0.251967,-0.0334629,-0.0089726,0.702062,-0.000683938,0.00825706,0.00157391,0.00843824,0.254963,0.00224399,0.215621,1.27169,
35.836,16.8504,5.46781,0.987735,0.25195,-0.0334499,-0.00894597,0.702067,-0.000771055,0.00811336,0.00155981,0.00838749,0.254944,0.00225011,0.21559,1.27159,
35.8366,16.8504,5.47279,0.98774,0.251933,-0.0334369,-0.00891934,0.702072,-0.000858173,0.00796966,0.00154571,0.00833673,0.254925,0.00225623,0.215558,1.2715,
35.8371,16.8504,5.47776,0.987745,0.251916,-0.0334239,-0.00889271,0.702077,-0.000945291,0.00782596,0.0015316,0.00828597,0.254905,0.00226236,0.215527,1.2714,
35.8376,16.8504,5.48274,0.98775,0.2519,-0.0334109,-0.00886609,0.702081,-0.00103241,0.00768226,0.0015175,0.00823521,0.254886,0.00226848,0.215496,1.27131,
35.8381,16.8504,5.48772,0.987755,0.251883,-0.0333979,-0.00883946,0.702086,-0.00111953,0.00753856,0.0015034,0.00818446,0.254867,0.0022746,0.215465,1.27121,
35.8387,16.8504,5.49269,0.98776,0.251866,-0.0333848,-0.00881283,0.702091,-0.00120664,0.00739486,0.00148929,0.0081337,0.254848,0.00228072,0.215433,1.27112,
35.8392,16.8504,5.49767,0.987765,0.25185,-0.0333718,-0.0087862,0.702096,-0.00129376,0.00725116,0.00147519,0.00808294,0.254828,0.00228685,0.215402,1.27102,
35.8397,16.8504,5.50265,0.98777,0.251833,-0.0333588,-0.00875918,0.702101,-0.00138019,0.00710921,0.0014628,0.00803793,0.254809,0.00229273,0.215371,1.27093,
35.8403,16.8504,5.50763,0.987775,0.251816,-0.0333459,-0.00873199,0.702106,-0.00146632,0.00696805,0.00145117,0.00799551,0.25479,0.00229852,0.21534,1.27083,
35.8408,16.8504,5.5126,0.98778,0.2518,-0.0333329,-0.0087048,0.702111,-0.00155244,0.00682689,0.00143955,0.00795309,0.25477,0.0023043,0.215309,1.27074,
35.8413,16.8504,5.51758,0.987785,0.251783,-0.0333199,-0.00867761,0.702116,-0.00163856,0.00668573,0.00142793,0.00791067,0.254751,0.00231009,0.215278,1.27064,
35.8418,16.8504,5.52256,0.98779,0.251767,-0.0333069,-0.00865042,0.702121,-0.00172469,0.00654457,0.00141631,0.00786825,0.254732,0.00231587,0.215248,1.27055,
35.8424,16.8504,5.52753,0.987795,0.25175,-0.0332939,-0.00862323,0.702125,-0.00181081,0.00640341,0.00140469,0.00782583,0.254712,0.00232166,0.215217,1.27045,
35.8429,16.8504,5.53251,0.9878,0.251733,-0.033281,-0.00859604,0.70213,-0.00189693,0.00626225,0.00139307,0.00778341,0.254693,0.00232744,0.215186,1.27036,
35.8434,16.8504,5.53749,0.987805,0.251717,-0.033268,-0.00856884,0.702135,-0.00198306,0.00612109,0.00138145,0.00774099,0.254674,0.00233322,0.215155,1.27026,
35.844,16.8504,5.54247,0.98781,0.2517,-0.033255,-0.00854165,0.70214,-0.00206918,0.00597993,0.00136983,0.00769857,0.254654,0.00233901,0.215124,1.27017,
35.8445,16.8504,5.54744,0.987815,0.251684,-0.033242,-0.00851446,0.702145,-0.00215531,0.00583877,0.00135821,0.00765615,0.254635,0.00234479,0.215093,1.27007,
35.845,16.8504,5.55242,0.98782,0.251667,-0.033229,-0.00848727,0.70215,-0.00224143,0.00569761,0.00134659,0.00761373,0.254616,0.00235058,0.215062,1.26998,
35.8455,16.8504,5.5574,0.987824,0.25165,-0.033216,-0.00846008,0.702155,-0.00232755,0.00555645,0.00133497,0.00757131,0.254596,0.00235636,0.215032,1.26988,
35.8461,16.8504,5.56237,0.987829,0.251634,-0.0332031,-0.00843289,0.70216,-0.00241368,0.00541529,0.00132335,0.00752889,0.254577,0.00236215,0.215001,1.26978,
35.8466,16.8504,5.56735,0.987834,0.251617,-0.0331901,-0.0084057,0.702164,-0.0024998,0.00527413,0.00131173,0.00748647,0.254558,0.00236793,0.21497,1.26969,
35.8471,16.8504,5.57233,0.987839,0.251601,-0.0331771,-0.0083785,0.702169,-0.00258592,0.00513297,0.00130011,0.00744405,0.254538,0.00237371,0.214939,1.26959,
35.8477,16.8504,5.5773,0.987844,0.251584,-0.0331641,-0.00835131,0.702174,-0.00267205,0.00499181,0.00128848,0.00740163,0.254519,0.0023795,0.214908,1.2695,
35.8482,16.8504,5.58228,0.987849,0.251567,-0.0331511,-0.00832412,0.702179,-0.00275817,0.00485065,0.00127686,0.00735921,0.2545,0.00238528,0.214877,1.2694,
35.8487,16.8504,5.58726,0.987854,0.251551,-0.0331382,-0.00829693,0.702184,-0.00284429,0.00470949,0.00126524,0.00731679,0.25448,0.00239107,0.214847,1.26931,
35.8492,16.8504,5.59224,0.987859,0.251534,-0.0331252,-0.00826974,0.702189,-0.00293042,0.00456833,0.00125362,0.00727437,0.254461,0.00239685,0.214816,1.26921,
35.8498,16.8504,5.59721,0.987864,0.251518,-0.0331122,-0.00824255,0.702194,-0.00301654,0.00442717,0.001242,0.00723195,0.254442,0.00240264,0.214785,1.26912,
35.8503,16.8504,5.60219,0.987869,0.251501,-0.0330992,-0.00821536,0.702199,-0.00310266,0.00428601,0.00123038,0.00718953,0.254422,0.00240842,0.214754,1.26902,
35.8508,16.8504,5.60717,0.987874,0.251484,-0.0330862,-0.00818817,0.702204,-0.00318879,0.00414485,0.00121876,0.00714711,0.254403,0.0024142,0.214723,1.26893,
35.8513,16.8504,5.61214,0.987879,0.251468,-0.0330733,-0.00816097,0.702208,-0.00327491,0.00400369,0.00120714,0.00710469,0.254384,0.00241999,0.214692,1.26883,
35.8519,16.8504,5.61712,0.987884,0.251451,-0.0330603,-0.00813378,0.702213,-0.00336103,0.00386253,0.00119552,0.00706227,0.254364,0.00242577,0.214661,1.26874,
35.8524,16.8504,5.6221,0.987889,0.251435,-0.0330473,-0.00810659,0.702218,-0.00344716,0.00372137,0.0011839,0.00701985,0.254345,0.00243156,0.214631,1.26864,
35.8529,16.8504,5.62708,0.987894,0.251418,-0.0330343,-0.0080794,0.702223,-0.00353328,0.00358021,0.00117228,0.00697743,0.254326,0.00243734,0.2146,1.26855,
35.8535,16.8504,5.63205,0.987899,0.251401,-0.0330213,-0.00805221,0.702228,-0.0036194,0.00343905,0.00116066,0.00693501,0.254306,0.00244313,0.214569,1.26845,
35.854,16.8504,5.63703,0.987904,0.251385,-0.0330083,-0.00802502,0.702233,-0.00370553,0.00329789,0.00114904,0.00689259,0.254287,0.00244891,0.214538,1.26836,
35.8545,16.8504,5.64201,0.987909,0.251368,-0.0329954,-0.00799783,0.702238,-0.00379165,0.00315673,0.00113741,0.00685017,0.254268,0.00245469,0.214507,1.26826,
35.855,16.8504,5.64698,0.987914,0.251352,-0.0329824,-0.00797064,0.702243,-0.00387777,0.00301557,0.00112579,0.00680775,0.254248,0.00246048,0.214476,1.26817,
35.8556,16.8504,5.65196,0.987918,0.251335,-0.0329694,-0.00794344,0.702248,-0.0039639,0.00287441,0.00111417,0.00676533,0.254229,0.00246626,0.214445,1.26807,
35.8561,16.8504,5.65694,0.987923,0.251318,-0.0329564,-0.00791625,0.702252,-0.00405002,0.00273325,0.00110255,0.00672291,0.25421,0.00247205,0.214415,1.26798,
35.8566,16.8504,5.66191,0.987928,0.251302,-0.0329434,-0.00788906,0.702257,-0.00413614,0.00259209,0.00109093,0.00668049,0.25419,0.00247783,0.214384,1.26788,
35.8572,16.8504,5.66689,0.987933,0.251285,-0.0329305,-0.00786187,0.702262,-0.00422227,0.00245093,0.00107931,0.00663807,0.254171,0.00248362,0.214353,1.26779,
35.8577,16.8504,5.67187,0.987938,0.251269,-0.0329175,-0.00783468,0.702267,-0.00430839,0.00230977,0.00106769,0.00659565,0.254152,0.0024894,0.214322,1.26769,
35.8582,16.8504,5.67685,0.987943,0.251252,-0.0329045,-0.00780749,0.702272,-0.00439451,0.00216861,0.00105607,0.00655323,0.254132,0.00249519,0.214291,1.2676,
35.8587,16.8504,5.68182,0.987948,0.251235,-0.0328915,-0.0077803,0.702277,-0.00448064,0.00202745,0.00104445,0.00651081,0.254113,0.00250097,0.21426,1.2675,
35.8593,16.8504,5.6868,0.987953,0.251219,-0.0328785,-0.00775311,0.702282,-0.00456676,0.00188629,0.00103283,0.00646838,0.254094,0.00250675,0.214229,1.26741,
35.8598,16.8504,5.69178,0.987958,0.251202,-0.0328655,-0.00772591,0.702287,-0.00465288,0.00174513,0.00102121,0.00642597,0.254074,0.00251254,0.214199,1.26731,
35.8603,16.8504,5.69675,0.987963,0.251186,-0.0328526,-0.00769872,0.702291,-0.00473901,0.00160397,0.00100959,0.00638354,0.254055,0.00251832,0.214168,1.26722,
35.8609,16.8504,5.70173,0.987968,0.251169,-0.0328396,-0.00767153,0.702296,-0.00482513,0.00146281,0.000997966,0.00634112,0.254036,0.00252411,0.214137,1.26712,
35.8614,16.8504,5.70671,0.987973,0.251152,-0.0328266,-0.00764434,0.702301,-0.00491126,0.00132165,0.000986345,0.0062987,0.254016,0.00252989,0.214106,1.26702,
35.8619,16.8504,5.71169,0.987978,0.251136,-0.0328136,-0.00761715,0.702306,-0.00499738,0.00118049,0.000974725,0.00625628,0.253997,0.00253567,0.214075,1.26693,
35.8624,16.8504,5.71666,0.987983,0.251119,-0.0328006,-0.00758996,0.702311,-0.0050835,0.00103933,0.000963104,0.00621386,0.253978,0.00254146,0.214044,1.26683,
35.863,16.8504,5.72164,0.987988,0.251103,-0.0327877,-0.00756277,0.702316,-0.00516963,0.000898167,0.000951483,0.00617144,0.253959,0.00254724,0.214013,1.26674,
35.8635,16.8504,5.72662,0.987993,0.251086,-0.0327747,-0.00753557,0.702321,-0.00525575,0.000757007,0.000939862,0.00612902,0.253939,0.00255303,0.213983,1.26664,
35.864,16.8504,5.73159,0.987998,0.251069,-0.0327617,-0.00750838,0.702326,-0.00534187,0.000615847,0.000928242,0.0060866,0.25392,0.00255881,0.213952,1.26655,
35.8646,16.8504,5.73657,0.988003,0.251053,-0.0327487,-0.00748119,0.70233,-0.005428,0.000474687,0.000916621,0.00604418,0.253901,0.0025646,0.213921,1.26645,
35.8651,16.8504,5.74155,0.988008,0.251036,-0.0327357,-0.007454,0.702335,-0.00551412,0.000333527,0.000905,0.00600176,0.253881,0.00257038,0.21389,1.26636,
35.8656,16.8504,5.74652,0.988012,0.25102,-0.0327228,-0.00742681,0.70234,-0.00560024,0.000192367,0.000893379,0.00595934,0.253862,0.00257617,0.213859,1.26626,
35.8661,16.8504,5.7515,0.988017,0.251003,-0.0327098,-0.00739962,0.702345,-0.00568637,5.12071e-05,0.000881759,0.00591692,0.253843,0.00258195,0.213828,1.26617,
35.8667,16.8504,5.75648,0.988022,0.250986,-0.0326968,-0.00737243,0.70235,-0.00577249,-8.9953e-05,0.000870138,0.0058745,0.253823,0.00258773,0.213797,1.26607,
35.8672,16.8504,5.76146,0.988027,0.250969,-0.0326837,-0.00734581,0.702355,-0.00582651,-0.000222221,0.00085133,0.00592969,0.253804,0.0025833,0.213778,1.26598,
35.8677,16.8504,5.76643,0.988032,0.250952,-0.0326706,-0.00731938,0.702359,-0.00586799,-0.00035087,0.000829861,0.00602271,0.253784,0.00257489,0.213763,1.26588,
35.8683,16.8504,5.77141,0.988037,0.250935,-0.0326575,-0.00729245,0.702364,-0.00590886,-0.000476796,0.000810803,0.00611263,0.253764,0.0025665,0.213748,1.26578,
35.8688,16.8504,5.77639,0.988042,0.250918,-0.0326445,-0.00726551,0.702369,-0.00594972,-0.000602721,0.000791745,0.00620255,0.253745,0.00255812,0.213734,1.26569,
35.8693,16.8504,5.78136,0.988046,0.250901,-0.0326314,-0.00723857,0.702373,-0.00599059,-0.000728647,0.000772688,0.00629247,0.253725,0.00254973,0.213719,1.26559,
35.8698,16.8504,5.78634,0.988051,0.250884,-0.0326184,-0.00721164,0.702378,-0.00603146,-0.000854572,0.00075363,0.00638239,0.253706,0.00254134,0.213704,1.26549,
35.8704,16.8504,5.79132,0.988056,0.250866,-0.0326053,-0.0071847,0.702383,-0.00607233,-0.000980498,0.000734572,0.00647231,0.253686,0.00253295,0.21369,1.2654,
35.8709,16.8504,5.7963,0.98806,0.250849,-0.0325923,-0.00715776,0.702387,-0.00611319,-0.00110642,0.000715514,0.00656223,0.253666,0.00252456,0.213675,1.2653,
35.8714,16.8504,5.80127,0.988065,0.250832,-0.0325792,-0.00713083,0.702392,-0.00615406,-0.00123235,0.000696456,0.00665215,0.253647,0.00251618,0.213661,1.2652,
35.8719,16.8504,5.80625,0.98807,0.250815,-0.0325662,-0.00710389,0.702397,-0.00619493,-0.00135827,0.000677399,0.00674207,0.253627,0.00250779,0.213646,1.26511,
35.8725,16.8504,5.81123,0.988075,0.250798,-0.0325531,-0.00707695,0.702401,-0.00623579,-0.0014842,0.000658341,0.00683199,0.253607,0.0024994,0.213631,1.26501,
35.873,16.8504,5.8162,0.988079,0.250781,-0.0325401,-0.00705002,0.702406,-0.00627666,-0.00161013,0.000639283,0.00692191,0.253588,0.00249101,0.213617,1.26491,
35.8735,16.8504,5.82118,0.988084,0.250764,-0.032527,-0.00702308,0.702411,-0.00631753,-0.00173605,0.000620225,0.00701183,0.253568,0.00248262,0.213602,1.26482,
35.8741,16.8504,5.82616,0.988089,0.250747,-0.032514,-0.00699614,0.702415,-0.00635839,-0.00186198,0.000601167,0.00710175,0.253549,0.00247424,0.213588,1.26472,
35.8746,16.8504,5.83113,0.988094,0.25073,-0.0325009,-0.00696921,0.70242,-0.00639926,-0.0019879,0.00058211,0.00719168,0.253529,0.00246585,0.213573,1.26462,
35.8751,16.8504,5.83611,0.988098,0.250712,-0.0324879,-0.00694227,0.702425,-0.00644013,-0.00211383,0.000563052,0.0072816,0.253509,0.00245746,0.213558,1.26453,
35.8756,16.8504,5.84109,0.988103,0.250695,-0.0324748,-0.00691533,0.702429,-0.00648099,-0.00223975,0.000543994,0.00737152,0.25349,0.00244907,0.213544,1.26443,
35.8762,16.8504,5.84607,0.988108,0.250678,-0.0324618,-0.00688841,0.702434,-0.00652188,-0.00236581,0.000524844,0.00746155,0.25347,0.00244068,0.213529,1.26433,
35.8767,16.8504,5.85104,0.988113,0.250661,-0.0324487,-0.00686151,0.702439,-0.00656281,-0.00249211,0.000505528,0.0075518,0.25345,0.00243229,0.213515,1.26424,
35.8772,16.8504,5.85602,0.988117,0.250644,-0.0324356,-0.00683462,0.702443,-0.00660374,-0.0026184,0.000486212,0.00764205,0.253431,0.00242389,0.2135,1.26414,
35.8778,16.8504,5.861,0.988122,0.250627,-0.0324225,-0.00680772,0.702448,-0.00664467,-0.00274469,0.000466896,0.00773229,0.253411,0.0024155,0.213485,1.26404,
35.8783,16.8504,5.86597,0.988127,0.25061,-0.0324095,-0.00678082,0.702453,-0.0066856,-0.00287099,0.00044758,0.00782254,0.253391,0.0024071,0.213471,1.26394,
35.8788,16.8504,5.87095,0.988132,0.250592,-0.0323964,-0.00675392,0.702457,-0.00672653,-0.00299728,0.000428263,0.00791279,0.253372,0.0023987,0.213456,1.26385,
35.8793,16.8504,5.87593,0.988136,0.250575,-0.0323833,-0.00672702,0.702462,-0.00676746,-0.00312358,0.000408947,0.00800303,0.253352,0.00239031,0.213441,1.26375,
35.8799,16.8504,5.88091,0.988141,0.250558,-0.0323702,-0.00670013,0.702467,-0.00680839,-0.00324987,0.000389631,0.00809328,0.253332,0.00238191,0.213427,1.26365,
35.8804,16.8504,5.88588,0.988146,0.250541,-0.0323571,-0.00667323,0.702471,-0.00684932,-0.00337617,0.000370315,0.00818353,0.253313,0.00237352,0.213412,1.26356,
35.8809,16.8504,5.89086,0.988151,0.250524,-0.0323441,-0.00664633,0.702476,-0.00689025,-0.00350246,0.000350999,0.00827377,0.253293,0.00236512,0.213397,1.26346,
35.8815,16.8504,5.89584,0.988155,0.250507,-0.032331,-0.00661943,0.702481,-0.00693118,-0.00362876,0.000331683,0.00836402,0.253273,0.00235672,0.213383,1.26336,
35.882,16.8504,5.90081,0.98816,0.250489,-0.0323179,-0.00659253,0.702485,-0.00697211,-0.00375505,0.000312367,0.00845427,0.253254,0.00234833,0.213368,1.26327,
35.8825,16.8504,5.90579,0.988165,0.250472,-0.0323048,-0.00656564,0.70249,-0.00701304,-0.00388135,0.000293051,0.00854451,0.253234,0.00233993,0.213353,1.26317,
35.883,16.8504,5.91077,0.98817,0.250455,-0.0322917,-0.00653874,0.702495,-0.00705397,-0.00400764,0.000273735,0.00863476,0.253214,0.00233154,0.213339,1.26307,
35.8836,16.8504,5.91574,0.988174,0.250438,-0.0322787,-0.00651184,0.7025,-0.0070949,-0.00413394,0.000254418,0.00872501,0.253195,0.00232314,0.213324,1.26298,
35.8841,16.8504,5.92072,0.988179,0.250421,-0.0322656,-0.00648494,0.702504,-0.00713583,-0.00426023,0.000235102,0.00881525,0.253175,0.00231475,0.21331,1.26288,
35.8846,16.8504,5.9257,0.988184,0.250404,-0.0322525,-0.00645805,0.702509,-0.00717676,-0.00438653,0.000215786,0.0089055,0.253155,0.00230635,0.213295,1.26278,
35.8852,16.8504,5.93068,0.988189,0.250386,-0.0322394,-0.00643115,0.702514,-0.00721769,-0.00451282,0.00019647,0.00899575,0.253136,0.00229795,0.21328,1.26268,
35.8857,16.8504,5.93565,0.988193,0.250369,-0.0322264,-0.00640425,0.702518,-0.00725862,-0.00463912,0.000177154,0.00908599,0.253116,0.00228956,0.213266,1.26259,
35.8862,16.8504,5.94063,0.988198,0.250352,-0.0322133,-0.00637735,0.702523,-0.00729955,-0.00476541,0.000157838,0.00917624,0.253096,0.00228116,0.213251,1.26249,
35.8867,16.8504,5.94561,0.988203,0.250335,-0.0322002,-0.00635045,0.702528,-0.00734047,-0.00489171,0.000138522,0.00926649,0.253077,0.00227277,0.213236,1.26239,
35.8873,16.8504,5.95058,0.988208,0.250318,-0.0321871,-0.00632356,0.702532,-0.0073814,-0.005018,0.000119206,0.00935673,0.253057,0.00226437,0.213222,1.2623,
35.8878,16.8504,5.95556,0.988212,0.250301,-0.032174,-0.00629666,0.702537,-0.00742233,-0.00514429,9.98895e-05,0.00944698,0.253038,0.00225598,0.213207,1.2622,
35.8883,16.8504,5.96054,0.988217,0.250283,-0.032161,-0.00626976,0.702542,-0.00746326,-0.00527059,8.05733e-05,0.00953723,0.253018,0.00224758,0.213192,1.2621,
35.8888,16.8504,5.96552,0.988222,0.250266,-0.0321479,-0.00624286,0.702546,-0.00750419,-0.00539688,6.12572e-05,0.00962747,0.252998,0.00223918,0.213178,1.26201,
35.8894,16.8504,5.97049,0.988227,0.250249,-0.0321348,-0.00621596,0.702551,-0.00754512,-0.00552318,4.19411e-05,0.00971772,0.252979,0.00223079,0.213163,1.26191,
35.8899,16.8504,5.97547,0.988231,0.250232,-0.0321217,-0.00618907,0.702556,-0.00758605,-0.00564947,2.2625e-05,0.00980797,0.252959,0.00222239,0.213148,1.26181,
35.8904,16.8504,5.98045,0.988236,0.250215,-0.0321086,-0.00616217,0.70256,-0.00762698,-0.00577577,3.30887e-06,0.00989821,0.252939,0.002214,0.213134,1.26172,
35.891,16.8504,5.98542,0.988241,0.250198,-0.0320956,-0.00613527,0.702565,-0.00766791,-0.00590206,-1.60072e-05,0.00998846,0.25292,0.0022056,0.213119,1.26162,
35.8915,16.8504,5.9904,0.988246,0.25018,-0.0320825,-0.00610837,0.70257,-0.00770884,-0.00602836,-3.53234e-05,0.0100787,0.2529,0.0021972,0.213104,1.26152,
35.892,16.8504,5.99538,0.98825,0.250163,-0.0320694,-0.00608148,0.702574,-0.00774977,-0.00615465,-5.46395e-05,0.010169,0.25288,0.00218881,0.21309,1.26143,
35.8925,16.8504,6.00035,0.988255,0.250146,-0.0320563,-0.00605458,0.702579,-0.0077907,-0.00628095,-7.39556e-05,0.0102592,0.252861,0.00218041,0.213075,1.26133,
35.8931,16.8504,6.00533,0.98826,0.250129,-0.0320433,-0.00602768,0.702584,-0.00783163,-0.00640724,-9.32717e-05,0.0103494,0.252841,0.00217202,0.21306,1.26123,
35.8936,16.8504,6.01031,0.988265,0.250112,-0.0320302,-0.00600078,0.702588,-0.00787256,-0.00653354,-0.000112588,0.0104397,0.252821,0.00216362,0.213046,1.26113,
35.8941,16.8504,6.01529,0.98827,0.250095,-0.0320171,-0.00597388,0.702593,-0.00791349,-0.00665983,-0.000131904,0.0105299,0.252802,0.00215523,0.213031,1.26104,
35.8947,16.8504,6.02026,0.988274,0.250077,-0.032004,-0.00594699,0.702598,-0.00795442,-0.00678613,-0.00015122,0.0106202,0.252782,0.00214683,0.213016,1.26094,
35.8952,16.8504,6.02524,0.988279,0.25006,-0.0319909,-0.00592009,0.702602,-0.00799535,-0.00691242,-0.000170536,0.0107104,0.252762,0.00213843,0.213002,1.26084,
35.8957,16.8504,6.03022,0.988284,0.250043,-0.0319779,-0.00589319,0.702607,-0.00803628,-0.00703872,-0.000189852,0.0108007,0.252743,0.00213004,0.212987,1.26075,
35.8962,16.8504,6.03519,0.988288,0.250026,-0.0319648,-0.00586605,0.702612,-0.00807691,-0.00716376,-0.000208051,0.0108898,0.252723,0.00212162,0.212973,1.26065,
35.8968,16.8504,6.04017,0.988293,0.250009,-0.0319518,-0.00583858,0.702616,-0.00811712,-0.00728705,-0.000224695,0.0109774,0.252703,0.00211316,0.212959,1.26055,
35.8973,16.8504,6.04515,0.988298,0.249992,-0.0319389,-0.00581111,0.702621,-0.00815733,-0.00741035,-0.00024134,0.0110651,0.252684,0.00210471,0.212945,1.26046,
35.8978,16.8504,6.05013,0.988303,0.249975,-0.0319259,-0.00578363,0.702626,-0.00819754,-0.00753364,-0.000257985,0.0111527,0.252664,0.00209625,0.212931,1.26036,
35.8984,16.8504,6.0551,0.988307,0.249958,-0.0319129,-0.00575651,0.70263,-0.00822212,-0.00764704,-0.000278037,0.0112367,0.252645,0.00208354,0.212925,1.26026,
35.8989,16.8504,6.06008,0.988312,0.24994,-0.0319001,-0.00572994,0.702635,-0.0082225,-0.00774511,-0.000303367,0.0113154,0.252625,0.00206422,0.212932,1.26017,
35.8994,16.8504,6.06506,0.988316,0.249923,-0.0318873,-0.00570336,0.702639,-0.00822288,-0.00784318,-0.000328696,0.011394,0.252605,0.00204491,0.212939,1.26007,
35.8999,16.8504,6.07003,0.988321,0.249905,-0.0318745,-0.00567679,0.702644,-0.00822326,-0.00794125,-0.000354026,0.0114726,0.252585,0.0020256,0.212946,1.25997,
35.9005,16.8504,6.07501,0.988325,0.249888,-0.0318617,-0.00565021,0.702648,-0.00822365,-0.00803932,-0.000379356,0.0115512,0.252566,0.00200628,0.212953,1.25987,
35.901,16.8504,6.07999,0.98833,0.24987,-0.0318489,-0.00562364,0.702653,-0.00822403,-0.00813739,-0.000404686,0.0116298,0.252546,0.00198697,0.21296,1.25978,
35.9015,16.8504,6.08496,0.988334,0.249853,-0.0318361,-0.00559706,0.702657,-0.00822441,-0.00823546,-0.000430016,0.0117084,0.252526,0.00196766,0.212967,1.25968,
35.9021,16.8504,6.08994,0.988339,0.249835,-0.0318233,-0.00557049,0.702661,-0.00822479,-0.00833353,-0.000455345,0.011787,0.252506,0.00194834,0.212974,1.25958,
35.9026,16.8504,6.09492,0.988344,0.249818,-0.0318105,-0.00554391,0.702666,-0.00822517,-0.0084316,-0.000480675,0.0118657,0.252487,0.00192903,0.212981,1.25948,
35.9031,16.8504,6.0999,0.988348,0.2498,-0.0317977,-0.00551734,0.70267,-0.00822555,-0.00852967,-0.000506005,0.0119443,0.252467,0.00190972,0.212988,1.25939,
35.9036,16.8504,6.10487,0.988353,0.249783,-0.0317849,-0.00549076,0.702675,-0.00822593,-0.00862774,-0.000531335,0.0120229,0.252447,0.0018904,0.212995,1.25929,
35.9042,16.8504,6.10985,0.988357,0.249765,-0.0317721,-0.00546419,0.702679,-0.00822631,-0.00872581,-0.000556664,0.0121015,0.252427,0.00187109,0.213002,1.25919,
35.9047,16.8504,6.11483,0.988362,0.249748,-0.0317592,-0.00543761,0.702684,-0.00822669,-0.00882388,-0.000581994,0.0121801,0.252408,0.00185177,0.213009,1.25909,
35.9052,16.8504,6.1198,0.988366,0.24973,-0.0317464,-0.00541104,0.702688,-0.00822707,-0.00892195,-0.000607324,0.0122587,0.252388,0.00183246,0.213016,1.259,
35.9058,16.8504,6.12478,0.988371,0.249713,-0.0317336,-0.00538446,0.702693,-0.00822745,-0.00902002,-0.000632654,0.0123373,0.252368,0.00181315,0.213023,1.2589,
35.9063,16.8504,6.12976,0.988375,0.249695,-0.0317208,-0.00535789,0.702697,-0.00822784,-0.00911809,-0.000657984,0.012416,0.252348,0.00179383,0.21303,1.2588,
35.9068,16.8504,6.13474,0.98838,0.249678,-0.031708,-0.00533131,0.702702,-0.00822822,-0.00921616,-0.000683313,0.0124946,0.252329,0.00177452,0.213037,1.25871,
35.9073,16.8504,6.13971,0.988384,0.24966,-0.0316952,-0.00530474,0.702706,-0.0082286,-0.00931423,-0.000708643,0.0125732,0.252309,0.00175521,0.213044,1.25861,
35.9079,16.8504,6.14469,0.988389,0.249643,-0.0316824,-0.00527816,0.702711,-0.00822898,-0.0094123,-0.000733973,0.0126518,0.252289,0.00173589,0.213051,1.25851,
35.9084,16.8504,6.14967,0.988393,0.249625,-0.0316696,-0.00525159,0.702715,-0.00822936,-0.00951037,-0.000759303,0.0127304,0.252269,0.00171658,0.213058,1.25841,
35.9089,16.8504,6.15464,0.988398,0.249608,-0.0316568,-0.00522501,0.70272,-0.00822974,-0.00960843,-0.000784632,0.012809,0.25225,0.00169727,0.213065,1.25832,
35.9094,16.8504,6.15962,0.988402,0.24959,-0.031644,-0.00519844,0.702724,-0.00823012,-0.0097065,-0.000809962,0.0128876,0.25223,0.00167795,0.213072,1.25822,
35.91,16.8504,6.1646,0.988407,0.249573,-0.0316312,-0.00517186,0.702728,-0.0082305,-0.00980457,-0.000835292,0.0129663,0.25221,0.00165864,0.213079,1.25812,
35.9105,16.8504,6.16957,0.988412,0.249555,-0.0316184,-0.00514529,0.702733,-0.00823088,-0.00990264,-0.000860622,0.0130449,0.25219,0.00163932,0.213086,1.25802,
35.911,16.8504,6.17455,0.988416,0.249538,-0.0316055,-0.00511871,0.702737,-0.00823126,-0.0100007,-0.000885952,0.0131235,0.252171,0.00162001,0.213093,1.25793,
35.9116,16.8504,6.17953,0.988421,0.24952,-0.0315927,-0.00509214,0.702742,-0.00823164,-0.0100988,-0.000911281,0.0132021,0.252151,0.0016007,0.2131,1.25783,
35.9121,16.8504,6.18451,0.988425,0.249503,-0.0315799,-0.00506556,0.702746,-0.00823202,-0.0101969,-0.000936611,0.0132807,0.252131,0.00158138,0.213107,1.25773,
35.9126,16.8504,6.18948,0.98843,0.249485,-0.0315671,-0.00503899,0.702751,-0.00823241,-0.0102949,-0.000961941,0.0133593,0.252111,0.00156207,0.213113,1.25763,
35.9131,16.8504,6.19446,0.988434,0.249468,-0.0315543,-0.00501241,0.702755,-0.00823279,-0.010393,-0.000987271,0.0134379,0.252092,0.00154276,0.21312,1.25754,
35.9137,16.8504,6.19944,0.988439,0.24945,-0.0315415,-0.00498584,0.70276,-0.00823317,-0.0104911,-0.0010126,0.0135166,0.252072,0.00152344,0.213127,1.25744,
35.9142,16.8504,6.20441,0.988443,0.249433,-0.0315287,-0.00495926,0.702764,-0.00823355,-0.0105891,-0.00103793,0.0135952,0.252052,0.00150413,0.213134,1.25734,
35.9147,16.8504,6.20939,0.988448,0.249415,-0.0315159,-0.00493269,0.702769,-0.00823393,-0.0106872,-0.00106326,0.0136738,0.252032,0.00148482,0.213141,1.25724,
35.9153,16.8504,6.21437,0.988452,0.249398,-0.0315031,-0.00490611,0.702773,-0.00823431,-0.0107853,-0.00108859,0.0137524,0.252013,0.0014655,0.213148,1.25715,
35.9158,16.8504,6.21935,0.988457,0.24938,-0.0314903,-0.00487954,0.702778,-0.00823469,-0.0108833,-0.00111392,0.013831,0.251993,0.00144619,0.213155,1.25705,
35.9163,16.8504,6.22432,0.988461,0.249363,-0.0314775,-0.00485296,0.702782,-0.00823507,-0.0109814,-0.00113925,0.0139096,0.251973,0.00142688,0.213162,1.25695,

