13.2531,16.8504,-0.142238,0.939857,0.068851,-0.00809857,0.045601,0.674521,928.557,3029.07,-832.393,3275.73,0.082783,-2.83456,0.129383,0.414895,
13.2515,16.8504,-0.139672,0.943308,0.142052,-0.0178733,0.0946512,0.674525,122.966,372.848,-97.2598,404.471,0.171538,-2.29794,9.12772,0.858153,
13.25,16.8504,-0.137105,0.944506,0.158162,-0.0205001,0.105703,0.674531,65.8776,188.321,-46.9088,204.952,0.191351,-2.12537,19.0834,0.95667,
13.2484,16.8504,-0.134539,0.945317,0.16796,-0.0223336,0.112553,0.674536,49.5494,135.014,-32.2354,147.39,0.203519,-2.00923,27.6831,1.01707,
13.2468,16.8504,-0.131973,0.945978,0.175463,-0.0238864,0.11788,0.674542,41.1354,107.317,-24.5698,117.528,0.212911,-1.91474,35.5489,1.06364,
13.2453,16.8504,-0.129407,0.946544,0.18155,-0.0252714,0.122269,0.674547,36.301,91.2193,-20.0793,100.211,0.220592,-1.83387,42.71,1.10169,
13.2437,16.8504,-0.126841,0.947056,0.186848,-0.0265659,0.126138,0.674553,33.0423,80.2262,-16.9865,88.4121,0.227322,-1.7607,49.2873,1.135,
13.2422,16.8504,-0.124275,0.947526,0.191504,-0.0277912,0.129587,0.674559,30.854,72.7018,-14.8431,80.3626,0.23328,-1.69372,55.2105,1.16446,
13.2406,16.8504,-0.121708,0.947966,0.195717,-0.0289712,0.132747,0.674565,29.2654,67.1333,-13.239,74.4252,0.238709,-1.63099,60.5176,1.19129,
13.239,16.8504,-0.119142,0.948391,0.199707,-0.0301283,0.135761,0.674571,27.952,62.4678,-11.8848,69.462,0.24387,-1.57039,65.469,1.21678,
13.2375,16.8504,-0.116576,0.948795,0.203348,-0.0312568,0.138553,0.674578,27.0306,59.0938,-10.8875,65.8915,0.248618,-1.51288,69.7492,1.24021,
13.2359,16.8504,-0.11401,0.949191,0.206855,-0.0323707,0.141258,0.674584,26.2157,56.0878,-9.99674,62.7156,0.253207,-1.45664,73.7206,1.26284,
13.2344,16.8504,-0.111444,0.949573,0.210127,-0.0334703,0.143817,0.67459,25.6122,53.7969,-9.3067,60.3083,0.257522,-1.40224,77.08,1.28411,
13.2328,16.8504,-0.108878,0.949952,0.213361,-0.0345611,0.146348,0.674596,25.0238,51.5669,-8.63676,57.9653,0.261789,-1.34836,80.3613,1.30514,
13.2312,16.8504,-0.106312,0.950319,0.21633,-0.0356395,0.148718,0.674602,24.6117,49.9748,-8.15346,56.303,0.265752,-1.29626,82.7297,1.32464,
13.2297,16.8504,-0.103745,0.950685,0.219295,-0.0367145,0.151083,0.674609,24.1988,48.3808,-7.67018,54.6384,0.269708,-1.24432,85.1096,1.34411,
13.2281,16.8504,-0.101179,0.951046,0.222152,-0.0377794,0.153381,0.674615,23.8245,46.9567,-7.24225,53.1517,0.273539,-1.19316,87.0723,1.36295,
13.2266,16.8504,-0.0986131,0.951403,0.224864,-0.0388394,0.155592,0.674621,23.5112,45.7947,-6.89787,51.9403,0.277206,-1.14274,88.3696,1.38096,
13.225,16.8504,-0.096047,0.951758,0.227569,-0.0398948,0.157796,0.674628,23.198,44.6327,-6.5534,50.7286,0.280863,-1.09252,89.6856,1.39893,
13.2234,16.8504,-0.0934808,0.95211,0.230228,-0.0409406,0.159971,0.674634,22.8887,43.5075,-6.22354,49.5535,0.284464,-1.0428,90.8415,1.41661,
13.2219,16.8504,-0.0909147,0.952456,0.232693,-0.0419676,0.162024,0.67464,22.6003,42.5763,-5.97127,48.5729,0.287843,-0.994216,91.0194,1.43318,
13.2203,16.8504,-0.0883485,0.952804,0.235164,-0.0429989,0.164083,0.674646,22.3101,41.6426,-5.71871,47.5892,0.29123,-0.945423,91.1738,1.44979,
13.2188,16.8504,-0.0857823,0.953154,0.237641,-0.0440352,0.166149,0.674653,22.0178,40.7058,-5.4658,46.6018,0.294629,-0.896392,91.3012,1.46645,
13.2172,16.8504,-0.0832162,0.953501,0.240054,-0.0450596,0.168171,0.67466,21.7089,39.7799,-5.228,45.6188,0.297951,-0.847831,91.0849,1.48272,
13.2156,16.8504,-0.08065,0.953844,0.242294,-0.0460528,0.17008,0.674667,21.356,38.8831,-5.03048,44.6474,0.301068,-0.800527,89.9519,1.49796,
13.2141,16.8504,-0.0780839,0.954186,0.244533,-0.047046,0.171989,0.674673,21.0032,37.9863,-4.83295,43.6759,0.304186,-0.753223,88.8189,1.51321,
13.2125,16.8504,-0.0755177,0.954529,0.246772,-0.0480391,0.173898,0.67468,20.6503,37.0896,-4.63543,42.7045,0.307303,-0.705919,87.6859,1.52845,
13.211,16.8504,-0.0729516,0.954869,0.249005,-0.0490274,0.1758,0.674687,20.3038,36.2025,-4.43878,41.7446,0.31041,-0.658877,86.5889,1.54364,
13.2094,16.8504,-0.0703854,0.955202,0.251066,-0.0499671,0.17758,0.674693,19.8376,35.1861,-4.25475,40.6167,0.313305,-0.613613,84.6496,1.55777,
13.2079,16.8504,-0.0678193,0.955532,0.253017,-0.0508762,0.179282,0.6747,19.2934,34.0854,-4.0787,39.3794,0.316065,-0.569458,82.164,1.57123,
13.2063,16.8504,-0.0652531,0.955861,0.254969,-0.0517854,0.180984,0.674707,18.7493,32.9846,-3.90266,38.142,0.318825,-0.525302,79.6785,1.58468,
13.2047,16.8504,-0.062687,0.95619,0.25692,-0.0526945,0.182686,0.674715,18.2052,31.8839,-3.72662,36.9046,0.321585,-0.481146,77.1929,1.59813,
13.2032,16.8504,-0.0601208,0.95652,0.258872,-0.0536037,0.184388,0.674722,17.6611,30.7831,-3.55058,35.6673,0.324345,-0.43699,74.7073,1.61159,
13.2016,16.8504,-0.0575547,0.95685,0.26082,-0.0545119,0.186087,0.674729,17.1039,29.6624,-3.37311,34.4061,0.3271,-0.392832,72.184,1.62501,
13.2001,16.8504,-0.0549885,0.957142,0.262327,-0.0552365,0.187434,0.674737,16.1261,27.9315,-3.16732,32.4076,0.329267,-0.356432,68.3157,1.63553,
13.1985,16.8504,-0.0524224,0.957435,0.263833,-0.0559611,0.18878,0.674744,15.1483,26.2006,-2.96153,30.4091,0.331433,-0.320031,64.4474,1.64605,
13.1969,16.8504,-0.0498562,0.957728,0.26534,-0.0566857,0.190127,0.674752,14.1705,24.4696,-2.75574,28.4106,0.3336,-0.283631,60.5791,1.65656,
13.1954,16.8504,-0.04729,0.958021,0.266847,-0.0574103,0.191474,0.67476,13.1927,22.7386,-2.54994,26.4121,0.335767,-0.247053,56.7096,1.66708,
13.1938,16.8504,-0.0447239,0.958314,0.268349,-0.0581329,0.192816,0.674768,12.2036,20.9897,-2.34256,24.3924,0.33793,-0.210093,52.8149,1.67757,
13.1923,16.8504,-0.0421577,0.958607,0.269843,-0.058852,0.194151,0.674776,11.1944,19.2091,-2.13239,22.335,0.34008,-0.1737,48.8833,1.688,
13.1907,16.8504,-0.0395916,0.958854,0.271067,-0.0594393,0.195252,0.674782,10.2143,17.4958,-1.93423,20.3514,0.341847,-0.143663,44.9664,1.69657,
13.1891,16.8504,-0.0370254,0.958992,0.271649,-0.0597141,0.195797,0.674784,9.30311,15.9426,-1.76455,18.5426,0.342705,-0.128698,41.0845,1.7007,
13.1876,16.8504,-0.0344593,0.959131,0.272244,-0.0599955,0.196355,0.674786,8.39079,14.3868,-1.59449,16.7311,0.343582,-0.113428,37.1828,1.70493,
13.186,16.8504,-0.0318931,0.959276,0.272867,-0.0602915,0.19694,0.674786,7.47602,12.8257,-1.4236,14.9136,0.344502,-0.0974884,33.2373,1.70937,
13.1845,16.8504,-0.029327,0.95942,0.273491,-0.0605874,0.197524,0.674787,6.56125,11.2645,-1.25271,13.0962,0.345421,-0.0815482,29.2918,1.7138,
13.1829,16.8504,-0.0267608,0.959564,0.274115,-0.0608834,0.198109,0.674788,5.64648,9.70338,-1.08182,11.2787,0.346341,-0.0656081,25.3463,1.71824,
13.1813,16.8504,-0.0241947,0.959709,0.274739,-0.0611793,0.198694,0.674789,4.73171,8.14223,-0.910935,9.46125,0.34726,-0.049668,21.4008,1.72267,
13.1798,16.8504,-0.0216285,0.959853,0.275362,-0.0614753,0.199278,0.67479,3.81693,6.58108,-0.740046,7.64378,0.34818,-0.0337279,17.4554,1.72711,
13.1782,16.8504,-0.0190624,0.959967,0.275839,-0.061698,0.199731,0.674792,3.04869,5.27014,-0.596643,6.11794,0.348885,-0.0214151,14.1395,1.73051,
13.1767,16.8504,-0.0164962,0.959984,0.275843,-0.0616867,0.199763,0.674798,2.74936,4.75997,-0.541205,5.52536,0.348907,-0.0207105,12.8386,1.73061,
13.1751,16.8504,-0.0139301,0.960003,0.275859,-0.0616816,0.199809,0.674803,2.43021,4.21647,-0.48222,4.89302,0.348947,-0.019737,11.4176,1.7308,
13.1735,16.8504,-0.0113639,0.960021,0.275876,-0.0616773,0.199856,0.674807,2.1089,3.66934,-0.422848,4.25636,0.34899,-0.0187342,9.98356,1.731,
13.172,16.8504,-0.00879775,0.96004,0.275894,-0.061673,0.199902,0.674812,1.78758,3.12221,-0.363477,3.6197,0.349033,-0.0177314,8.54949,1.7312,
13.1704,16.8504,-0.0062316,0.960059,0.275911,-0.0616686,0.199949,0.674817,1.46627,2.57507,-0.304105,2.98304,0.349075,-0.0167287,7.11543,1.7314,
13.1689,16.8504,-0.00366544,0.960077,0.275929,-0.0616643,0.199996,0.674821,1.14496,2.02794,-0.244734,2.34638,0.349118,-0.0157259,5.68137,1.7316,
13.1673,16.8504,-0.00109929,0.960096,0.275946,-0.0616599,0.200043,0.674826,0.823654,1.48081,-0.185363,1.70972,0.349161,-0.0147231,4.2473,1.7318,
13.1657,16.8504,0.00146686,0.960115,0.275964,-0.0616556,0.20009,0.674831,0.502343,0.933679,-0.125991,1.07306,0.349204,-0.0137204,2.81324,1.732,
13.1642,16.8504,0.00403301,0.960133,0.275981,-0.0616512,0.200137,0.674836,0.181033,0.386547,-0.06662,0.436395,0.349246,-0.0127176,1.37918,1.7322,
13.1626,16.8504,0.00659917,0.960143,0.275968,-0.0616337,0.200154,0.674841,0.0367821,0.13851,-0.0390133,0.16252,0.349243,-0.0124912,0.734282,1.73219,
13.1611,16.8504,0.00916532,0.960145,0.275931,-0.0616062,0.20015,0.674846,0.0254106,0.114927,-0.0352583,0.162088,0.349205,-0.0128614,0.68524,1.732,
13.1595,16.8504,0.0117315,0.960147,0.275895,-0.0615783,0.200145,0.674852,0.0146577,0.0923938,-0.0316107,0.162554,0.349167,-0.0132288,0.637668,1.73182,
13.1579,16.8504,0.0142976,0.96015,0.275858,-0.0615504,0.200141,0.674857,0.00390474,0.0698606,-0.0279631,0.163019,0.349129,-0.0135963,0.590095,1.73163,
13.1564,16.8504,0.0168638,0.960152,0.275821,-0.0615225,0.200137,0.674863,-0.00684821,0.0473274,-0.0243155,0.163485,0.349091,-0.0139637,0.542522,1.73145,
13.1548,16.8504,0.0194299,0.960155,0.275784,-0.0614946,0.200132,0.674868,-0.0176012,0.0247942,-0.0206679,0.163951,0.349053,-0.0143312,0.49495,1.73127,
13.1533,16.8504,0.0219961,0.960157,0.275747,-0.0614667,0.200128,0.674874,-0.0283541,0.00226101,-0.0170203,0.164417,0.349014,-0.0146987,0.447377,1.73108,
13.1517,16.8504,0.0245622,0.960159,0.27571,-0.0614388,0.200124,0.674879,-0.039107,-0.0202722,-0.0133727,0.164883,0.348976,-0.0150661,0.399805,1.7309,
13.1501,16.8504,0.0271284,0.960162,0.275673,-0.0614109,0.200119,0.674885,-0.04986,-0.0428054,-0.00972513,0.165349,0.348938,-0.0154336,0.352232,1.73071,
13.1486,16.8504,0.0296945,0.960164,0.275636,-0.061383,0.200115,0.67489,-0.0606129,-0.0653386,-0.00607754,0.165815,0.3489,-0.015801,0.30466,1.73053,
13.147,16.8504,0.0322607,0.960166,0.2756,-0.0613554,0.200112,0.674895,-0.0742358,-0.0927331,-0.001935,0.162233,0.348863,-0.0161804,0.250405,1.73035,
13.1455,16.8504,0.0348269,0.960167,0.275563,-0.061328,0.200111,0.6749,-0.0903765,-0.124392,0.00264172,0.155101,0.348827,-0.0165702,0.190289,1.73018,
13.1439,16.8504,0.037393,0.960171,0.275545,-0.0613122,0.200121,0.674903,-0.0838553,-0.115057,0.0021697,0.146589,0.348816,-0.0165597,0.188565,1.73012,
13.1423,16.8504,0.0399592,0.960174,0.275528,-0.0612968,0.200132,0.674907,-0.0766044,-0.104401,0.00153508,0.138033,0.348805,-0.0165363,0.188722,1.73007,
13.1408,16.8504,0.0425253,0.960178,0.27551,-0.0612813,0.200144,0.674911,-0.0693534,-0.0937456,0.000900464,0.129476,0.348795,-0.0165129,0.188878,1.73002,
13.1392,16.8504,0.0450915,0.960182,0.275493,-0.0612658,0.200155,0.674915,-0.0621025,-0.08309,0.000265846,0.12092,0.348784,-0.0164895,0.189035,1.72997,
13.1377,16.8504,0.0476576,0.960185,0.275476,-0.0612504,0.200166,0.674919,-0.0548515,-0.0724343,-0.000368772,0.112364,0.348773,-0.0164662,0.189191,1.72992,
13.1361,16.8504,0.0502238,0.960189,0.275458,-0.0612349,0.200177,0.674923,-0.0476005,-0.0617787,-0.00100339,0.103808,0.348763,-0.0164428,0.189348,1.72987,
13.1345,16.8504,0.0527899,0.960193,0.275441,-0.0612195,0.200188,0.674926,-0.0403496,-0.051123,-0.00163801,0.0952517,0.348752,-0.0164194,0.189505,1.72982,
13.133,16.8504,0.0553561,0.960196,0.275423,-0.061204,0.200199,0.67493,-0.0330986,-0.0404673,-0.00227263,0.0866955,0.348742,-0.016396,0.189661,1.72977,
13.1314,16.8504,0.0579222,0.9602,0.275406,-0.0611885,0.20021,0.674934,-0.0258476,-0.0298117,-0.00290724,0.0781393,0.348731,-0.0163726,0.189818,1.72971,
13.1299,16.8504,0.0604884,0.960203,0.275389,-0.0611735,0.200222,0.674938,-0.0184464,-0.0189342,-0.00355693,0.0691419,0.348722,-0.016352,0.18988,1.72967,
13.1283,16.8504,0.0630545,0.960206,0.275374,-0.0611594,0.200236,0.67494,-0.0106875,-0.00752909,-0.00424245,0.0590946,0.348715,-0.0163381,0.189717,1.72964,
13.1267,16.8504,0.0656207,0.960208,0.275358,-0.0611453,0.200251,0.674942,-0.00292866,0.00387606,-0.00492798,0.0490473,0.348708,-0.0163241,0.189554,1.7296,
13.1252,16.8504,0.0681868,0.96021,0.275342,-0.0611312,0.200266,0.674945,0.0048302,0.0152812,-0.00561351,0.039,0.348701,-0.0163102,0.189392,1.72957,
13.1236,16.8504,0.070753,0.960212,0.275327,-0.0611173,0.20028,0.674947,0.0122154,0.0261313,-0.00626498,0.0295199,0.348695,-0.0162939,0.189254,1.72954,
13.1221,16.8504,0.0733192,0.960214,0.275316,-0.0611069,0.200294,0.674949,0.0127757,0.0268438,-0.00629442,0.0304004,0.348692,-0.0162337,0.189565,1.72953,
13.1205,16.8504,0.0758853,0.960217,0.275305,-0.0610965,0.200308,0.674951,0.013336,0.0275563,-0.00632386,0.0312809,0.34869,-0.0161735,0.189877,1.72952,
13.1189,16.8504,0.0784515,0.960219,0.275295,-0.061086,0.200321,0.674953,0.0138963,0.0282688,-0.0063533,0.0321615,0.348687,-0.0161134,0.190189,1.7295,
13.1174,16.8504,0.0810176,0.960222,0.275284,-0.0610756,0.200335,0.674955,0.0144566,0.0289813,-0.00638274,0.033042,0.348685,-0.0160532,0.190501,1.72949,
13.1158,16.8504,0.0835838,0.960224,0.275273,-0.0610652,0.200349,0.674957,0.0150169,0.0296938,-0.00641219,0.0339225,0.348682,-0.0159931,0.190813,1.72948,
13.1143,16.8504,0.0861499,0.960226,0.275263,-0.0610548,0.200362,0.674959,0.0155772,0.0304063,-0.00644163,0.034803,0.34868,-0.0159329,0.191125,1.72947,
13.1127,16.8504,0.0887161,0.960229,0.275252,-0.0610443,0.200376,0.674961,0.0161375,0.0311189,-0.00647107,0.0356835,0.348677,-0.0158727,0.191437,1.72946,
13.1111,16.8504,0.0912822,0.960231,0.275241,-0.0610339,0.20039,0.674963,0.0166953,0.0318276,-0.00650027,0.0365595,0.348675,-0.0158126,0.191748,1.72944,
13.1096,16.8504,0.0938484,0.960234,0.275229,-0.0610222,0.200401,0.674966,0.0171738,0.0324148,-0.00652167,0.0372933,0.348669,-0.0157527,0.192038,1.72942,
13.108,16.8504,0.0964145,0.960238,0.275217,-0.0610104,0.200412,0.674968,0.0176523,0.0330021,-0.00654307,0.038027,0.348664,-0.0156928,0.192329,1.72939,
13.1065,16.8504,0.0989807,0.960241,0.275204,-0.0609987,0.200424,0.674971,0.0181309,0.0335894,-0.00656448,0.0387607,0.348658,-0.0156329,0.192619,1.72936,
13.1049,16.8504,0.101547,0.960244,0.275192,-0.060987,0.200435,0.674974,0.0186094,0.0341767,-0.00658588,0.0394945,0.348653,-0.0155731,0.192909,1.72934,
13.1033,16.8504,0.104113,0.960248,0.275179,-0.0609753,0.200447,0.674977,0.019088,0.034764,-0.00660728,0.0402282,0.348647,-0.0155132,0.1932,1.72931,
13.1018,16.8504,0.106679,0.960251,0.275167,-0.0609636,0.200458,0.67498,0.0195665,0.0353513,-0.00662868,0.0409619,0.348642,-0.0154533,0.19349,1.72928,
13.1002,16.8504,0.109245,0.960254,0.275155,-0.0609519,0.20047,0.674983,0.020045,0.0359386,-0.00665009,0.0416957,0.348636,-0.0153934,0.193781,1.72926,
13.0987,16.8504,0.111811,0.960258,0.275142,-0.0609402,0.200481,0.674986,0.0205236,0.0365259,-0.00667149,0.0424294,0.348631,-0.0153335,0.194071,1.72923,
13.0971,16.8504,0.114378,0.960261,0.275132,-0.0609299,0.200492,0.674988,0.0211243,0.0371664,-0.00661763,0.0432703,0.348627,-0.0152747,0.194298,1.72921,
13.0955,16.8504,0.116944,0.960263,0.275125,-0.0609223,0.200502,0.674989,0.0219454,0.0379028,-0.00642801,0.0443044,0.348626,-0.0152178,0.194409,1.72921,
13.094,16.8504,0.11951,0.960265,0.275118,-0.0609147,0.200512,0.674991,0.0227665,0.0386392,-0.0062384,0.0453385,0.348625,-0.015161,0.194521,1.7292,
13.0924,16.8504,0.122076,0.960267,0.275111,-0.060907,0.200523,0.674992,0.0235876,0.0393756,-0.00604878,0.0463727,0.348624,-0.0151041,0.194632,1.7292,
13.0909,16.8504,0.124642,0.960269,0.275104,-0.0608994,0.200533,0.674993,0.0244087,0.040112,-0.00585916,0.0474068,0.348623,-0.0150472,0.194744,1.72919,
13.0893,16.8504,0.127208,0.960271,0.275096,-0.0608918,0.200543,0.674995,0.0252299,0.0408484,-0.00566954,0.048441,0.348622,-0.0149903,0.194856,1.72919,
13.0877,16.8504,0.129775,0.960273,0.275089,-0.0608841,0.200553,0.674996,0.026051,0.0415848,-0.00547993,0.0494751,0.348621,-0.0149334,0.194967,1.72918,
13.0862,16.8504,0.132341,0.960275,0.275082,-0.0608765,0.200563,0.674998,0.0268721,0.0423212,-0.00529031,0.0505093,0.34862,-0.0148766,0.195079,1.72918,
13.0846,16.8504,0.134907,0.960277,0.275075,-0.0608689,0.200574,0.674999,0.0276932,0.0430577,-0.00510069,0.0515434,0.348619,-0.0148197,0.195191,1.72917,
13.0831,16.8504,0.137473,0.960279,0.275068,-0.0608612,0.200584,0.675,0.0285143,0.0437941,-0.00491108,0.0525775,0.348617,-0.0147628,0.195302,1.72916,
13.0815,16.8504,0.140039,0.960281,0.275061,-0.0608536,0.200594,0.675002,0.0293354,0.0445305,-0.00472146,0.0536117,0.348616,-0.0147059,0.195414,1.72916,
13.0799,16.8504,0.142605,0.960284,0.275054,-0.0608459,0.200604,0.675003,0.0301664,0.0452789,-0.00451954,0.0546649,0.348615,-0.0146492,0.195526,1.72915,
13.0784,16.8504,0.145171,0.960286,0.275047,-0.0608383,0.200614,0.675004,0.0310034,0.0460428,-0.00431014,0.0557525,0.348614,-0.0145923,0.19564,1.72915,
13.0768,16.8504,0.147738,0.960288,0.27504,-0.0608306,0.200625,0.675006,0.0318403,0.0468067,-0.00410073,0.0568401,0.348613,-0.0145355,0.195753,1.72914,
13.0753,16.8504,0.150304,0.96029,0.275033,-0.060823,0.200635,0.675007,0.0326773,0.0475706,-0.00389132,0.0579277,0.348612,-0.0144786,0.195866,1.72914,
13.0737,16.8504,0.15287,0.960292,0.275026,-0.0608153,0.200645,0.675009,0.0335143,0.0483344,-0.00368191,0.0590153,0.348611,-0.0144218,0.195979,1.72913,
13.0722,16.8504,0.155436,0.960294,0.275019,-0.0608077,0.200655,0.67501,0.0343512,0.0490983,-0.0034725,0.0601029,0.34861,-0.0143649,0.196092,1.72913,
13.0706,16.8504,0.158002,0.960297,0.275011,-0.0607992,0.200664,0.675012,0.0351929,0.0498653,-0.00326482,0.0611869,0.348608,-0.014308,0.196204,1.72911,
13.069,16.8504,0.160568,0.9603,0.275002,-0.0607901,0.200673,0.675014,0.0360381,0.0506346,-0.00305847,0.0622681,0.348604,-0.0142511,0.196315,1.7291,
13.0675,16.8504,0.163135,0.960303,0.274993,-0.0607811,0.200681,0.675016,0.0368833,0.0514039,-0.00285212,0.0633494,0.3486,-0.0141942,0.196425,1.72908,
13.0659,16.8504,0.165701,0.960306,0.274985,-0.0607733,0.200689,0.675019,0.0379478,0.0524333,-0.00260227,0.0647866,0.348597,-0.01412,0.196529,1.72906,
13.0644,16.8504,0.168267,0.960309,0.27498,-0.0607681,0.200695,0.675021,0.0394554,0.0539881,-0.00226452,0.066943,0.348595,-0.0140108,0.196617,1.72905,
13.0628,16.8504,0.170833,0.960313,0.274976,-0.0607635,0.200701,0.675023,0.0409683,0.0555492,-0.00192672,0.0691075,0.348595,-0.0139019,0.196705,1.72905,
13.0612,16.8504,0.173399,0.960315,0.274975,-0.0607611,0.200709,0.675024,0.0424971,0.0571292,-0.00158871,0.0712964,0.348598,-0.0137938,0.196792,1.72907,
13.0597,16.8504,0.175965,0.960316,0.274974,-0.0607586,0.200716,0.675025,0.0440258,0.0587092,-0.00125071,0.0734852,0.348601,-0.0136858,0.19688,1.72908,
13.0581,16.8504,0.178531,0.960318,0.274972,-0.0607562,0.200724,0.675026,0.0455546,0.0602893,-0.000912708,0.075674,0.348605,-0.0135777,0.196968,1.7291,
13.0566,16.8504,0.181098,0.96032,0.274971,-0.0607537,0.200732,0.675027,0.0470834,0.0618693,-0.000574706,0.0778629,0.348608,-0.0134696,0.197056,1.72911,
13.055,16.8504,0.183664,0.960322,0.27497,-0.0607512,0.20074,0.675028,0.0486122,0.0634493,-0.000236703,0.0800517,0.348611,-0.0133616,0.197144,1.72913,
13.0534,16.8504,0.18623,0.960324,0.274968,-0.0607488,0.200748,0.675029,0.050141,0.0650294,0.000101299,0.0822406,0.348614,-0.0132535,0.197232,1.72914,
13.0519,16.8504,0.188796,0.960326,0.274967,-0.0607463,0.200756,0.67503,0.0516691,0.066609,0.000439121,0.0844287,0.348617,-0.0131455,0.19732,1.72916,
13.0503,16.8504,0.191362,0.960328,0.274966,-0.0607437,0.200764,0.675031,0.0531968,0.0681884,0.000776815,0.0866163,0.348621,-0.0130375,0.197408,1.72918,
13.0488,16.8504,0.193928,0.96033,0.274964,-0.0607412,0.200773,0.675032,0.0547245,0.0697677,0.00111451,0.088804,0.348624,-0.0129295,0.197496,1.72919,
13.0472,16.8504,0.196495,0.960332,0.274963,-0.0607387,0.200781,0.675033,0.0562522,0.0713471,0.0014522,0.0909916,0.348628,-0.0128215,0.197583,1.72921,
13.0456,16.8504,0.199061,0.960334,0.274961,-0.0607361,0.20079,0.675034,0.0577799,0.0729265,0.0017899,0.0931792,0.348631,-0.0127135,0.197671,1.72923,
13.0441,16.8504,0.201627,0.960335,0.27496,-0.0607336,0.200798,0.675034,0.0593076,0.0745058,0.00212759,0.0953668,0.348635,-0.0126055,0.197759,1.72924,
13.0425,16.8504,0.204193,0.960337,0.274959,-0.0607311,0.200806,0.675035,0.0608353,0.0760852,0.00246528,0.0975544,0.348638,-0.0124975,0.197847,1.72926,
13.041,16.8504,0.206759,0.960339,0.274957,-0.0607285,0.200815,0.675036,0.062363,0.0776646,0.00280298,0.0997421,0.348642,-0.0123895,0.197935,1.72928,
13.0394,16.8504,0.209325,0.960341,0.274956,-0.060726,0.200823,0.675037,0.0638907,0.0792439,0.00314067,0.10193,0.348645,-0.0122815,0.198023,1.72929,
13.0378,16.8504,0.211891,0.960343,0.274954,-0.0607234,0.200832,0.675038,0.0654184,0.0808233,0.00347836,0.104117,0.348649,-0.0121735,0.198111,1.72931,
13.0363,16.8504,0.214458,0.960345,0.274953,-0.0607209,0.20084,0.675039,0.0669461,0.0824027,0.00381606,0.106305,0.348652,-0.0120654,0.198198,1.72933,
13.0347,16.8504,0.217024,0.960347,0.274952,-0.0607184,0.200849,0.67504,0.0684738,0.083982,0.00415375,0.108493,0.348656,-0.0119574,0.198286,1.72934,
13.0332,16.8504,0.21959,0.960349,0.27495,-0.0607158,0.200857,0.67504,0.0700015,0.0855614,0.00449144,0.11068,0.348659,-0.0118494,0.198374,1.72936,
13.0316,16.8504,0.222156,0.96035,0.274949,-0.0607133,0.200865,0.675041,0.0715292,0.0871407,0.00482914,0.112868,0.348663,-0.0117414,0.198462,1.72938,
13.03,16.8504,0.224722,0.960352,0.274947,-0.0607108,0.200874,0.675042,0.0730569,0.0887201,0.00516683,0.115055,0.348666,-0.0116334,0.19855,1.72939,
13.0285,16.8504,0.227288,0.960354,0.274948,-0.0607103,0.200881,0.675043,0.074363,0.0901188,0.00543617,0.116965,0.348671,-0.0115123,0.198623,1.72942,
13.0269,16.8504,0.229854,0.960355,0.274954,-0.060714,0.200886,0.675043,0.0752053,0.0911391,0.00556239,0.118293,0.348679,-0.0113637,0.198667,1.72946,
13.0254,16.8504,0.232421,0.960357,0.27496,-0.0607178,0.200891,0.675043,0.0760475,0.0921595,0.00568862,0.119621,0.348688,-0.0112151,0.19871,1.7295,
13.0238,16.8504,0.234987,0.960358,0.274966,-0.0607216,0.200895,0.675043,0.0768897,0.0931799,0.00581484,0.120949,0.348696,-0.0110665,0.198754,1.72954,
13.0222,16.8504,0.237553,0.960359,0.274971,-0.0607253,0.2009,0.675043,0.0777319,0.0942002,0.00594106,0.122277,0.348704,-0.0109178,0.198797,1.72958,
13.0207,16.8504,0.240119,0.96036,0.274977,-0.0607291,0.200905,0.675043,0.0785742,0.0952206,0.00606729,0.123604,0.348713,-0.0107692,0.198841,1.72962,
13.0191,16.8504,0.242685,0.960362,0.274983,-0.0607329,0.20091,0.675043,0.0794164,0.096241,0.00619351,0.124932,0.348721,-0.0106206,0.198884,1.72966,
13.0176,16.8504,0.245251,0.960363,0.274989,-0.0607366,0.200915,0.675043,0.0802586,0.0972613,0.00631974,0.12626,0.348729,-0.010472,0.198928,1.7297,
13.016,16.8504,0.247818,0.960364,0.274995,-0.0607404,0.200919,0.675043,0.0811009,0.0982817,0.00644596,0.127588,0.348738,-0.0103234,0.198971,1.72974,
13.0144,16.8504,0.250384,0.960366,0.275,-0.0607442,0.200924,0.675043,0.0819431,0.099302,0.00657219,0.128916,0.348746,-0.0101748,0.199015,1.72978,
13.0129,16.8504,0.25295,0.960367,0.275005,-0.0607469,0.200929,0.675044,0.0827709,0.100306,0.00669571,0.130221,0.348753,-0.0100257,0.199058,1.72981,
13.0113,16.8504,0.255516,0.960369,0.275009,-0.0607493,0.200933,0.675044,0.0835924,0.101302,0.00681809,0.131518,0.348759,-0.00987645,0.199101,1.72984,
13.0098,16.8504,0.258082,0.960371,0.275013,-0.0607517,0.200937,0.675045,0.084414,0.102299,0.00694046,0.132814,0.348766,-0.00972719,0.199144,1.72987,
13.0082,16.8504,0.260648,0.960373,0.275017,-0.060754,0.200942,0.675046,0.0852356,0.103295,0.00706284,0.13411,0.348772,-0.00957792,0.199187,1.7299,
13.0066,16.8504,0.263214,0.960375,0.275021,-0.0607564,0.200946,0.675047,0.0860572,0.104292,0.00718521,0.135406,0.348778,-0.00942866,0.199231,1.72994,
13.0051,16.8504,0.265781,0.960377,0.275025,-0.0607588,0.20095,0.675047,0.0868788,0.105288,0.00730759,0.136702,0.348785,-0.00927939,0.199274,1.72997,
13.0035,16.8504,0.268347,0.960379,0.275029,-0.0607611,0.200955,0.675048,0.0877003,0.106285,0.00742996,0.137999,0.348791,-0.00913013,0.199317,1.73,
13.002,16.8504,0.270913,0.960381,0.275033,-0.0607635,0.200959,0.675049,0.0885219,0.107281,0.00755234,0.139295,0.348797,-0.00898086,0.19936,1.73003,
13.0004,16.8504,0.273479,0.960383,0.275037,-0.0607659,0.200963,0.675049,0.0893435,0.108278,0.00767471,0.140591,0.348804,-0.0088316,0.199403,1.73006,
12.9988,16.8504,0.276045,0.960385,0.275041,-0.0607682,0.200968,0.67505,0.0901651,0.109274,0.00779709,0.141887,0.34881,-0.00868233,0.199447,1.73009,
12.9973,16.8504,0.278611,0.960387,0.275044,-0.0607706,0.200972,0.675051,0.0909867,0.110271,0.00791947,0.143183,0.348816,-0.00853307,0.19949,1.73012,
12.9957,16.8504,0.281178,0.960389,0.275048,-0.060773,0.200976,0.675052,0.0918082,0.111267,0.00804184,0.14448,0.348822,-0.0083838,0.199533,1.73015,
12.9942,16.8504,0.283744,0.960391,0.275052,-0.0607753,0.200981,0.675052,0.0926298,0.112264,0.00816421,0.145776,0.348829,-0.00823454,0.199576,1.73018,
12.9926,16.8504,0.28631,0.960393,0.275056,-0.0607777,0.200985,0.675053,0.0934514,0.113261,0.00828659,0.147072,0.348835,-0.00808528,0.199619,1.73021,
12.991,16.8504,0.288876,0.960395,0.27506,-0.0607801,0.20099,0.675054,0.094273,0.114257,0.00840897,0.148368,0.348841,-0.00793601,0.199662,1.73024,
12.9895,16.8504,0.291442,0.960397,0.275064,-0.0607824,0.200994,0.675054,0.0950946,0.115254,0.00853134,0.149664,0.348848,-0.00778675,0.199706,1.73027,
12.9879,16.8504,0.294008,0.960399,0.275068,-0.0607848,0.200998,0.675055,0.0959161,0.11625,0.00865372,0.15096,0.348854,-0.00763748,0.199749,1.7303,
12.9864,16.8504,0.296574,0.960401,0.275072,-0.0607872,0.201003,0.675056,0.0967377,0.117247,0.00877609,0.152257,0.34886,-0.00748822,0.199792,1.73033,
12.9848,16.8504,0.299141,0.960403,0.275076,-0.0607895,0.201007,0.675057,0.0975593,0.118243,0.00889847,0.153553,0.348867,-0.00733895,0.199835,1.73036,
12.9832,16.8504,0.301707,0.960405,0.275082,-0.0607932,0.201007,0.675058,0.0977094,0.118536,0.00886453,0.153873,0.348872,-0.00716544,0.199844,1.73039,
12.9817,16.8504,0.304273,0.960409,0.275089,-0.0607978,0.201005,0.67506,0.0973132,0.118257,0.0087034,0.1534,0.348877,-0.0069722,0.199824,1.73041,
12.9801,16.8504,0.306839,0.960412,0.275097,-0.0608025,0.201002,0.675062,0.0969169,0.117978,0.00854227,0.152926,0.348883,-0.00677896,0.199805,1.73044,
12.9786,16.8504,0.309405,0.960415,0.275104,-0.0608071,0.200999,0.675064,0.0965206,0.117699,0.00838114,0.152452,0.348888,-0.00658571,0.199785,1.73046,
12.977,16.8504,0.311971,0.960418,0.275111,-0.0608118,0.200996,0.675066,0.0961244,0.11742,0.00822,0.151979,0.348893,-0.00639247,0.199766,1.73049,
12.9754,16.8504,0.314538,0.960421,0.275118,-0.0608164,0.200994,0.675067,0.0957281,0.117141,0.00805887,0.151505,0.348898,-0.00619923,0.199747,1.73051,
12.9739,16.8504,0.317104,0.960424,0.275126,-0.0608211,0.200991,0.675069,0.0953318,0.116862,0.00789774,0.151031,0.348903,-0.00600599,0.199727,1.73054,
12.9723,16.8504,0.31967,0.960428,0.275133,-0.0608258,0.200988,0.675071,0.0949356,0.116583,0.00773661,0.150558,0.348908,-0.00581275,0.199708,1.73056,
12.9708,16.8504,0.322236,0.960431,0.27514,-0.0608304,0.200985,0.675073,0.0945393,0.116304,0.00757547,0.150084,0.348913,-0.0056195,0.199688,1.73059,
12.9692,16.8504,0.324802,0.960434,0.275148,-0.0608351,0.200983,0.675075,0.094143,0.116025,0.00741434,0.14961,0.348919,-0.00542626,0.199669,1.73061,
12.9676,16.8504,0.327368,0.960437,0.275155,-0.0608397,0.20098,0.675077,0.0937467,0.115746,0.00725321,0.149137,0.348924,-0.00523302,0.199649,1.73064,
12.9661,16.8504,0.329934,0.96044,0.275162,-0.0608444,0.200977,0.675079,0.0933505,0.115467,0.00709208,0.148663,0.348929,-0.00503978,0.19963,1.73067,
12.9645,16.8504,0.332501,0.960444,0.275169,-0.060849,0.200974,0.675081,0.0929542,0.115188,0.00693094,0.148189,0.348934,-0.00484653,0.19961,1.73069,
12.963,16.8504,0.335067,0.960447,0.275177,-0.0608537,0.200972,0.675083,0.0925579,0.114909,0.00676981,0.147716,0.348939,-0.00465329,0.199591,1.73072,
12.9614,16.8504,0.337633,0.96045,0.275184,-0.0608583,0.200969,0.675085,0.0921617,0.11463,0.00660868,0.147242,0.348944,-0.00446005,0.199571,1.73074,
12.9598,16.8504,0.340199,0.960453,0.275191,-0.0608624,0.200966,0.675087,0.091769,0.114364,0.00644758,0.14678,0.348949,-0.00426687,0.199552,1.73076,
12.9583,16.8504,0.342765,0.960457,0.275196,-0.0608655,0.200963,0.675089,0.0913864,0.114091,0.00628459,0.146319,0.348952,-0.00407445,0.199532,1.73078,
12.9567,16.8504,0.345331,0.960461,0.275201,-0.0608686,0.200961,0.675092,0.0910061,0.113801,0.00612049,0.145848,0.348955,-0.00388241,0.199512,1.73079,
12.9552,16.8504,0.347898,0.960465,0.275206,-0.0608717,0.200958,0.675094,0.0906259,0.113512,0.00595639,0.145377,0.348959,-0.00369037,0.199492,1.73081,
12.9536,16.8504,0.350464,0.960468,0.275212,-0.0608748,0.200955,0.675097,0.0902456,0.113223,0.00579229,0.144906,0.348962,-0.00349832,0.199472,1.73083,
12.952,16.8504,0.35303,0.960472,0.275217,-0.060878,0.200953,0.675099,0.089865,0.112933,0.00562822,0.144434,0.348965,-0.00330628,0.199451,1.73084,
12.9505,16.8504,0.355596,0.960475,0.275225,-0.0608831,0.20095,0.675101,0.0894704,0.112599,0.00546543,0.143922,0.348971,-0.00311436,0.199431,1.73087,
12.9489,16.8504,0.358162,0.960478,0.275233,-0.0608883,0.200947,0.675102,0.0890759,0.112266,0.00530263,0.14341,0.348977,-0.00292243,0.199411,1.7309,
12.9474,16.8504,0.360728,0.960481,0.275241,-0.0608934,0.200944,0.675104,0.0886433,0.111893,0.00513172,0.142843,0.348982,-0.002732,0.199389,1.73093,
12.9458,16.8504,0.363294,0.960485,0.275248,-0.0608968,0.200935,0.675107,0.0872205,0.110485,0.00475008,0.140858,0.348983,-0.00258015,0.199322,1.73093,
12.9442,16.8504,0.365861,0.960488,0.275254,-0.0609003,0.200926,0.675109,0.0857977,0.109077,0.00436844,0.138873,0.348983,-0.0024283,0.199256,1.73093,
12.9427,16.8504,0.368427,0.960492,0.275261,-0.0609037,0.200917,0.675112,0.0843748,0.10767,0.0039868,0.136887,0.348984,-0.00227645,0.199189,1.73093,
12.9411,16.8504,0.370993,0.960495,0.275268,-0.0609071,0.200908,0.675115,0.082952,0.106262,0.00360516,0.134902,0.348985,-0.00212459,0.199123,1.73094,
12.9396,16.8504,0.373559,0.960499,0.275274,-0.0609106,0.200899,0.675117,0.0815292,0.104854,0.00322352,0.132916,0.348985,-0.00197274,0.199056,1.73094,
12.938,16.8504,0.376125,0.960502,0.275281,-0.060914,0.20089,0.67512,0.0801064,0.103446,0.00284188,0.130931,0.348986,-0.00182089,0.19899,1.73094,
12.9365,16.8504,0.378691,0.960506,0.275287,-0.0609174,0.200881,0.675122,0.0786835,0.102038,0.00246024,0.128946,0.348986,-0.00166904,0.198923,1.73095,
12.9349,16.8504,0.381258,0.960509,0.275294,-0.0609209,0.200872,0.675125,0.0772607,0.10063,0.0020786,0.12696,0.348987,-0.00151719,0.198856,1.73095,
12.9333,16.8504,0.383824,0.960513,0.275301,-0.0609243,0.200863,0.675128,0.0758379,0.0992218,0.00169696,0.124975,0.348988,-0.00136534,0.19879,1.73095,
12.9318,16.8504,0.38639,0.960517,0.275307,-0.0609277,0.200854,0.67513,0.074415,0.0978139,0.00131532,0.122989,0.348988,-0.00121349,0.198723,1.73096,
12.9302,16.8504,0.388956,0.96052,0.275314,-0.0609312,0.200844,0.675133,0.0729922,0.0964059,0.000933679,0.121004,0.348989,-0.00106164,0.198657,1.73096,
12.9287,16.8504,0.391522,0.960524,0.27532,-0.0609346,0.200835,0.675135,0.0715694,0.094998,0.000552039,0.119018,0.348989,-0.000909794,0.19859,1.73096,
12.9271,16.8504,0.394088,0.960527,0.275327,-0.060938,0.200826,0.675138,0.0701465,0.09359,0.000170399,0.117033,0.34899,-0.000757944,0.198524,1.73097,
12.9255,16.8504,0.396654,0.960531,0.275334,-0.0609417,0.200818,0.67514,0.068727,0.092187,-0.000211299,0.115053,0.348991,-0.000605933,0.198457,1.73097,
12.924,16.8504,0.399221,0.960534,0.275341,-0.0609455,0.200809,0.675143,0.0673116,0.0907903,-0.000593071,0.113081,0.348992,-0.000453717,0.198391,1.73098,
12.9224,16.8504,0.401787,0.960537,0.275348,-0.0609494,0.2008,0.675145,0.0658961,0.0893936,-0.000974844,0.111109,0.348994,-0.000301502,0.198324,1.73098,
12.9209,16.8504,0.404353,0.96054,0.275355,-0.0609533,0.200791,0.675147,0.0644807,0.0879969,-0.00135662,0.109137,0.348995,-0.000149287,0.198258,1.73099,
12.9193,16.8504,0.406919,0.960544,0.275363,-0.0609572,0.200783,0.67515,0.0630653,0.0866001,-0.00173839,0.107165,0.348996,2.9286e-06,0.198191,1.731,
12.9177,16.8504,0.409485,0.960547,0.27537,-0.060961,0.200774,0.675152,0.0616499,0.0852034,-0.00212016,0.105193,0.348998,0.000155144,0.198125,1.731,
12.9162,16.8504,0.412051,0.960551,0.275375,-0.0609626,0.20076,0.675155,0.060014,0.0829989,-0.00231536,0.102454,0.348994,0.000258626,0.198038,1.73099,
12.9146,16.8504,0.414618,0.960555,0.275379,-0.0609634,0.200745,0.675159,0.0583213,0.0805865,-0.00246251,0.0995178,0.348988,0.00034956,0.197946,1.73096,
12.9131,16.8504,0.417184,0.960559,0.275384,-0.0609643,0.20073,0.675162,0.0566287,0.078174,-0.00260967,0.0965812,0.348983,0.000440495,0.197854,1.73093,
12.9115,16.8504,0.41975,0.960562,0.275388,-0.0609652,0.200714,0.675166,0.054936,0.0757615,-0.00275683,0.0936446,0.348978,0.000531429,0.197763,1.73091,
12.9099,16.8504,0.422316,0.960566,0.275393,-0.0609661,0.200699,0.675169,0.0532434,0.0733491,-0.00290398,0.090708,0.348972,0.000622363,0.197671,1.73088,
12.9084,16.8504,0.424882,0.96057,0.275397,-0.060967,0.200684,0.675172,0.0515507,0.0709366,-0.00305114,0.0877715,0.348967,0.000713297,0.197579,1.73086,
12.9068,16.8504,0.427448,0.960574,0.275402,-0.0609679,0.200669,0.675176,0.049858,0.0685241,-0.0031983,0.0848349,0.348962,0.000804232,0.197487,1.73083,
12.9053,16.8504,0.430014,0.960578,0.275406,-0.0609688,0.200653,0.675179,0.0481654,0.0661117,-0.00334546,0.0818983,0.348956,0.000895166,0.197395,1.73081,
12.9037,16.8504,0.432581,0.960582,0.275411,-0.0609697,0.200638,0.675182,0.0464727,0.0636992,-0.00349261,0.0789617,0.348951,0.0009861,0.197303,1.73078,
12.9021,16.8504,0.435147,0.960586,0.275415,-0.0609706,0.200623,0.675186,0.0447801,0.0612867,-0.00363977,0.0760252,0.348946,0.00107703,0.197212,1.73076,
12.9006,16.8504,0.437713,0.96059,0.27542,-0.0609715,0.200608,0.675189,0.0430874,0.0588743,-0.00378693,0.0730886,0.348941,0.00116797,0.19712,1.73073,
12.899,16.8504,0.440279,0.960593,0.275424,-0.0609724,0.200592,0.675193,0.0413948,0.0564618,-0.00393408,0.070152,0.348935,0.0012589,0.197028,1.7307,
12.8975,16.8504,0.442845,0.960597,0.275429,-0.0609733,0.200577,0.675196,0.0397021,0.0540494,-0.00408124,0.0672154,0.34893,0.00134984,0.196936,1.73068,
12.8959,16.8504,0.445411,0.960601,0.275435,-0.0609756,0.200561,0.675199,0.0380225,0.0516798,-0.00423864,0.0643207,0.348926,0.00144384,0.196843,1.73066,
12.8943,16.8504,0.447978,0.960604,0.275443,-0.0609787,0.200545,0.675202,0.0363488,0.0493294,-0.00440062,0.0614446,0.348923,0.0015392,0.196751,1.73065,
12.8928,16.8504,0.450544,0.960607,0.27545,-0.0609817,0.200529,0.675204,0.0346751,0.046979,-0.0045626,0.0585685,0.34892,0.00163457,0.196658,1.73063,
12.8912,16.8504,0.45311,0.960612,0.275452,-0.0609818,0.200509,0.675209,0.0318799,0.0437337,-0.00478083,0.0548367,0.34891,0.00167715,0.196633,1.73058,
12.8897,16.8504,0.455676,0.960616,0.275454,-0.0609819,0.200489,0.675213,0.0290842,0.0404882,-0.00499907,0.0511046,0.348899,0.00171972,0.196609,1.73053,
12.8881,16.8504,0.458242,0.96062,0.275456,-0.0609821,0.200469,0.675217,0.0262886,0.0372426,-0.00521732,0.0473725,0.348889,0.00176228,0.196585,1.73048,
12.8865,16.8504,0.460808,0.960625,0.275458,-0.0609822,0.200449,0.675221,0.023493,0.033997,-0.00543557,0.0436405,0.348878,0.00180484,0.19656,1.73043,
12.885,16.8504,0.463374,0.960629,0.27546,-0.0609823,0.200429,0.675225,0.0206973,0.0307514,-0.00565381,0.0399084,0.348868,0.00184741,0.196536,1.73038,
12.8834,16.8504,0.465941,0.960633,0.275462,-0.0609824,0.200409,0.675229,0.0179017,0.0275059,-0.00587206,0.0361763,0.348858,0.00188997,0.196512,1.73033,
12.8819,16.8504,0.468507,0.960638,0.275464,-0.0609826,0.200389,0.675233,0.0151061,0.0242603,-0.00609031,0.0324442,0.348847,0.00193253,0.196487,1.73028,
12.8803,16.8504,0.471073,0.960642,0.275466,-0.0609827,0.200368,0.675237,0.0123105,0.0210147,-0.00630855,0.0287121,0.348837,0.0019751,0.196463,1.73023,
12.8787,16.8504,0.473639,0.960646,0.275468,-0.0609828,0.200348,0.675242,0.00951483,0.0177691,-0.0065268,0.0249801,0.348827,0.00201766,0.196439,1.73018,
12.8772,16.8504,0.476205,0.96065,0.275471,-0.0609835,0.200328,0.675246,0.00675463,0.0145738,-0.00674855,0.0212222,0.348817,0.00206217,0.196411,1.73013,
12.8756,16.8504,0.478771,0.960654,0.275475,-0.0609856,0.200307,0.675249,0.00407957,0.0114993,-0.00697873,0.0174022,0.348808,0.00211134,0.196377,1.73009,
12.8741,16.8504,0.481338,0.960658,0.27548,-0.0609876,0.200286,0.675253,0.00140452,0.00842475,-0.00720891,0.0135822,0.3488,0.00216052,0.196342,1.73005,
12.8725,16.8504,0.483904,0.960662,0.275484,-0.0609896,0.200265,0.675256,-0.00127054,0.00535022,-0.00743909,0.00976224,0.348792,0.0022097,0.196308,1.73001,
12.8709,16.8504,0.48647,0.960667,0.275484,-0.0609854,0.200239,0.675261,-0.00579806,0.00140259,-0.00865945,0.0151711,0.348775,0.00217622,0.196339,1.72993,
12.8694,16.8504,0.489036,0.960671,0.275483,-0.0609811,0.200213,0.675266,-0.0103608,-0.00256161,-0.00989861,0.0207553,0.348758,0.00214117,0.196372,1.72985,
12.8678,16.8504,0.491602,0.960676,0.275482,-0.0609768,0.200187,0.675271,-0.0149235,-0.00652582,-0.0111378,0.0263394,0.34874,0.00210612,0.196404,1.72976,
12.8663,16.8504,0.494168,0.960681,0.275481,-0.0609725,0.200161,0.675276,-0.0194862,-0.01049,-0.0123769,0.0319236,0.348723,0.00207107,0.196437,1.72968,
12.8647,16.8504,0.496734,0.960686,0.27548,-0.0609682,0.200135,0.675281,-0.0240489,-0.0144542,-0.0136161,0.0375077,0.348706,0.00203602,0.196469,1.7296,
12.8631,16.8504,0.499301,0.960691,0.275479,-0.0609639,0.200109,0.675285,-0.0286116,-0.0184184,-0.0148552,0.0430919,0.348689,0.00200097,0.196502,1.72952,
12.8616,16.8504,0.501867,0.960695,0.275478,-0.0609596,0.200083,0.67529,-0.0331743,-0.0223827,-0.0160944,0.048676,0.348672,0.00196592,0.196535,1.72943,
12.86,16.8504,0.504433,0.9607,0.275479,-0.0609565,0.200057,0.675295,-0.0379804,-0.0266297,-0.0173791,0.0540071,0.348656,0.0019356,0.196567,1.72936,
12.8585,16.8504,0.506999,0.960704,0.27548,-0.0609542,0.20003,0.675299,-0.0429791,-0.0311006,-0.0186998,0.0591378,0.348641,0.00190904,0.196598,1.72928,
12.8569,16.8504,0.509565,0.960709,0.275482,-0.060952,0.200003,0.675304,-0.0479778,-0.0355716,-0.0200204,0.0642685,0.348626,0.00188247,0.196629,1.72921,
12.8553,16.8504,0.512131,0.960713,0.275483,-0.0609492,0.199975,0.675308,-0.0517721,-0.0390298,-0.0210747,0.068181,0.34861,0.00184697,0.196658,1.72913,
12.8538,16.8504,0.514697,0.960718,0.275482,-0.0609449,0.199944,0.675313,-0.0512746,-0.0388794,-0.0211796,0.0677527,0.34859,0.00177965,0.196677,1.72903,
12.8522,16.8504,0.517264,0.960724,0.27548,-0.0609406,0.199913,0.675319,-0.0507771,-0.0387289,-0.0212845,0.0673245,0.348569,0.00171233,0.196696,1.72893,
12.8507,16.8504,0.51983,0.960728,0.275479,-0.0609363,0.199882,0.675324,-0.0504038,-0.0386539,-0.0213181,0.0670088,0.348549,0.00163327,0.196714,1.72884,
12.8491,16.8504,0.522396,0.960733,0.275478,-0.0609313,0.199851,0.675328,-0.0504072,-0.0387021,-0.0214065,0.0670672,0.348529,0.00151461,0.196732,1.72874,
12.8475,16.8504,0.524962,0.960737,0.275477,-0.0609264,0.19982,0.675332,-0.0504108,-0.0387502,-0.021495,0.0671256,0.348509,0.00139594,0.19675,1.72864,
12.846,16.8504,0.527528,0.960741,0.275476,-0.0609215,0.199789,0.675337,-0.0504142,-0.0387983,-0.0215834,0.0671839,0.348488,0.00127727,0.196768,1.72854,
12.8444,16.8504,0.530094,0.960745,0.275475,-0.0609165,0.199757,0.675341,-0.0504178,-0.0388465,-0.0216719,0.0672423,0.348468,0.00115861,0.196787,1.72844,
12.8429,16.8504,0.532661,0.96075,0.275474,-0.0609116,0.199726,0.675345,-0.0504213,-0.0388946,-0.0217603,0.0673007,0.348448,0.00103994,0.196805,1.72834,
12.8413,16.8504,0.535227,0.960754,0.275473,-0.0609067,0.199695,0.67535,-0.0504248,-0.0389427,-0.0218488,0.0673591,0.348428,0.000921273,0.196823,1.72824,
12.8397,16.8504,0.537793,0.960758,0.275472,-0.0609017,0.199664,0.675354,-0.0504283,-0.0389908,-0.0219372,0.0674174,0.348408,0.000802606,0.196841,1.72815,
12.8382,16.8504,0.540359,0.960762,0.275471,-0.0608966,0.199633,0.675358,-0.0501107,-0.0386212,-0.0220774,0.0670338,0.348387,0.000689153,0.196859,1.72805,
12.8366,16.8504,0.542925,0.960767,0.275469,-0.0608912,0.199603,0.675363,-0.0494994,-0.0378694,-0.022265,0.0662457,0.348367,0.00058047,0.196876,1.72795,
12.8351,16.8504,0.545491,0.960771,0.275468,-0.0608858,0.199573,0.675368,-0.0489069,-0.0371138,-0.0224118,0.0654507,0.348347,0.000482146,0.196892,1.72785,
12.8335,16.8504,0.548057,0.960778,0.275467,-0.0608799,0.199541,0.675374,-0.0484643,-0.0363279,-0.0222358,0.0646004,0.348326,0.000465871,0.196897,1.72775,
12.8319,16.8504,0.550624,0.960784,0.275465,-0.0608741,0.199509,0.675381,-0.0480216,-0.035542,-0.0220598,0.0637502,0.348305,0.000449596,0.196902,1.72765,
12.8304,16.8504,0.55319,0.960791,0.275464,-0.0608682,0.199476,0.675387,-0.0475789,-0.0347561,-0.0218838,0.0628999,0.348284,0.000433321,0.196906,1.72754,
12.8288,16.8504,0.555756,0.960797,0.275463,-0.0608624,0.199444,0.675394,-0.0471362,-0.0339703,-0.0217078,0.0620496,0.348263,0.000417046,0.196911,1.72744,
12.8273,16.8504,0.558322,0.960803,0.275462,-0.0608566,0.199412,0.6754,-0.0466871,-0.0330733,-0.0215695,0.0611542,0.348242,0.000399226,0.196916,1.72734,
12.8257,16.8504,0.560888,0.960809,0.275462,-0.0608516,0.19938,0.675406,-0.0459512,-0.0321982,-0.0214306,0.0600686,0.348221,0.000369046,0.19692,1.72724,
12.8241,16.8504,0.563454,0.960815,0.275461,-0.060847,0.199348,0.675412,-0.0449798,-0.0314371,-0.0212588,0.0588623,0.348201,0.000329815,0.196924,1.72714,
12.8226,16.8504,0.566021,0.960821,0.275461,-0.0608428,0.199316,0.675417,-0.0439315,-0.0305229,-0.0211406,0.0575572,0.348181,0.000285479,0.196927,1.72704,
12.821,16.8504,0.568587,0.960826,0.275461,-0.0608386,0.199283,0.675423,-0.0428833,-0.0296087,-0.0210224,0.0562522,0.348161,0.000241143,0.196931,1.72695,
12.8195,16.8504,0.571153,0.960832,0.27546,-0.0608343,0.199251,0.675429,-0.041835,-0.0286945,-0.0209041,0.0549471,0.34814,0.000196806,0.196934,1.72685,
12.8179,16.8504,0.573719,0.960838,0.27546,-0.0608301,0.199219,0.675434,-0.0407868,-0.0277803,-0.0207859,0.0536421,0.34812,0.00015247,0.196938,1.72675,
12.8163,16.8504,0.576285,0.960843,0.27546,-0.0608259,0.199187,0.67544,-0.0397386,-0.0268661,-0.0206677,0.052337,0.3481,0.000108134,0.196941,1.72665,
12.8148,16.8504,0.578851,0.960849,0.275459,-0.0608216,0.199155,0.675446,-0.0386903,-0.0259519,-0.0205495,0.051032,0.34808,6.37978e-05,0.196944,1.72656,
12.8132,16.8504,0.581418,0.960855,0.275459,-0.0608174,0.199123,0.675451,-0.0376421,-0.0250378,-0.0204312,0.0497269,0.34806,1.94617e-05,0.196948,1.72646,
12.8117,16.8504,0.583984,0.96086,0.275459,-0.0608132,0.19909,0.675457,-0.0365938,-0.0241236,-0.020313,0.0484218,0.34804,-2.48745e-05,0.196951,1.72636,
12.8101,16.8504,0.58655,0.960866,0.275459,-0.0608089,0.199058,0.675463,-0.0355456,-0.0232094,-0.0201948,0.0471168,0.34802,-6.92107e-05,0.196955,1.72626,
12.8085,16.8504,0.589116,0.960872,0.275458,-0.0608047,0.199026,0.675468,-0.0344974,-0.0222952,-0.0200766,0.0458193,0.347999,-0.000113678,0.196958,1.72617,
12.807,16.8504,0.591682,0.960878,0.275458,-0.0608002,0.198994,0.675474,-0.0334661,-0.0213441,-0.0198661,0.0445124,0.347979,-0.000145247,0.196963,1.72607,
12.8054,16.8504,0.594248,0.960884,0.275456,-0.0607949,0.198962,0.675481,-0.0324742,-0.0203071,-0.0194418,0.0430987,0.347958,-0.000145434,0.196969,1.72596,
12.8039,16.8504,0.596814,0.960891,0.275455,-0.0607897,0.19893,0.675488,-0.0314823,-0.01927,-0.0190175,0.0416851,0.347937,-0.000145621,0.196974,1.72586,
12.8023,16.8504,0.599381,0.960898,0.275453,-0.0607844,0.198898,0.675495,-0.0304904,-0.018233,-0.0185932,0.0402714,0.347915,-0.000145808,0.19698,1.72576,
12.8008,16.8504,0.601947,0.960905,0.275452,-0.0607792,0.198866,0.675502,-0.0294985,-0.017196,-0.018169,0.0388577,0.347894,-0.000145995,0.196986,1.72566,
12.7992,16.8504,0.604513,0.960912,0.275451,-0.0607739,0.198834,0.675508,-0.0285066,-0.016159,-0.0177447,0.037444,0.347873,-0.000146182,0.196992,1.72555,
12.7976,16.8504,0.607079,0.960918,0.275449,-0.0607687,0.198802,0.675515,-0.0275147,-0.015122,-0.0173204,0.0360303,0.347852,-0.000146369,0.196998,1.72545,
12.7961,16.8504,0.609645,0.960925,0.275448,-0.0607634,0.19877,0.675522,-0.0265228,-0.014085,-0.0168961,0.0346166,0.347831,-0.000146556,0.197004,1.72535,
12.7945,16.8504,0.612211,0.960932,0.275447,-0.0607583,0.198738,0.675529,-0.0253672,-0.0127811,-0.0164651,0.0329535,0.34781,-0.000131532,0.19701,1.72525,
12.793,16.8504,0.614778,0.960939,0.275446,-0.0607532,0.198707,0.675536,-0.0240473,-0.0112591,-0.0160313,0.0310694,0.347789,-0.000113075,0.197015,1.72515,
12.7914,16.8504,0.617344,0.960946,0.275444,-0.060749,0.198676,0.675542,-0.0217622,-0.00904263,-0.0156029,0.0293957,0.347769,-0.000107932,0.197021,1.72505,
12.7898,16.8504,0.61991,0.960954,0.275442,-0.0607453,0.198646,0.675551,-0.0189798,-0.00646423,-0.0151552,0.0288235,0.347749,-1.76477e-05,0.197026,1.72496,
12.7883,16.8504,0.622476,0.960962,0.27544,-0.0607416,0.198616,0.675559,-0.0161974,-0.00388584,-0.0147076,0.0282514,0.347729,7.26363e-05,0.197031,1.72486,
12.7867,16.8504,0.625042,0.96097,0.275438,-0.0607379,0.198587,0.675567,-0.0134149,-0.00130745,-0.0142599,0.0276793,0.347709,0.00016292,0.197035,1.72476,
12.7852,16.8504,0.627608,0.960978,0.275437,-0.0607343,0.198557,0.675575,-0.0106676,0.00124363,-0.0138088,0.0271675,0.347689,0.000252513,0.19704,1.72467,
12.7836,16.8504,0.630174,0.960986,0.275438,-0.0607329,0.198522,0.675583,-0.00849489,0.00334732,-0.0133019,0.0276441,0.347669,0.000330784,0.197045,1.72457,
12.782,16.8504,0.632741,0.960994,0.27544,-0.0607315,0.198487,0.67559,-0.00632222,0.00545102,-0.012795,0.0281207,0.34765,0.000409055,0.197051,1.72448,
12.7805,16.8504,0.635307,0.961002,0.275442,-0.0607301,0.198451,0.675598,-0.00414954,0.00755471,-0.012288,0.0285974,0.34763,0.000487325,0.197057,1.72438,
12.7789,16.8504,0.637873,0.96101,0.275444,-0.0607287,0.198416,0.675606,-0.00197687,0.0096584,-0.0117811,0.029074,0.34761,0.000565596,0.197063,1.72429,
12.7774,16.8504,0.640439,0.961017,0.275445,-0.0607273,0.198381,0.675614,0.000195806,0.0117621,-0.0112741,0.0295506,0.34759,0.000643867,0.197068,1.72419,
12.7758,16.8504,0.643005,0.961025,0.275447,-0.0607259,0.198346,0.675622,0.00236848,0.0138658,-0.0107672,0.0300273,0.34757,0.000722138,0.197074,1.72409,
12.7742,16.8504,0.645571,0.961033,0.275449,-0.0607245,0.198311,0.675629,0.00454115,0.0159695,-0.0102602,0.0305039,0.347551,0.000800408,0.19708,1.724,
12.7727,16.8504,0.648137,0.961041,0.275451,-0.060723,0.198276,0.675637,0.00671383,0.0180732,-0.00975331,0.0309805,0.347531,0.000878679,0.197085,1.7239,
12.7711,16.8504,0.650704,0.961049,0.275452,-0.0607216,0.19824,0.675645,0.0088865,0.0201769,-0.00924636,0.0314572,0.347511,0.00095695,0.197091,1.72381,
12.7696,16.8504,0.65327,0.961057,0.275454,-0.0607202,0.198205,0.675653,0.0110592,0.0222805,-0.00873942,0.0319338,0.347491,0.00103522,0.197097,1.72371,
12.768,16.8504,0.655836,0.961065,0.275456,-0.0607188,0.19817,0.67566,0.0132319,0.0243842,-0.00823248,0.0324104,0.347471,0.00111349,0.197102,1.72362,
12.7664,16.8504,0.658402,0.961072,0.275458,-0.0607174,0.198135,0.675668,0.0154045,0.0264879,-0.00772553,0.0328871,0.347452,0.00119176,0.197108,1.72352,
12.7649,16.8504,0.660968,0.96108,0.275457,-0.0607145,0.198101,0.675676,0.0167588,0.0275154,-0.00716207,0.0334292,0.34743,0.00121729,0.197115,1.72342,
12.7633,16.8504,0.663534,0.961087,0.275454,-0.0607105,0.198067,0.675683,0.0175193,0.027762,-0.0065576,0.0340188,0.347407,0.00120455,0.197123,1.72331,
12.7618,16.8504,0.666101,0.961094,0.275452,-0.0607064,0.198034,0.67569,0.0182797,0.0280086,-0.00595312,0.0346084,0.347385,0.0011918,0.197131,1.7232,
12.7602,16.8504,0.668667,0.961101,0.275449,-0.0607024,0.198,0.675697,0.0190402,0.0282551,-0.00534865,0.035198,0.347362,0.00117906,0.197139,1.72309,
12.7586,16.8504,0.671233,0.961109,0.275446,-0.0606983,0.197967,0.675704,0.0198006,0.0285017,-0.00474417,0.0357876,0.347339,0.00116631,0.197148,1.72298,
12.7571,16.8504,0.673799,0.961116,0.275444,-0.0606943,0.197933,0.675711,0.020561,0.0287483,-0.0041397,0.0363772,0.347316,0.00115357,0.197156,1.72287,
12.7555,16.8504,0.676365,0.961123,0.275441,-0.0606902,0.1979,0.675718,0.0213215,0.0289948,-0.00353522,0.0369668,0.347294,0.00114082,0.197164,1.72276,
12.754,16.8504,0.678931,0.96113,0.275439,-0.0606862,0.197867,0.675725,0.0220819,0.0292414,-0.00293075,0.0375564,0.347271,0.00112808,0.197172,1.72265,
12.7524,16.8504,0.681497,0.961137,0.275436,-0.0606822,0.197833,0.675732,0.0228424,0.0294879,-0.00232627,0.038146,0.347248,0.00111533,0.19718,1.72254,
12.7508,16.8504,0.684064,0.961144,0.275433,-0.0606781,0.1978,0.675739,0.0236028,0.0297345,-0.0017218,0.0387357,0.347225,0.00110259,0.197188,1.72243,
12.7493,16.8504,0.68663,0.961152,0.275431,-0.0606741,0.197766,0.675746,0.0243632,0.0299811,-0.00111732,0.0393253,0.347203,0.00108984,0.197196,1.72232,
12.7477,16.8504,0.689196,0.961159,0.275428,-0.06067,0.197733,0.675753,0.0251237,0.0302276,-0.000512847,0.0399149,0.34718,0.0010771,0.197204,1.72221,
12.7462,16.8504,0.691762,0.961166,0.275425,-0.060666,0.197699,0.67576,0.0258841,0.0304742,9.16282e-05,0.0405045,0.347157,0.00106435,0.197212,1.7221,
12.7446,16.8504,0.694328,0.961173,0.275423,-0.0606619,0.197666,0.675767,0.0266446,0.0307207,0.000696103,0.0410941,0.347134,0.00105161,0.19722,1.72199,
12.743,16.8504,0.696894,0.96118,0.27542,-0.0606579,0.197632,0.675775,0.027405,0.0309673,0.00130058,0.0416837,0.347112,0.00103886,0.197228,1.72188,
12.7415,16.8504,0.699461,0.961187,0.275418,-0.0606538,0.197599,0.675782,0.0281654,0.0312139,0.00190505,0.0422733,0.347089,0.00102612,0.197236,1.72177,
12.7399,16.8504,0.702027,0.961195,0.275415,-0.0606505,0.197564,0.675789,0.0287376,0.0312578,0.00245567,0.0426379,0.347066,0.00102675,0.197245,1.72165,
12.7384,16.8504,0.704593,0.961203,0.275414,-0.0606487,0.197527,0.675797,0.0288515,0.0308084,0.00287518,0.0424546,0.347043,0.00105994,0.197254,1.72154,
12.7368,16.8504,0.707159,0.961211,0.275413,-0.060647,0.19749,0.675805,0.0289654,0.0303589,0.00329469,0.0422714,0.34702,0.00109314,0.197263,1.72143,
12.7352,16.8504,0.709725,0.96122,0.275412,-0.0606453,0.197453,0.675813,0.0290793,0.0299095,0.0037142,0.0420882,0.346996,0.00112633,0.197272,1.72132,
12.7337,16.8504,0.712291,0.961228,0.275411,-0.0606435,0.197416,0.675821,0.0291763,0.0294495,0.00412772,0.0418895,0.346973,0.00115986,0.197282,1.7212,
12.7321,16.8504,0.714857,0.961237,0.275408,-0.0606408,0.197379,0.67583,0.0289538,0.0287892,0.00442823,0.0413992,0.346948,0.00119971,0.197293,1.72109,
12.7306,16.8504,0.717424,0.961245,0.275405,-0.0606381,0.197342,0.675838,0.0287313,0.028129,0.00472875,0.040909,0.346924,0.00123955,0.197304,1.72097,
12.729,16.8504,0.71999,0.961254,0.275403,-0.0606354,0.197305,0.675847,0.0285089,0.0274687,0.00502926,0.0404187,0.346899,0.0012794,0.197315,1.72085,
12.7274,16.8504,0.722556,0.961263,0.2754,-0.0606327,0.197268,0.675856,0.0282864,0.0268085,0.00532978,0.0399284,0.346874,0.00131925,0.197325,1.72073,
12.7259,16.8504,0.725122,0.961272,0.275397,-0.06063,0.197231,0.675864,0.028064,0.0261482,0.00563029,0.0394382,0.34685,0.00135909,0.197336,1.72061,
12.7243,16.8504,0.727688,0.961281,0.275395,-0.0606273,0.197193,0.675873,0.0278415,0.025488,0.00593081,0.0389479,0.346825,0.00139894,0.197347,1.72049,
12.7228,16.8504,0.730254,0.961289,0.275392,-0.0606246,0.197156,0.675882,0.027619,0.0248277,0.00623132,0.0384576,0.3468,0.00143879,0.197358,1.72037,
12.7212,16.8504,0.732821,0.961298,0.275389,-0.0606219,0.197119,0.67589,0.0273966,0.0241675,0.00653184,0.0379674,0.346776,0.00147863,0.197369,1.72025,
12.7196,16.8504,0.735387,0.961307,0.275387,-0.0606192,0.197082,0.675899,0.0271741,0.0235072,0.00683235,0.0374771,0.346751,0.00151848,0.19738,1.72013,
12.7181,16.8504,0.737953,0.961316,0.275384,-0.0606165,0.197045,0.675907,0.0269516,0.022847,0.00713287,0.0369868,0.346727,0.00155833,0.197391,1.72001,
12.7165,16.8504,0.740519,0.961325,0.275381,-0.0606138,0.197008,0.675916,0.0267292,0.0221867,0.00743338,0.0364966,0.346702,0.00159817,0.197402,1.71989,
12.715,16.8504,0.743085,0.961333,0.275378,-0.0606111,0.196971,0.675925,0.0265067,0.0215265,0.0077339,0.0360063,0.346677,0.00163802,0.197413,1.71977,
12.7134,16.8504,0.745651,0.961342,0.275376,-0.0606084,0.196934,0.675933,0.0262843,0.0208662,0.00803441,0.035516,0.346653,0.00167787,0.197424,1.71966,
12.7118,16.8504,0.748217,0.961351,0.275373,-0.0606057,0.196897,0.675942,0.0260618,0.020206,0.00833493,0.0350258,0.346628,0.00171771,0.197435,1.71954,
12.7103,16.8504,0.750784,0.96136,0.27537,-0.060603,0.19686,0.675951,0.0258393,0.0195457,0.00863544,0.0345355,0.346603,0.00175756,0.197446,1.71942,
12.7087,16.8504,0.75335,0.961368,0.275368,-0.0606003,0.196823,0.675959,0.0256169,0.0188855,0.00893596,0.0340453,0.346579,0.00179741,0.197457,1.7193,
12.7072,16.8504,0.755916,0.961377,0.275365,-0.0605976,0.196786,0.675968,0.0253944,0.0182253,0.00923647,0.033555,0.346554,0.00183725,0.197468,1.71918,
12.7056,16.8504,0.758482,0.961386,0.275362,-0.0605949,0.196749,0.675977,0.0251719,0.017565,0.00953699,0.0330647,0.346529,0.0018771,0.197479,1.71906,
12.704,16.8504,0.761048,0.961395,0.27536,-0.0605922,0.196712,0.675985,0.0249495,0.0169048,0.0098375,0.0325745,0.346505,0.00191695,0.19749,1.71894,
12.7025,16.8504,0.763614,0.961404,0.275357,-0.0605895,0.196675,0.675994,0.024727,0.0162445,0.010138,0.0320842,0.34648,0.00195679,0.197501,1.71882,
12.7009,16.8504,0.766181,0.961412,0.275354,-0.0605868,0.196638,0.676002,0.0245045,0.0155843,0.0104385,0.0315939,0.346455,0.00199664,0.197512,1.7187,
12.6994,16.8504,0.768747,0.961421,0.275351,-0.0605841,0.196601,0.676011,0.0242821,0.014924,0.010739,0.0311037,0.346431,0.00203649,0.197522,1.71858,
12.6978,16.8504,0.771313,0.96143,0.275349,-0.0605814,0.196564,0.67602,0.0240596,0.0142638,0.0110396,0.0306134,0.346406,0.00207633,0.197533,1.71846,
12.6962,16.8504,0.773879,0.961439,0.275346,-0.0605787,0.196527,0.676028,0.0238372,0.0136035,0.0113401,0.0301231,0.346381,0.00211618,0.197544,1.71834,
12.6947,16.8504,0.776445,0.961448,0.275342,-0.0605748,0.196488,0.676037,0.0231639,0.0127607,0.0114844,0.0296675,0.346354,0.00213697,0.197558,1.71821,
12.6931,16.8504,0.779011,0.961458,0.275336,-0.0605697,0.196447,0.676047,0.0220824,0.0117525,0.0114871,0.0292432,0.346324,0.0021405,0.197574,1.71806,
12.6916,16.8504,0.781577,0.961468,0.27533,-0.0605646,0.196405,0.676057,0.0210009,0.0107444,0.0114899,0.0288189,0.346293,0.00214404,0.197589,1.71792,
12.69,16.8504,0.784144,0.961478,0.275324,-0.0605595,0.196364,0.676067,0.0199195,0.00973621,0.0114927,0.0283946,0.346263,0.00214757,0.197605,1.71777,
12.6884,16.8504,0.78671,0.961488,0.275317,-0.0605543,0.196323,0.676077,0.018838,0.00872805,0.0114955,0.0279702,0.346233,0.00215111,0.197621,1.71762,
12.6869,16.8504,0.789276,0.961498,0.275311,-0.0605492,0.196281,0.676086,0.0177565,0.00771989,0.0114983,0.0275459,0.346202,0.00215464,0.197636,1.71748,
12.6853,16.8504,0.791842,0.961508,0.275305,-0.0605441,0.19624,0.676096,0.0166751,0.00671172,0.0115011,0.0271216,0.346172,0.00215818,0.197652,1.71733,
12.6838,16.8504,0.794408,0.961518,0.275299,-0.060539,0.196199,0.676106,0.0155936,0.00570356,0.0115039,0.0266973,0.346142,0.00216171,0.197668,1.71718,
12.6822,16.8504,0.796974,0.961528,0.275293,-0.0605339,0.196157,0.676116,0.0145121,0.0046954,0.0115067,0.026273,0.346112,0.00216525,0.197683,1.71704,
12.6806,16.8504,0.799541,0.961538,0.275287,-0.0605288,0.196116,0.676125,0.0134307,0.00368724,0.0115095,0.0258487,0.346081,0.00216878,0.197699,1.71689,
12.6791,16.8504,0.802107,0.961547,0.275281,-0.0605237,0.196075,0.676135,0.0123492,0.00267907,0.0115123,0.0254244,0.346051,0.00217232,0.197715,1.71674,
12.6775,16.8504,0.804673,0.961557,0.275275,-0.0605186,0.196033,0.676145,0.0112677,0.00167091,0.0115151,0.0250001,0.346021,0.00217585,0.197731,1.7166,
12.676,16.8504,0.807239,0.961567,0.275269,-0.0605135,0.195992,0.676154,0.0101862,0.00066275,0.0115179,0.0245758,0.345991,0.00217939,0.197746,1.71645,
12.6744,16.8504,0.809805,0.961577,0.275263,-0.0605084,0.195951,0.676164,0.00910477,-0.000345412,0.0115207,0.0241515,0.34596,0.00218292,0.197762,1.7163,
12.6728,16.8504,0.812371,0.961587,0.275257,-0.0605033,0.195909,0.676174,0.00802329,-0.00135357,0.0115235,0.0237271,0.34593,0.00218646,0.197778,1.71616,
12.6713,16.8504,0.814937,0.961597,0.275251,-0.0604982,0.195868,0.676184,0.00694182,-0.00236174,0.0115263,0.0233028,0.3459,0.00218999,0.197793,1.71601,
12.6697,16.8504,0.817504,0.961607,0.275245,-0.0604931,0.195827,0.676194,0.00586035,-0.0033699,0.011529,0.0228785,0.345869,0.00219353,0.197809,1.71586,
12.6682,16.8504,0.82007,0.961617,0.275239,-0.060488,0.195785,0.676203,0.00477888,-0.00437806,0.0115318,0.0224542,0.345839,0.00219706,0.197825,1.71572,
12.6666,16.8504,0.822636,0.961627,0.275233,-0.0604828,0.195744,0.676213,0.00369741,-0.00538622,0.0115346,0.0220299,0.345809,0.0022006,0.19784,1.71557,
12.6651,16.8504,0.825202,0.961637,0.275227,-0.0604777,0.195703,0.676223,0.00261594,-0.00639438,0.0115374,0.0216056,0.345779,0.00220413,0.197856,1.71542,
12.6635,16.8504,0.827768,0.961647,0.275221,-0.0604726,0.195661,0.676233,0.00153447,-0.00740255,0.0115402,0.0211813,0.345748,0.00220766,0.197872,1.71528,
12.6619,16.8504,0.830334,0.961657,0.275215,-0.0604675,0.19562,0.676242,0.000452994,-0.00841071,0.011543,0.020757,0.345718,0.0022112,0.197888,1.71513,
12.6604,16.8504,0.832901,0.961667,0.275209,-0.0604624,0.195579,0.676252,-0.000628478,-0.00941887,0.0115458,0.0203327,0.345688,0.00221473,0.197903,1.71498,
12.6588,16.8504,0.835467,0.961677,0.275201,-0.0604561,0.195538,0.676262,-0.00185552,-0.0104991,0.0114638,0.020418,0.345656,0.00220397,0.19792,1.71483,
12.6573,16.8504,0.838033,0.961687,0.275194,-0.0604494,0.195496,0.676272,-0.00313803,-0.0116069,0.0113495,0.0206976,0.345624,0.00218776,0.197938,1.71468,
12.6557,16.8504,0.840599,0.961697,0.275186,-0.0604427,0.195455,0.676282,-0.00442055,-0.0127146,0.0112351,0.0209772,0.345593,0.00217154,0.197956,1.71452,
12.6541,16.8504,0.843165,0.961707,0.275178,-0.0604359,0.195414,0.676292,-0.00570307,-0.0138223,0.0111208,0.0212568,0.345561,0.00215533,0.197973,1.71437,
12.6526,16.8504,0.845731,0.961717,0.27517,-0.0604292,0.195373,0.676301,-0.00698558,-0.0149301,0.0110065,0.0215363,0.345529,0.00213912,0.197991,1.71421,
12.651,16.8504,0.848297,0.961727,0.275162,-0.0604224,0.195332,0.676311,-0.0082681,-0.0160378,0.0108921,0.0218159,0.345497,0.0021229,0.198008,1.71406,
12.6495,16.8504,0.850864,0.961738,0.275153,-0.0604137,0.195286,0.676322,-0.00950603,-0.0181152,0.0112779,0.0239255,0.345461,0.00207048,0.198032,1.71388,
12.6479,16.8504,0.85343,0.961749,0.275143,-0.0604044,0.195239,0.676333,-0.0107298,-0.0205015,0.0118229,0.0266179,0.345424,0.00200652,0.198058,1.7137,
12.6463,16.8504,0.855996,0.961759,0.275134,-0.0603951,0.195192,0.676343,-0.0119535,-0.0228878,0.0123679,0.0293103,0.345386,0.00194256,0.198083,1.71352,
12.6448,16.8504,0.858562,0.96177,0.275124,-0.0603857,0.195146,0.676354,-0.0131772,-0.0252741,0.0129129,0.0320027,0.345349,0.0018786,0.198109,1.71334,
12.6432,16.8504,0.861128,0.961781,0.275114,-0.0603764,0.195099,0.676365,-0.0144009,-0.0276604,0.013458,0.034695,0.345312,0.00181465,0.198135,1.71316,
12.6417,16.8504,0.863694,0.961792,0.275104,-0.0603671,0.195052,0.676375,-0.0156246,-0.0300466,0.014003,0.0373874,0.345275,0.00175069,0.19816,1.71298,
12.6401,16.8504,0.866261,0.961803,0.275094,-0.0603577,0.195005,0.676386,-0.0168484,-0.0324329,0.014548,0.0400798,0.345237,0.00168673,0.198186,1.7128,
12.6385,16.8504,0.868827,0.961814,0.275085,-0.0603484,0.194958,0.676397,-0.0180721,-0.0348192,0.015093,0.0427722,0.3452,0.00162277,0.198211,1.71262,
12.637,16.8504,0.871393,0.961824,0.275075,-0.0603391,0.194911,0.676408,-0.0192958,-0.0372055,0.015638,0.0454646,0.345163,0.00155881,0.198237,1.71244,
12.6354,16.8504,0.873959,0.961835,0.275066,-0.0603301,0.194864,0.676418,-0.020669,-0.0395413,0.0160383,0.0481566,0.345126,0.00149475,0.198262,1.71226,
12.6339,16.8504,0.876525,0.961846,0.275057,-0.0603213,0.194818,0.676428,-0.0221844,-0.0418291,0.016301,0.0508481,0.34509,0.00143058,0.198287,1.71208,
12.6323,16.8504,0.879091,0.961856,0.275048,-0.0603126,0.194771,0.676439,-0.0236998,-0.0441169,0.0165637,0.0535396,0.345054,0.00136641,0.198312,1.71191,
12.6307,16.8504,0.881657,0.961866,0.275039,-0.0603039,0.194725,0.676449,-0.0252151,-0.0464048,0.0168264,0.0562312,0.345018,0.00130224,0.198337,1.71173,
12.6292,16.8504,0.884224,0.961877,0.27503,-0.0602952,0.194678,0.676459,-0.0267305,-0.0486926,0.0170891,0.0589227,0.344982,0.00123807,0.198362,1.71156,
12.6276,16.8504,0.88679,0.961887,0.275021,-0.0602865,0.194632,0.67647,-0.0282459,-0.0509804,0.0173517,0.0616142,0.344946,0.0011739,0.198387,1.71138,
12.6261,16.8504,0.889356,0.961898,0.275012,-0.0602778,0.194585,0.67648,-0.0297612,-0.0532682,0.0176144,0.0643058,0.344909,0.00110973,0.198412,1.7112,
12.6245,16.8504,0.891922,0.961908,0.275003,-0.0602691,0.194539,0.67649,-0.0312766,-0.0555561,0.0178771,0.0669973,0.344873,0.00104556,0.198437,1.71103,
12.6229,16.8504,0.894488,0.961919,0.274994,-0.0602604,0.194493,0.676501,-0.032792,-0.0578439,0.0181398,0.0696889,0.344837,0.000981393,0.198462,1.71085,
12.6214,16.8504,0.897054,0.961929,0.274986,-0.0602516,0.194446,0.676511,-0.0343074,-0.0601317,0.0184025,0.0723804,0.344801,0.000917224,0.198487,1.71068,
12.6198,16.8504,0.89962,0.96194,0.274977,-0.0602429,0.1944,0.676521,-0.0358227,-0.0624195,0.0186652,0.0750719,0.344765,0.000853055,0.198512,1.7105,
12.6183,16.8504,0.902187,0.96195,0.274968,-0.0602342,0.194353,0.676532,-0.0373381,-0.0647074,0.0189278,0.0777635,0.344729,0.000788886,0.198537,1.71033,
12.6167,16.8504,0.904753,0.961961,0.274959,-0.0602255,0.194307,0.676542,-0.0388535,-0.0669952,0.0191905,0.080455,0.344693,0.000724717,0.198562,1.71015,
12.6151,16.8504,0.907319,0.961971,0.27495,-0.0602168,0.19426,0.676553,-0.0403688,-0.069283,0.0194532,0.0831466,0.344657,0.000660548,0.198587,1.70998,
12.6136,16.8504,0.909885,0.961982,0.274941,-0.0602081,0.194214,0.676563,-0.0418842,-0.0715708,0.0197159,0.0858381,0.34462,0.000596379,0.198612,1.7098,
12.612,16.8504,0.912451,0.961992,0.274932,-0.0601994,0.194167,0.676573,-0.0433996,-0.0738587,0.0199786,0.0885296,0.344584,0.000532209,0.198637,1.70963,
12.6105,16.8504,0.915017,0.962003,0.274923,-0.0601906,0.194121,0.676584,-0.0449149,-0.0761465,0.0202412,0.0912212,0.344548,0.00046804,0.198662,1.70945,
12.6089,16.8504,0.917584,0.962013,0.274914,-0.0601819,0.194074,0.676594,-0.0464303,-0.0784343,0.0205039,0.0939127,0.344512,0.000403871,0.198687,1.70927,
12.6073,16.8504,0.92015,0.962024,0.274906,-0.0601732,0.194028,0.676604,-0.0479457,-0.0807221,0.0207666,0.0966043,0.344476,0.000339702,0.198712,1.7091,
12.6058,16.8504,0.922716,0.962034,0.274897,-0.0601645,0.193981,0.676615,-0.0494611,-0.08301,0.0210293,0.0992958,0.34444,0.000275533,0.198737,1.70892,
12.6042,16.8504,0.925282,0.962046,0.274881,-0.0601519,0.193931,0.676627,-0.0505157,-0.0826386,0.0207459,0.0996912,0.344395,0.000159642,0.198762,1.70871,
12.6027,16.8504,0.927848,0.962059,0.274865,-0.0601392,0.193881,0.676639,-0.0515667,-0.082246,0.0204582,0.100068,0.344351,4.33369e-05,0.198787,1.70849,
12.6011,16.8504,0.930414,0.962071,0.274849,-0.0601265,0.193831,0.676651,-0.0526177,-0.0818533,0.0201704,0.100445,0.344306,-7.29678e-05,0.198811,1.70827,
12.5995,16.8504,0.93298,0.962083,0.274833,-0.0601138,0.193781,0.676663,-0.0536687,-0.0814607,0.0198827,0.100822,0.344261,-0.000189272,0.198836,1.70806,
12.598,16.8504,0.935547,0.962095,0.274817,-0.0601011,0.193731,0.676675,-0.0547197,-0.081068,0.019595,0.101199,0.344217,-0.000305577,0.198861,1.70784,
12.5964,16.8504,0.938113,0.962107,0.274801,-0.0600884,0.193681,0.676687,-0.0557707,-0.0806754,0.0193072,0.101576,0.344172,-0.000421882,0.198886,1.70762,
12.5949,16.8504,0.940679,0.96212,0.274785,-0.0600758,0.193631,0.676699,-0.0568217,-0.0802828,0.0190195,0.101953,0.344127,-0.000538187,0.198911,1.7074,
12.5933,16.8504,0.943245,0.962132,0.27477,-0.0600631,0.193581,0.676711,-0.0578727,-0.0798901,0.0187317,0.10233,0.344083,-0.000654491,0.198936,1.70719,
12.5917,16.8504,0.945811,0.962144,0.274754,-0.0600504,0.193531,0.676723,-0.0589237,-0.0794975,0.018444,0.102707,0.344038,-0.000770796,0.19896,1.70697,
12.5902,16.8504,0.948377,0.962156,0.274738,-0.0600377,0.19348,0.676735,-0.0599747,-0.0791049,0.0181563,0.103084,0.343993,-0.000887101,0.198985,1.70675,
12.5886,16.8504,0.950944,0.962168,0.274722,-0.060025,0.19343,0.676747,-0.0610257,-0.0787122,0.0178685,0.103461,0.343949,-0.00100341,0.19901,1.70654,
12.5871,16.8504,0.95351,0.962181,0.274706,-0.0600124,0.19338,0.67676,-0.0620767,-0.0783196,0.0175808,0.103838,0.343904,-0.00111971,0.199035,1.70632,
12.5855,16.8504,0.956076,0.962192,0.27469,-0.0599988,0.193331,0.676771,-0.0629677,-0.0776109,0.016933,0.10384,0.34386,-0.00125589,0.199059,1.7061,
12.5839,16.8504,0.958642,0.962203,0.274675,-0.059984,0.193281,0.676782,-0.0636159,-0.0764225,0.0157388,0.103272,0.343816,-0.00142225,0.19908,1.70589,
12.5824,16.8504,0.961208,0.962214,0.274659,-0.0599692,0.193232,0.676793,-0.064264,-0.075234,0.0145445,0.102704,0.343771,-0.00158862,0.199102,1.70567,
12.5808,16.8504,0.963774,0.962225,0.274643,-0.0599544,0.193183,0.676804,-0.0649122,-0.0740456,0.0133502,0.102136,0.343727,-0.00175498,0.199124,1.70546,
12.5793,16.8504,0.96634,0.962237,0.274628,-0.0599396,0.193134,0.676815,-0.0655604,-0.0728571,0.0121559,0.101568,0.343683,-0.00192134,0.199145,1.70524,
12.5777,16.8504,0.968907,0.962248,0.274612,-0.0599248,0.193085,0.676826,-0.0662085,-0.0716687,0.0109616,0.101,0.343639,-0.0020877,0.199167,1.70503,
12.5761,16.8504,0.971473,0.962259,0.274597,-0.05991,0.193036,0.676837,-0.0668567,-0.0704802,0.00976733,0.100432,0.343595,-0.00225406,0.199189,1.70481,
12.5746,16.8504,0.974039,0.96227,0.274581,-0.0598952,0.192986,0.676848,-0.0675049,-0.0692918,0.00857305,0.0998637,0.343551,-0.00242042,0.199211,1.7046,
12.573,16.8504,0.976605,0.962281,0.274565,-0.0598804,0.192937,0.676859,-0.068153,-0.0681033,0.00737876,0.0992956,0.343507,-0.00258678,0.199232,1.70438,
12.5715,16.8504,0.979171,0.962292,0.27455,-0.0598656,0.192888,0.67687,-0.0688012,-0.0669149,0.00618448,0.0987276,0.343463,-0.00275314,0.199254,1.70417,
12.5699,16.8504,0.981737,0.962303,0.274534,-0.0598507,0.192839,0.676881,-0.0694494,-0.0657264,0.0049902,0.0981595,0.343418,-0.0029195,0.199276,1.70395,
12.5683,16.8504,0.984304,0.962314,0.274519,-0.0598359,0.19279,0.676892,-0.0700975,-0.064538,0.00379591,0.0975914,0.343374,-0.00308586,0.199297,1.70374,
12.5668,16.8504,0.98687,0.962325,0.274503,-0.0598211,0.192741,0.676903,-0.0707457,-0.0633495,0.00260163,0.0970234,0.34333,-0.00325223,0.199319,1.70352,
12.5652,16.8504,0.989436,0.962336,0.274488,-0.0598063,0.192692,0.676914,-0.0713939,-0.0621611,0.00140734,0.0964553,0.343286,-0.00341859,0.199341,1.70331,
12.5637,16.8504,0.992002,0.962347,0.274472,-0.0597915,0.192642,0.676925,-0.072042,-0.0609726,0.000213059,0.0958873,0.343242,-0.00358495,0.199363,1.70309,
12.5621,16.8504,0.994568,0.962358,0.274456,-0.0597767,0.192593,0.676936,-0.0726902,-0.0597842,-0.000981225,0.0953192,0.343198,-0.00375131,0.199384,1.70288,
12.5605,16.8504,0.997134,0.96237,0.274442,-0.0597623,0.192542,0.676947,-0.0726425,-0.0586112,-0.00149618,0.0945796,0.343153,-0.003889,0.199404,1.70266,
12.559,16.8504,0.9997,0.962384,0.274432,-0.0597493,0.192483,0.676961,-0.0702076,-0.0574912,0.000319476,0.0932517,0.343108,-0.00392831,0.199418,1.70244,
12.5574,16.8504,1.00227,0.962397,0.274422,-0.0597363,0.192424,0.676974,-0.0677726,-0.0563712,0.00213513,0.0919238,0.343063,-0.00396762,0.199432,1.70223,
12.5559,16.8504,1.00483,0.962411,0.274411,-0.0597233,0.192365,0.676988,-0.0653376,-0.0552512,0.00395078,0.0905958,0.343018,-0.00400693,0.199445,1.70201,
12.5543,16.8504,1.0074,0.962425,0.274401,-0.0597103,0.192307,0.677001,-0.0629027,-0.0541312,0.00576644,0.0892679,0.342973,-0.00404625,0.199459,1.70179,
12.5527,16.8504,1.00997,0.962438,0.274391,-0.0596972,0.192248,0.677015,-0.0604677,-0.0530112,0.00758209,0.08794,0.342928,-0.00408556,0.199473,1.70157,
12.5512,16.8504,1.01253,0.962452,0.274381,-0.0596842,0.192189,0.677029,-0.0580327,-0.0518912,0.00939775,0.0866121,0.342883,-0.00412487,0.199487,1.70135,
12.5496,16.8504,1.0151,0.962466,0.27437,-0.0596712,0.19213,0.677042,-0.0555978,-0.0507712,0.0112134,0.0852841,0.342838,-0.00416419,0.1995,1.70113,
12.5481,16.8504,1.01766,0.962479,0.27436,-0.0596582,0.192071,0.677056,-0.0531628,-0.0496512,0.0130291,0.0839562,0.342793,-0.0042035,0.199514,1.70091,
12.5465,16.8504,1.02023,0.962493,0.27435,-0.0596452,0.192013,0.677069,-0.0507279,-0.0485312,0.0148447,0.0826283,0.342748,-0.00424281,0.199528,1.7007,
12.5449,16.8504,1.0228,0.962507,0.27434,-0.0596322,0.191954,0.677083,-0.0482929,-0.0474112,0.0166604,0.0813003,0.342703,-0.00428213,0.199541,1.70048,
12.5434,16.8504,1.02536,0.96252,0.274329,-0.0596192,0.191895,0.677096,-0.0458579,-0.0462911,0.018476,0.0799724,0.342658,-0.00432144,0.199555,1.70026,
12.5418,16.8504,1.02793,0.962534,0.274319,-0.0596062,0.191836,0.67711,-0.043423,-0.0451711,0.0202917,0.0786445,0.342613,-0.00436075,0.199569,1.70004,
12.5403,16.8504,1.03049,0.962548,0.274309,-0.0595932,0.191777,0.677124,-0.040988,-0.0440511,0.0221073,0.0773166,0.342568,-0.00440006,0.199582,1.69982,
12.5387,16.8504,1.03306,0.962562,0.274299,-0.0595801,0.191718,0.677137,-0.0385531,-0.0429311,0.023923,0.0759886,0.342523,-0.00443938,0.199596,1.6996,
12.5371,16.8504,1.03563,0.962575,0.274288,-0.0595671,0.19166,0.677151,-0.0361181,-0.0418111,0.0257386,0.0746607,0.342478,-0.00447869,0.19961,1.69938,
12.5356,16.8504,1.03819,0.962589,0.274278,-0.0595541,0.191601,0.677164,-0.0336831,-0.0406911,0.0275543,0.0733328,0.342432,-0.004518,0.199624,1.69916,
12.534,16.8504,1.04076,0.962603,0.274268,-0.0595411,0.191542,0.677178,-0.0312482,-0.0395711,0.0293699,0.0720048,0.342387,-0.00455732,0.199637,1.69895,
12.5325,16.8504,1.04333,0.962616,0.274258,-0.0595281,0.191483,0.677191,-0.0288132,-0.0384511,0.0311856,0.0706769,0.342342,-0.00459663,0.199651,1.69873,
12.5309,16.8504,1.04589,0.96263,0.274247,-0.0595151,0.191424,0.677205,-0.0263782,-0.0373311,0.0330013,0.069349,0.342297,-0.00463594,0.199665,1.69851,
12.5294,16.8504,1.04846,0.962644,0.274237,-0.0595021,0.191365,0.677219,-0.0239433,-0.0362111,0.0348169,0.068021,0.342252,-0.00467526,0.199678,1.69829,
12.5278,16.8504,1.05102,0.962657,0.274227,-0.0594891,0.191307,0.677232,-0.0215083,-0.0350911,0.0366326,0.0666931,0.342207,-0.00471457,0.199692,1.69807,
12.5262,16.8504,1.05359,0.962671,0.274217,-0.0594761,0.191248,0.677246,-0.0190734,-0.0339711,0.0384482,0.0653652,0.342162,-0.00475388,0.199706,1.69785,
12.5247,16.8504,1.05616,0.962685,0.274206,-0.059463,0.191189,0.677259,-0.0166384,-0.0328511,0.0402639,0.0640373,0.342117,-0.00479319,0.19972,1.69763,
12.5231,16.8504,1.05872,0.962698,0.274196,-0.05945,0.19113,0.677273,-0.0142034,-0.0317311,0.0420795,0.0627093,0.342072,-0.00483251,0.199733,1.69742,
12.5216,16.8504,1.06129,0.962712,0.274186,-0.0594367,0.191072,0.677286,-0.011992,-0.0306138,0.043689,0.0615008,0.342027,-0.00487155,0.199747,1.6972,
12.52,16.8504,1.06385,0.962725,0.274176,-0.059422,0.191016,0.677299,-0.0109423,-0.0295103,0.0442271,0.0609124,0.341984,-0.00490917,0.199763,1.69699,
12.5184,16.8504,1.06642,0.962738,0.274167,-0.0594073,0.190961,0.677312,-0.00989259,-0.0284068,0.0447652,0.0603241,0.341941,-0.00494679,0.199778,1.69678,
12.5169,16.8504,1.06899,0.962751,0.274157,-0.0593926,0.190905,0.677325,-0.00884286,-0.0273033,0.0453033,0.0597357,0.341898,-0.00498441,0.199793,1.69657,
12.5153,16.8504,1.07155,0.962763,0.274147,-0.0593826,0.190847,0.677337,-0.00344271,-0.0254993,0.0469878,0.0555243,0.341855,-0.00508679,0.199803,1.69636,
12.5138,16.8504,1.07412,0.962774,0.27414,-0.0593723,0.190817,0.677348,-0.00134716,-0.0214076,0.0432394,0.0545029,0.34183,-0.00493382,0.199801,1.69624,
12.5122,16.8504,1.07669,0.962785,0.274134,-0.0593616,0.190789,0.677359,0.000146228,-0.0172113,0.0390063,0.0540142,0.341805,-0.00475715,0.199799,1.69612,
12.5106,16.8504,1.07925,0.962796,0.274127,-0.0593509,0.190761,0.67737,0.00163961,-0.013015,0.0347732,0.0535256,0.341781,-0.00458049,0.199797,1.69601,
12.5091,16.8504,1.08182,0.962807,0.27412,-0.0593402,0.190733,0.677381,0.003133,-0.00881874,0.0305401,0.0530369,0.341757,-0.00440382,0.199794,1.69589,
12.5075,16.8504,1.08438,0.962818,0.274113,-0.0593295,0.190704,0.677392,0.00462638,-0.00462247,0.026307,0.0525483,0.341733,-0.00422715,0.199792,1.69578,
12.506,16.8504,1.08695,0.962829,0.274106,-0.0593187,0.190676,0.677402,0.00611976,-0.000426199,0.0220738,0.0520596,0.341709,-0.00405049,0.199789,1.69566,
12.5044,16.8504,1.08952,0.96284,0.2741,-0.059308,0.190648,0.677413,0.00761315,0.00377007,0.0178407,0.051571,0.341685,-0.00387382,0.199787,1.69554,
12.5028,16.8504,1.09208,0.962851,0.274093,-0.0592973,0.19062,0.677424,0.00910653,0.00796634,0.0136076,0.0510823,0.341661,-0.00369715,0.199784,1.69543,
12.5013,16.8504,1.09465,0.962862,0.274086,-0.0592866,0.190592,0.677435,0.0105999,0.0121626,0.00937452,0.0505937,0.341636,-0.00352048,0.199782,1.69531,
12.4997,16.8504,1.09721,0.962873,0.274079,-0.0592759,0.190564,0.677446,0.0120933,0.0163589,0.00514141,0.050105,0.341612,-0.00334382,0.19978,1.6952,
12.4982,16.8504,1.09978,0.962884,0.274072,-0.0592652,0.190536,0.677457,0.0135867,0.0205552,0.000908295,0.0496164,0.341588,-0.00316715,0.199777,1.69508,
12.4966,16.8504,1.10235,0.962895,0.274066,-0.0592545,0.190507,0.677468,0.0150801,0.0247514,-0.00332482,0.0491277,0.341564,-0.00299048,0.199775,1.69497,
12.495,16.8504,1.10491,0.962906,0.274059,-0.0592438,0.190479,0.677479,0.0165735,0.0289477,-0.00755793,0.0486391,0.34154,-0.00281382,0.199772,1.69485,
12.4935,16.8504,1.10748,0.962917,0.274052,-0.0592331,0.190451,0.67749,0.0180668,0.033144,-0.011791,0.0481505,0.341516,-0.00263715,0.19977,1.69473,
12.4919,16.8504,1.11005,0.962929,0.274043,-0.0592221,0.190414,0.677501,0.0192293,0.0356044,-0.0140446,0.0478455,0.341485,-0.00252279,0.199768,1.69458,
12.4904,16.8504,1.11261,0.962943,0.274032,-0.0592106,0.190365,0.677515,0.0199291,0.0356376,-0.0135301,0.0477973,0.341445,-0.00249557,0.199766,1.69439,
12.4888,16.8504,1.11518,0.962956,0.27402,-0.0591991,0.190316,0.677528,0.0206288,0.0356707,-0.0130156,0.0477491,0.341405,-0.00246834,0.199763,1.6942,
12.4872,16.8504,1.11774,0.962969,0.274008,-0.0591877,0.190267,0.677541,0.0213286,0.0357038,-0.0125011,0.0477009,0.341365,-0.00244112,0.199761,1.694,
12.4857,16.8504,1.12031,0.962983,0.273997,-0.0591762,0.190218,0.677554,0.0220283,0.035737,-0.0119866,0.0476527,0.341325,-0.00241389,0.199759,1.69381,
12.4841,16.8504,1.12288,0.962996,0.273985,-0.0591647,0.190169,0.677567,0.0227281,0.0357701,-0.0114721,0.0476045,0.341285,-0.00238667,0.199757,1.69361,
12.4826,16.8504,1.12544,0.963009,0.273974,-0.0591533,0.19012,0.677581,0.0234278,0.0358033,-0.0109576,0.0475563,0.341245,-0.00235944,0.199755,1.69342,
12.481,16.8504,1.12801,0.963023,0.273962,-0.0591418,0.190071,0.677594,0.0241276,0.0358364,-0.0104431,0.0475081,0.341205,-0.00233222,0.199753,1.69323,
12.4794,16.8504,1.13057,0.963036,0.273951,-0.0591303,0.190022,0.677607,0.0248274,0.0358696,-0.00992864,0.0474599,0.341164,-0.00230499,0.199751,1.69303,
12.4779,16.8504,1.13314,0.96305,0.273939,-0.0591189,0.189973,0.67762,0.0255271,0.0359027,-0.00941415,0.0474117,0.341124,-0.00227777,0.199749,1.69284,
12.4763,16.8504,1.13571,0.963063,0.273927,-0.0591074,0.189924,0.677633,0.0262269,0.0359358,-0.00889965,0.0473635,0.341084,-0.00225054,0.199747,1.69264,
12.4748,16.8504,1.13827,0.963076,0.273916,-0.059096,0.189876,0.677646,0.0267253,0.0357815,-0.00840222,0.0472864,0.341045,-0.0022236,0.199743,1.69245,
12.4732,16.8504,1.14084,0.963089,0.273903,-0.0590848,0.189829,0.677659,0.0269314,0.0353547,-0.0079296,0.0471675,0.341005,-0.00219707,0.199738,1.69226,
12.4716,16.8504,1.14341,0.963102,0.273891,-0.0590735,0.189782,0.677672,0.0271374,0.0349279,-0.00745697,0.0470485,0.340966,-0.00217054,0.199733,1.69207,
12.4701,16.8504,1.14597,0.963115,0.273879,-0.0590623,0.189735,0.677685,0.0273434,0.0345011,-0.00698435,0.0469295,0.340927,-0.00214401,0.199728,1.69188,
12.4685,16.8504,1.14854,0.963129,0.273867,-0.059051,0.189689,0.677698,0.0275494,0.0340743,-0.00651173,0.0468106,0.340888,-0.00211748,0.199723,1.69169,
12.467,16.8504,1.1511,0.963142,0.273854,-0.0590397,0.189642,0.677711,0.0277554,0.0336475,-0.0060391,0.0466916,0.340848,-0.00209095,0.199717,1.6915,
12.4654,16.8504,1.15367,0.963155,0.273842,-0.0590285,0.189595,0.677724,0.0279614,0.0332207,-0.00556648,0.0465726,0.340809,-0.00206442,0.199712,1.69131,
12.4638,16.8504,1.15624,0.963168,0.27383,-0.0590172,0.189548,0.677736,0.0281674,0.0327939,-0.00509386,0.0464537,0.34077,-0.00203789,0.199707,1.69112,
12.4623,16.8504,1.1588,0.963181,0.273818,-0.059006,0.189501,0.677749,0.0283734,0.0323671,-0.00462123,0.0463347,0.34073,-0.00201136,0.199702,1.69093,
12.4607,16.8504,1.16137,0.963194,0.273805,-0.0589947,0.189455,0.677762,0.0285794,0.0319403,-0.00414861,0.0462157,0.340691,-0.00198483,0.199696,1.69074,
12.4592,16.8504,1.16393,0.963207,0.273793,-0.0589835,0.189408,0.677775,0.0287854,0.0315135,-0.00367598,0.0460967,0.340652,-0.0019583,0.199691,1.69055,
12.4576,16.8504,1.1665,0.96322,0.273781,-0.0589722,0.189361,0.677788,0.0289914,0.0310867,-0.00320336,0.0459778,0.340613,-0.00193176,0.199686,1.69036,
12.456,16.8504,1.16907,0.963233,0.273769,-0.058961,0.189314,0.677801,0.0291974,0.03066,-0.00273074,0.0458588,0.340573,-0.00190523,0.199681,1.69017,
12.4545,16.8504,1.17163,0.963246,0.273756,-0.0589497,0.189267,0.677814,0.0294034,0.0302332,-0.00225811,0.0457398,0.340534,-0.0018787,0.199676,1.68998,
12.4529,16.8504,1.1742,0.963259,0.273744,-0.0589385,0.189221,0.677827,0.0296094,0.0298064,-0.00178549,0.0456209,0.340495,-0.00185217,0.19967,1.68979,
12.4514,16.8504,1.17677,0.963273,0.273732,-0.0589272,0.189174,0.67784,0.0298154,0.0293796,-0.00131287,0.0455019,0.340455,-0.00182564,0.199665,1.6896,
12.4498,16.8504,1.17933,0.963286,0.27372,-0.058916,0.189127,0.677852,0.0300214,0.0289528,-0.000840244,0.0453829,0.340416,-0.00179911,0.19966,1.68941,
12.4482,16.8504,1.1819,0.963299,0.273707,-0.0589047,0.18908,0.677865,0.0302274,0.028526,-0.000367621,0.045264,0.340377,-0.00177258,0.199655,1.68922,
12.4467,16.8504,1.18446,0.963312,0.273695,-0.0588935,0.189033,0.677878,0.0304334,0.0280992,0.000105003,0.045145,0.340338,-0.00174605,0.19965,1.68903,
12.4451,16.8504,1.18703,0.963325,0.273683,-0.0588822,0.188987,0.677891,0.0306395,0.0276724,0.000577626,0.045026,0.340298,-0.00171952,0.199644,1.68884,
12.4436,16.8504,1.1896,0.963338,0.273671,-0.058871,0.18894,0.677904,0.0308455,0.0272456,0.00105025,0.0449071,0.340259,-0.00169299,0.199639,1.68864,
12.442,16.8504,1.19216,0.963351,0.273658,-0.0588597,0.188893,0.677917,0.0310515,0.0268188,0.00152287,0.0447881,0.34022,-0.00166646,0.199634,1.68845,
12.4404,16.8504,1.19473,0.963364,0.273646,-0.0588485,0.188846,0.67793,0.0312575,0.026392,0.0019955,0.0446691,0.34018,-0.00163993,0.199629,1.68826,
12.4389,16.8504,1.19729,0.963377,0.273634,-0.0588372,0.188799,0.677943,0.0314635,0.0259652,0.00246812,0.0445502,0.340141,-0.0016134,0.199624,1.68807,
12.4373,16.8504,1.19986,0.96339,0.273622,-0.058826,0.188752,0.677955,0.0316695,0.0255384,0.00294074,0.0444312,0.340102,-0.00158687,0.199618,1.68788,
12.4358,16.8504,1.20243,0.963403,0.273609,-0.0588147,0.188706,0.677968,0.0318755,0.0251116,0.00341337,0.0443122,0.340063,-0.00156034,0.199613,1.68769,
12.4342,16.8504,1.20499,0.963416,0.273597,-0.0588035,0.188659,0.677981,0.0320815,0.0246848,0.00388599,0.0441932,0.340023,-0.00153381,0.199608,1.6875,
12.4326,16.8504,1.20756,0.96343,0.273585,-0.0587922,0.188612,0.677994,0.0322875,0.024258,0.00435861,0.0440743,0.339984,-0.00150728,0.199603,1.68731,
12.4311,16.8504,1.21013,0.963443,0.273573,-0.0587809,0.188565,0.678007,0.0324935,0.0238312,0.00483124,0.0439553,0.339945,-0.00148075,0.199598,1.68712,
12.4295,16.8504,1.21269,0.963456,0.27356,-0.0587697,0.188518,0.67802,0.0326995,0.0234044,0.00530386,0.0438363,0.339906,-0.00145422,0.199592,1.68693,
12.428,16.8504,1.21526,0.963469,0.273548,-0.0587584,0.188472,0.678033,0.0329055,0.0229776,0.00577648,0.0437174,0.339866,-0.00142769,0.199587,1.68674,
12.4264,16.8504,1.21782,0.963482,0.273536,-0.0587472,0.188425,0.678046,0.0331115,0.0225508,0.00624911,0.0435984,0.339827,-0.00140116,0.199582,1.68655,
12.4248,16.8504,1.22039,0.963495,0.273524,-0.0587359,0.188378,0.678058,0.0333175,0.022124,0.00672173,0.0434794,0.339788,-0.00137462,0.199577,1.68636,
12.4233,16.8504,1.22296,0.963508,0.273512,-0.0587247,0.188331,0.678071,0.0335235,0.0216972,0.00719435,0.0433605,0.339748,-0.00134809,0.199572,1.68617,
12.4217,16.8504,1.22552,0.963521,0.273499,-0.0587134,0.188284,0.678084,0.0337295,0.0212705,0.00766698,0.0432415,0.339709,-0.00132156,0.199566,1.68598,
12.4202,16.8504,1.22809,0.963534,0.273487,-0.0587022,0.188238,0.678097,0.0339355,0.0208437,0.0081396,0.0431225,0.33967,-0.00129503,0.199561,1.68579,
12.4186,16.8504,1.23065,0.963547,0.273475,-0.0586909,0.188191,0.67811,0.0341415,0.0204169,0.00861222,0.0430036,0.339631,-0.0012685,0.199556,1.6856,
12.417,16.8504,1.23322,0.96356,0.273463,-0.0586797,0.188144,0.678123,0.0343476,0.0199901,0.00908485,0.0428846,0.339591,-0.00124197,0.199551,1.68541,
12.4155,16.8504,1.23579,0.963573,0.27345,-0.0586684,0.188097,0.678136,0.0345536,0.0195633,0.00955747,0.0427656,0.339552,-0.00121544,0.199546,1.68522,
12.4139,16.8504,1.23835,0.963587,0.273438,-0.0586572,0.18805,0.678149,0.0347596,0.0191365,0.0100301,0.0426466,0.339513,-0.00118891,0.19954,1.68503,
12.4124,16.8504,1.24092,0.9636,0.273426,-0.0586459,0.188004,0.678161,0.0349656,0.0187097,0.0105027,0.0425277,0.339473,-0.00116238,0.199535,1.68484,
12.4108,16.8504,1.24348,0.963613,0.273414,-0.0586347,0.187957,0.678174,0.0351716,0.0182829,0.0109753,0.0424087,0.339434,-0.00113585,0.19953,1.68465,
12.4092,16.8504,1.24605,0.963626,0.273401,-0.0586234,0.18791,0.678187,0.0353776,0.0178561,0.011448,0.0422897,0.339395,-0.00110932,0.199525,1.68446,
12.4077,16.8504,1.24862,0.963639,0.273389,-0.0586122,0.187863,0.6782,0.0355836,0.0174293,0.0119206,0.0421708,0.339356,-0.00108279,0.19952,1.68427,
12.4061,16.8504,1.25118,0.963652,0.273377,-0.0586009,0.187816,0.678213,0.0357896,0.0170025,0.0123932,0.0420518,0.339316,-0.00105626,0.199514,1.68408,
12.4046,16.8504,1.25375,0.963665,0.273365,-0.0585897,0.18777,0.678226,0.0359956,0.0165757,0.0128658,0.0419328,0.339277,-0.00102973,0.199509,1.68389,
12.403,16.8504,1.25632,0.963679,0.273351,-0.0585782,0.187722,0.678239,0.0361591,0.0162722,0.0131891,0.0419545,0.339236,-0.0010042,0.1995,1.68369,
12.4014,16.8504,1.25888,0.963693,0.273335,-0.0585665,0.187674,0.678253,0.036287,0.0160722,0.013387,0.0420943,0.339194,-0.000979506,0.199487,1.68348,
12.3999,16.8504,1.26145,0.963707,0.27332,-0.0585548,0.187627,0.678267,0.0364149,0.0158722,0.0135849,0.0422342,0.339152,-0.000954814,0.199474,1.68328,
12.3983,16.8504,1.26401,0.963721,0.273305,-0.0585432,0.187579,0.67828,0.0365428,0.0156721,0.0137827,0.042374,0.339109,-0.000930123,0.199461,1.68307,
12.3968,16.8504,1.26658,0.963735,0.273289,-0.0585315,0.187531,0.678294,0.0366706,0.0154721,0.0139806,0.0425138,0.339067,-0.000905431,0.199448,1.68287,
12.3952,16.8504,1.26915,0.963749,0.273274,-0.0585198,0.187483,0.678308,0.0367985,0.0152721,0.0141784,0.0426537,0.339025,-0.00088074,0.199435,1.68266,
12.3937,16.8504,1.27171,0.963763,0.273259,-0.0585081,0.187436,0.678322,0.0369264,0.0150721,0.0143763,0.0427935,0.338982,-0.000856048,0.199422,1.68246,
12.3921,16.8504,1.27428,0.963777,0.273243,-0.0584965,0.187388,0.678335,0.0370543,0.0148721,0.0145742,0.0429333,0.33894,-0.000831356,0.199409,1.68225,
12.3905,16.8504,1.27684,0.963791,0.273228,-0.0584848,0.18734,0.678349,0.0371821,0.0146721,0.014772,0.0430732,0.338898,-0.000806665,0.199396,1.68205,
12.389,16.8504,1.27941,0.963805,0.273213,-0.0584731,0.187292,0.678363,0.03731,0.0144721,0.0149699,0.043213,0.338855,-0.000781973,0.199383,1.68184,
12.3874,16.8504,1.28198,0.963819,0.273197,-0.0584615,0.187244,0.678377,0.0374379,0.0142721,0.0151677,0.0433528,0.338813,-0.000757282,0.19937,1.68164,
12.3859,16.8504,1.28454,0.963833,0.273182,-0.0584498,0.187197,0.67839,0.0375658,0.0140721,0.0153656,0.0434927,0.338771,-0.00073259,0.199357,1.68143,
12.3843,16.8504,1.28711,0.963847,0.273167,-0.0584381,0.187149,0.678404,0.0376936,0.0138721,0.0155635,0.0436325,0.338728,-0.000707899,0.199344,1.68122,
12.3827,16.8504,1.28968,0.963861,0.273151,-0.0584264,0.187101,0.678418,0.0378215,0.0136721,0.0157613,0.0437723,0.338686,-0.000683207,0.199331,1.68102,
12.3812,16.8504,1.29224,0.963875,0.273136,-0.0584148,0.187053,0.678432,0.0379494,0.0134721,0.0159592,0.0439121,0.338644,-0.000658515,0.199317,1.68081,
12.3796,16.8504,1.29481,0.963889,0.273121,-0.0584031,0.187006,0.678445,0.0380773,0.0132721,0.016157,0.044052,0.338601,-0.000633824,0.199304,1.68061,
12.3781,16.8504,1.29737,0.963903,0.273105,-0.0583914,0.186958,0.678459,0.0382051,0.0130721,0.0163549,0.0441918,0.338559,-0.000609132,0.199291,1.6804,
12.3765,16.8504,1.29994,0.963917,0.27309,-0.0583797,0.18691,0.678473,0.038333,0.0128721,0.0165528,0.0443316,0.338517,-0.000584441,0.199278,1.6802,
12.3749,16.8504,1.30251,0.963931,0.273075,-0.0583681,0.186862,0.678487,0.0384609,0.0126721,0.0167506,0.0444715,0.338475,-0.000559749,0.199265,1.67999,
12.3734,16.8504,1.30507,0.963945,0.273059,-0.0583564,0.186814,0.6785,0.0385888,0.0124721,0.0169485,0.0446113,0.338432,-0.000535058,0.199252,1.67979,
12.3718,16.8504,1.30764,0.963959,0.273044,-0.0583447,0.186767,0.678514,0.0387166,0.0122721,0.0171463,0.0447511,0.33839,-0.000510366,0.199239,1.67958,
12.3703,16.8504,1.3102,0.963973,0.273029,-0.0583331,0.186719,0.678528,0.0388445,0.0120721,0.0173442,0.044891,0.338348,-0.000485674,0.199226,1.67938,
12.3687,16.8504,1.31277,0.963987,0.273013,-0.0583214,0.186671,0.678542,0.0389724,0.0118721,0.0175421,0.0450308,0.338305,-0.000460983,0.199213,1.67917,
12.3671,16.8504,1.31534,0.964001,0.272998,-0.0583097,0.186623,0.678555,0.0391002,0.0116721,0.0177399,0.0451706,0.338263,-0.000436291,0.1992,1.67897,
12.3656,16.8504,1.3179,0.964015,0.272983,-0.058298,0.186576,0.678569,0.0392281,0.0114721,0.0179378,0.0453105,0.338221,-0.0004116,0.199187,1.67876,
12.364,16.8504,1.32047,0.964029,0.272967,-0.0582864,0.186528,0.678583,0.039356,0.0112721,0.0181356,0.0454503,0.338178,-0.000386908,0.199174,1.67856,
12.3625,16.8504,1.32304,0.964043,0.272952,-0.0582747,0.18648,0.678597,0.0394839,0.0110721,0.0183335,0.0455901,0.338136,-0.000362217,0.199161,1.67835,
12.3609,16.8504,1.3256,0.964057,0.272937,-0.058263,0.186432,0.678611,0.0396117,0.0108721,0.0185314,0.04573,0.338094,-0.000337525,0.199148,1.67815,
12.3593,16.8504,1.32817,0.964071,0.272921,-0.0582513,0.186384,0.678624,0.0397396,0.0106721,0.0187292,0.0458698,0.338051,-0.000312833,0.199135,1.67794,
12.3578,16.8504,1.33073,0.964085,0.272906,-0.0582397,0.186337,0.678638,0.0398675,0.0104721,0.0189271,0.0460096,0.338009,-0.000288142,0.199122,1.67774,
12.3562,16.8504,1.3333,0.964099,0.272891,-0.058228,0.186289,0.678652,0.0399954,0.0102721,0.0191249,0.0461495,0.337967,-0.00026345,0.199109,1.67753,
12.3547,16.8504,1.33587,0.964113,0.272875,-0.0582163,0.186241,0.678666,0.0401232,0.010072,0.0193228,0.0462893,0.337924,-0.000238759,0.199096,1.67733,
12.3531,16.8504,1.33843,0.964127,0.27286,-0.0582046,0.186193,0.678679,0.0402511,0.00987205,0.0195207,0.0464291,0.337882,-0.000214067,0.199083,1.67712,
12.3515,16.8504,1.341,0.964141,0.272845,-0.058193,0.186145,0.678693,0.040379,0.00967204,0.0197185,0.0465689,0.33784,-0.000189376,0.19907,1.67692,
12.35,16.8504,1.34356,0.964155,0.272829,-0.0581813,0.186098,0.678707,0.0405069,0.00947204,0.0199164,0.0467088,0.337798,-0.000164684,0.199057,1.67671,
12.3484,16.8504,1.34613,0.964169,0.272814,-0.0581696,0.18605,0.678721,0.0406347,0.00927203,0.0201142,0.0468486,0.337755,-0.000139993,0.199044,1.67651,
12.3469,16.8504,1.3487,0.964183,0.272799,-0.058158,0.186002,0.678734,0.0407626,0.00907203,0.0203121,0.0469884,0.337713,-0.000115301,0.199031,1.6763,
12.3453,16.8504,1.35126,0.964197,0.272783,-0.0581463,0.185954,0.678748,0.0408905,0.00887203,0.02051,0.0471283,0.337671,-9.06094e-05,0.199018,1.67609,
12.3437,16.8504,1.35383,0.964211,0.272768,-0.0581346,0.185907,0.678762,0.0410184,0.00867202,0.0207078,0.0472681,0.337628,-6.59178e-05,0.199005,1.67589,
12.3422,16.8504,1.3564,0.964225,0.272753,-0.0581229,0.185859,0.678776,0.0411462,0.00847202,0.0209057,0.0474079,0.337586,-4.12262e-05,0.198992,1.67568,
12.3406,16.8504,1.35896,0.964239,0.272737,-0.0581113,0.185811,0.678789,0.0412741,0.00827202,0.0211035,0.0475478,0.337544,-1.65347e-05,0.198979,1.67548,
12.3391,16.8504,1.36153,0.964253,0.272722,-0.0580996,0.185763,0.678803,0.041402,0.00807201,0.0213014,0.0476876,0.337501,8.1569e-06,0.198966,1.67527,
12.3375,16.8504,1.36409,0.964267,0.272707,-0.0580879,0.185715,0.678817,0.0415299,0.00787201,0.0214993,0.0478274,0.337459,3.28485e-05,0.198953,1.67507,
12.3359,16.8504,1.36666,0.964281,0.272691,-0.0580762,0.185668,0.678831,0.0416577,0.00767201,0.0216971,0.0479673,0.337417,5.754e-05,0.19894,1.67486,
12.3344,16.8504,1.36923,0.964295,0.272676,-0.0580646,0.18562,0.678844,0.0417856,0.007472,0.021895,0.0481071,0.337374,8.22316e-05,0.198927,1.67466,
12.3328,16.8504,1.37179,0.964309,0.272661,-0.0580529,0.185572,0.678858,0.0419135,0.007272,0.0220928,0.0482469,0.337332,0.000106923,0.198914,1.67445,
12.3313,16.8504,1.37436,0.964323,0.272645,-0.0580412,0.185524,0.678872,0.0420414,0.00707199,0.0222907,0.0483868,0.33729,0.000131615,0.198901,1.67425,
12.3297,16.8504,1.37692,0.964337,0.27263,-0.0580296,0.185477,0.678886,0.0421692,0.00687199,0.0224886,0.0485266,0.337247,0.000156306,0.198888,1.67404,
12.3281,16.8504,1.37949,0.964351,0.272615,-0.0580179,0.185429,0.678899,0.0422971,0.00667199,0.0226864,0.0486664,0.337205,0.000180998,0.198875,1.67384,
12.3266,16.8504,1.38206,0.964365,0.272599,-0.0580062,0.185382,0.678913,0.0423102,0.00645855,0.0228378,0.0487002,0.337163,0.000203313,0.198861,1.67363,
12.325,16.8504,1.38462,0.964378,0.272583,-0.0579945,0.185335,0.678926,0.0422859,0.00624075,0.0229741,0.0486995,0.337121,0.000224854,0.198846,1.67343,
12.3235,16.8504,1.38719,0.964392,0.272568,-0.0579828,0.185289,0.67894,0.0422617,0.00602294,0.0231104,0.0486988,0.337079,0.000246395,0.198831,1.67323,
12.3219,16.8504,1.38976,0.964406,0.272552,-0.0579711,0.185242,0.678953,0.0422374,0.00580513,0.0232467,0.0486981,0.337037,0.000267937,0.198816,1.67302,
12.3203,16.8504,1.39232,0.96442,0.272536,-0.0579594,0.185196,0.678967,0.0422131,0.00558732,0.023383,0.0486974,0.336995,0.000289478,0.1988,1.67282,
12.3188,16.8504,1.39489,0.964434,0.272521,-0.0579477,0.185149,0.678981,0.0421888,0.00536951,0.0235193,0.0486966,0.336954,0.000311019,0.198785,1.67262,
12.3172,16.8504,1.39745,0.964447,0.272505,-0.057936,0.185102,0.678994,0.0421646,0.00515171,0.0236556,0.0486959,0.336912,0.000332561,0.19877,1.67241,
12.3157,16.8504,1.40002,0.964461,0.272489,-0.0579243,0.185056,0.679008,0.0421403,0.0049339,0.0237919,0.0486952,0.33687,0.000354102,0.198755,1.67221,
12.3141,16.8504,1.40259,0.964475,0.272473,-0.0579126,0.185009,0.679021,0.0421118,0.00471568,0.0239255,0.0486907,0.336828,0.000375414,0.19874,1.67201,
12.3125,16.8504,1.40515,0.964489,0.272455,-0.0578987,0.184962,0.679035,0.0416975,0.00445951,0.0238142,0.0483367,0.336783,0.000375551,0.198725,1.67179,
12.311,16.8504,1.40772,0.964503,0.272437,-0.0578849,0.184915,0.679049,0.0412832,0.00420335,0.0237028,0.0479827,0.336739,0.000375688,0.198711,1.67158,
12.3094,16.8504,1.41028,0.964517,0.272419,-0.057871,0.184868,0.679063,0.0408689,0.00394718,0.0235914,0.0476287,0.336695,0.000375825,0.198696,1.67136,
12.3079,16.8504,1.41285,0.964531,0.272402,-0.0578572,0.18482,0.679076,0.0404545,0.00369102,0.0234801,0.0472747,0.33665,0.000375962,0.198681,1.67114,
12.3063,16.8504,1.41542,0.964545,0.272384,-0.0578433,0.184773,0.67909,0.0400402,0.00343485,0.0233687,0.0469207,0.336606,0.0003761,0.198666,1.67093,
12.3047,16.8504,1.41798,0.964559,0.272366,-0.0578295,0.184726,0.679104,0.0396259,0.00317869,0.0232573,0.0465667,0.336561,0.000376237,0.198651,1.67071,
12.3032,16.8504,1.42055,0.964573,0.272348,-0.0578157,0.184679,0.679118,0.0392115,0.00292252,0.0231459,0.0462127,0.336517,0.000376374,0.198636,1.6705,
12.3016,16.8504,1.42312,0.964587,0.27233,-0.0578018,0.184632,0.679132,0.0387972,0.00266636,0.0230346,0.0458586,0.336473,0.000376511,0.198621,1.67028,
12.3001,16.8504,1.42568,0.964602,0.272312,-0.057788,0.184584,0.679146,0.0383829,0.00241019,0.0229232,0.0455046,0.336428,0.000376648,0.198607,1.67007,
12.2985,16.8504,1.42825,0.964616,0.272294,-0.0577741,0.184537,0.67916,0.0379686,0.00215402,0.0228118,0.0451506,0.336384,0.000376785,0.198592,1.66985,
12.2969,16.8504,1.43081,0.96463,0.272276,-0.0577603,0.18449,0.679173,0.0375542,0.00189786,0.0227005,0.0447966,0.336339,0.000376922,0.198577,1.66963,
12.2954,16.8504,1.43338,0.964644,0.272258,-0.0577464,0.184443,0.679187,0.0371399,0.00164169,0.0225891,0.0444426,0.336295,0.00037706,0.198562,1.66942,
12.2938,16.8504,1.43595,0.964658,0.27224,-0.0577326,0.184396,0.679201,0.0367256,0.00138553,0.0224777,0.0440886,0.33625,0.000377197,0.198547,1.6692,
12.2923,16.8504,1.43851,0.964672,0.272222,-0.0577189,0.184348,0.679215,0.0363352,0.00112768,0.0223791,0.0437522,0.336206,0.000379918,0.198532,1.66899,
12.2907,16.8504,1.44108,0.964686,0.272204,-0.0577055,0.1843,0.679229,0.0359729,0.000867844,0.0222956,0.0434365,0.336162,0.000385679,0.198516,1.66877,
12.2891,16.8504,1.44365,0.9647,0.272186,-0.0576921,0.184253,0.679243,0.0356107,0.000608011,0.0222121,0.0431207,0.336117,0.00039144,0.198501,1.66856,
12.2876,16.8504,1.44621,0.964714,0.272169,-0.0576786,0.184205,0.679257,0.0352485,0.000348178,0.0221286,0.042805,0.336073,0.000397202,0.198485,1.66834,
12.286,16.8504,1.44878,0.964729,0.272151,-0.0576652,0.184157,0.679271,0.0348862,8.83446e-05,0.022045,0.0424893,0.336029,0.000402963,0.198469,1.66813,
12.2845,16.8504,1.45134,0.964743,0.272133,-0.0576517,0.184109,0.679285,0.034524,-0.000171489,0.0219615,0.0421736,0.335984,0.000408724,0.198454,1.66791,
12.2829,16.8504,1.45391,0.964757,0.272116,-0.0576383,0.184062,0.679299,0.0341617,-0.000431322,0.021878,0.0418578,0.33594,0.000414485,0.198438,1.6677,
12.2813,16.8504,1.45648,0.964771,0.272098,-0.0576249,0.184014,0.679313,0.0337995,-0.000691155,0.0217945,0.0415421,0.335896,0.000420247,0.198422,1.66748,
12.2798,16.8504,1.45904,0.964785,0.27208,-0.0576114,0.183966,0.679327,0.0334373,-0.000950988,0.0217109,0.0412264,0.335851,0.000426008,0.198407,1.66727,
12.2782,16.8504,1.46161,0.964799,0.272063,-0.057598,0.183918,0.679341,0.033075,-0.00121082,0.0216274,0.0409107,0.335807,0.000431769,0.198391,1.66705,
12.2767,16.8504,1.46417,0.964814,0.272045,-0.0575845,0.183871,0.679355,0.0327128,-0.00147065,0.0215439,0.040595,0.335763,0.00043753,0.198376,1.66683,
12.2751,16.8504,1.46674,0.964828,0.272027,-0.0575711,0.183823,0.679368,0.0323505,-0.00173049,0.0214604,0.0402792,0.335718,0.000443292,0.19836,1.66662,
12.2735,16.8504,1.46931,0.964842,0.27201,-0.0575577,0.183775,0.679382,0.0319883,-0.00199032,0.0213768,0.0399635,0.335674,0.000449053,0.198344,1.6664,
12.272,16.8504,1.47187,0.964856,0.271992,-0.0575442,0.183727,0.679396,0.0316261,-0.00225015,0.0212933,0.0396478,0.33563,0.000454814,0.198329,1.66619,
12.2704,16.8504,1.47444,0.96487,0.271974,-0.0575308,0.18368,0.67941,0.0312638,-0.00250999,0.0212098,0.0393321,0.335585,0.000460575,0.198313,1.66597,
12.2689,16.8504,1.47701,0.964885,0.271956,-0.0575173,0.183632,0.679424,0.0309016,-0.00276982,0.0211262,0.0390164,0.335541,0.000466337,0.198298,1.66576,
12.2673,16.8504,1.47957,0.964899,0.271939,-0.0575039,0.183584,0.679438,0.0305393,-0.00302965,0.0210427,0.0387006,0.335496,0.000472098,0.198282,1.66554,
12.2657,16.8504,1.48214,0.964913,0.271921,-0.0574905,0.183536,0.679452,0.0301771,-0.00328949,0.0209592,0.0383849,0.335452,0.000477859,0.198266,1.66533,
12.2642,16.8504,1.4847,0.964927,0.271903,-0.057477,0.183489,0.679466,0.0298149,-0.00354932,0.0208757,0.0380692,0.335408,0.000483621,0.198251,1.66511,
12.2626,16.8504,1.48727,0.964941,0.271886,-0.0574636,0.183441,0.67948,0.0294526,-0.00380915,0.0207921,0.0377535,0.335363,0.000489382,0.198235,1.6649,
12.2611,16.8504,1.48984,0.964955,0.271868,-0.0574501,0.183393,0.679494,0.0290904,-0.00406899,0.0207086,0.0374377,0.335319,0.000495143,0.198219,1.66468,
12.2595,16.8504,1.4924,0.96497,0.27185,-0.0574367,0.183345,0.679508,0.0287281,-0.00432882,0.0206251,0.037122,0.335275,0.000500904,0.198204,1.66447,
12.2579,16.8504,1.49497,0.964984,0.271833,-0.0574233,0.183298,0.679522,0.0283659,-0.00458865,0.0205416,0.0368063,0.33523,0.000506666,0.198188,1.66425,
12.2564,16.8504,1.49753,0.964998,0.271815,-0.0574098,0.18325,0.679536,0.0280037,-0.00484849,0.020458,0.0364906,0.335186,0.000512427,0.198173,1.66404,
12.2548,16.8504,1.5001,0.965012,0.271797,-0.0573964,0.183202,0.67955,0.0276414,-0.00510832,0.0203745,0.0361749,0.335142,0.000518188,0.198157,1.66382,
12.2533,16.8504,1.50267,0.965026,0.271779,-0.0573829,0.183154,0.679564,0.0272792,-0.00536815,0.020291,0.0358591,0.335097,0.000523949,0.198141,1.66361,
12.2517,16.8504,1.50523,0.965041,0.271762,-0.0573695,0.183107,0.679578,0.0269169,-0.00562799,0.0202075,0.0355434,0.335053,0.000529711,0.198126,1.66339,
12.2502,16.8504,1.5078,0.965055,0.271744,-0.0573561,0.183059,0.679592,0.0265547,-0.00588782,0.0201239,0.0352277,0.335009,0.000535472,0.19811,1.66317,
12.2486,16.8504,1.51037,0.965069,0.271726,-0.0573426,0.183011,0.679606,0.0261925,-0.00614765,0.0200404,0.034912,0.334964,0.000541233,0.198095,1.66296,
12.247,16.8504,1.51293,0.965083,0.271709,-0.0573292,0.182964,0.67962,0.0258302,-0.00640749,0.0199569,0.0345962,0.33492,0.000546994,0.198079,1.66274,
12.2455,16.8504,1.5155,0.965097,0.271691,-0.0573158,0.182916,0.679634,0.025468,-0.00666732,0.0198734,0.0342805,0.334876,0.000552756,0.198063,1.66253,
12.2439,16.8504,1.51806,0.965111,0.271673,-0.0573023,0.182868,0.679648,0.0251057,-0.00692715,0.0197898,0.0339648,0.334831,0.000558517,0.198048,1.66231,
12.2424,16.8504,1.52063,0.965126,0.271656,-0.0572889,0.18282,0.679662,0.0247435,-0.00718699,0.0197063,0.0336491,0.334787,0.000564278,0.198032,1.6621,
12.2408,16.8504,1.5232,0.96514,0.271638,-0.0572754,0.182773,0.679675,0.0243813,-0.00744682,0.0196228,0.0333334,0.334742,0.000570039,0.198016,1.66188,
12.2392,16.8504,1.52576,0.965154,0.27162,-0.057262,0.182725,0.679689,0.024019,-0.00770665,0.0195393,0.0330176,0.334698,0.000575801,0.198001,1.66167,
12.2377,16.8504,1.52833,0.965168,0.271602,-0.0572486,0.182677,0.679703,0.0236568,-0.00796649,0.0194557,0.0327019,0.334654,0.000581562,0.197985,1.66145,
12.2361,16.8504,1.53089,0.965182,0.271585,-0.0572351,0.182629,0.679717,0.0232945,-0.00822632,0.0193722,0.0323862,0.334609,0.000587323,0.19797,1.66124,
12.2346,16.8504,1.53346,0.965196,0.271567,-0.0572217,0.182582,0.679731,0.0229323,-0.00848615,0.0192887,0.0320705,0.334565,0.000593085,0.197954,1.66102,
12.233,16.8504,1.53603,0.965211,0.271549,-0.0572082,0.182534,0.679745,0.0225701,-0.00874599,0.0192051,0.0317548,0.334521,0.000598846,0.197938,1.66081,
12.2314,16.8504,1.53859,0.965225,0.271532,-0.0571948,0.182486,0.679759,0.0222078,-0.00900582,0.0191216,0.031439,0.334476,0.000604607,0.197923,1.66059,
12.2299,16.8504,1.54116,0.965239,0.271514,-0.0571814,0.182438,0.679773,0.0218456,-0.00926565,0.0190381,0.0311233,0.334432,0.000610368,0.197907,1.66038,
12.2283,16.8504,1.54373,0.965253,0.271496,-0.0571679,0.182391,0.679787,0.0214833,-0.00952549,0.0189546,0.0308076,0.334388,0.00061613,0.197892,1.66016,
12.2268,16.8504,1.54629,0.965267,0.271479,-0.0571545,0.182343,0.679801,0.0211211,-0.00978532,0.018871,0.0304919,0.334343,0.000621891,0.197876,1.65994,
12.2252,16.8504,1.54886,0.965282,0.271461,-0.057141,0.182295,0.679815,0.0207589,-0.0100452,0.0187875,0.0301761,0.334299,0.000627652,0.19786,1.65973,
12.2236,16.8504,1.55142,0.965296,0.271442,-0.0571262,0.182247,0.679829,0.0201474,-0.0104326,0.0186538,0.0301279,0.334254,0.00061412,0.19785,1.65951,
12.2221,16.8504,1.55399,0.96531,0.271422,-0.0571098,0.1822,0.679843,0.0192639,-0.0109594,0.0184653,0.0303719,0.334207,0.000579514,0.197845,1.65928,
12.2205,16.8504,1.55656,0.965324,0.271402,-0.0570933,0.182152,0.679857,0.0183804,-0.0114863,0.0182768,0.0306159,0.33416,0.000544909,0.19784,1.65906,
12.219,16.8504,1.55912,0.965338,0.271382,-0.0570769,0.182105,0.67987,0.0174968,-0.0120131,0.0180884,0.0308599,0.334114,0.000510304,0.197836,1.65883,
12.2174,16.8504,1.56169,0.965352,0.271362,-0.0570605,0.182057,0.679884,0.0166133,-0.0125399,0.0178999,0.0311039,0.334067,0.000475699,0.197831,1.6586,
12.2158,16.8504,1.56425,0.965366,0.271342,-0.0570441,0.182009,0.679898,0.0157297,-0.0130668,0.0177114,0.0313479,0.33402,0.000441093,0.197826,1.65838,
12.2143,16.8504,1.56682,0.96538,0.271321,-0.0570276,0.181962,0.679912,0.0148462,-0.0135936,0.0175229,0.0315919,0.333974,0.000406488,0.197821,1.65815,
12.2127,16.8504,1.56939,0.965394,0.271301,-0.0570112,0.181914,0.679926,0.0139627,-0.0141204,0.0173344,0.0318359,0.333927,0.000371883,0.197816,1.65792,
12.2112,16.8504,1.57195,0.965408,0.271281,-0.0569948,0.181867,0.67994,0.0130791,-0.0146473,0.0171459,0.0320798,0.333881,0.000337278,0.197812,1.6577,
12.2096,16.8504,1.57452,0.965422,0.271261,-0.0569784,0.181819,0.679953,0.0121956,-0.0151741,0.0169574,0.0323238,0.333834,0.000302672,0.197807,1.65747,
12.208,16.8504,1.57708,0.965436,0.271241,-0.056962,0.181772,0.679967,0.011312,-0.015701,0.016769,0.0325678,0.333787,0.000268067,0.197802,1.65724,
12.2065,16.8504,1.57965,0.96545,0.271221,-0.0569455,0.181724,0.679981,0.0104285,-0.0162278,0.0165805,0.0328118,0.333741,0.000233462,0.197797,1.65702,
12.2049,16.8504,1.58222,0.965464,0.271201,-0.0569291,0.181676,0.679995,0.00954497,-0.0167546,0.016392,0.0330558,0.333694,0.000198857,0.197793,1.65679,
12.2034,16.8504,1.58478,0.965478,0.271181,-0.0569127,0.181629,0.680009,0.00866143,-0.0172815,0.0162035,0.0332998,0.333648,0.000164251,0.197788,1.65656,
12.2018,16.8504,1.58735,0.965492,0.271161,-0.0568963,0.181581,0.680023,0.00777789,-0.0178083,0.016015,0.0335438,0.333601,0.000129646,0.197783,1.65634,
12.2002,16.8504,1.58992,0.965506,0.271141,-0.0568799,0.181534,0.680036,0.00689435,-0.0183351,0.0158265,0.0337877,0.333554,9.50409e-05,0.197778,1.65611,
12.1987,16.8504,1.59248,0.96552,0.271121,-0.0568634,0.181486,0.68005,0.00601081,-0.018862,0.015638,0.0340317,0.333508,6.04357e-05,0.197773,1.65588,
12.1971,16.8504,1.59505,0.965534,0.2711,-0.056847,0.181438,0.680064,0.00512727,-0.0193888,0.0154495,0.0342757,0.333461,2.58304e-05,0.197769,1.65566,
12.1956,16.8504,1.59761,0.965548,0.27108,-0.0568306,0.181391,0.680078,0.00424373,-0.0199156,0.0152611,0.0345197,0.333415,-8.7748e-06,0.197764,1.65543,
12.194,16.8504,1.60018,0.965562,0.27106,-0.0568142,0.181343,0.680092,0.00336019,-0.0204425,0.0150726,0.0347637,0.333368,-4.338e-05,0.197759,1.6552,
12.1924,16.8504,1.60275,0.965576,0.27104,-0.0567977,0.181296,0.680106,0.00247665,-0.0209693,0.0148841,0.0350077,0.333321,-7.79853e-05,0.197754,1.65498,
12.1909,16.8504,1.60531,0.96559,0.27102,-0.0567813,0.181248,0.68012,0.00159311,-0.0214961,0.0146956,0.0352517,0.333275,-0.000112591,0.19775,1.65475,
12.1893,16.8504,1.60788,0.965604,0.271,-0.0567649,0.1812,0.680133,0.00070957,-0.022023,0.0145071,0.0354957,0.333228,-0.000147196,0.197745,1.65452,
12.1878,16.8504,1.61044,0.965618,0.27098,-0.0567485,0.181153,0.680147,-0.00017397,-0.0225498,0.0143186,0.0357396,0.333182,-0.000181801,0.19774,1.6543,
12.1862,16.8504,1.61301,0.965632,0.27096,-0.0567321,0.181105,0.680161,-0.00105751,-0.0230766,0.0141301,0.0359836,0.333135,-0.000216406,0.197735,1.65407,
12.1846,16.8504,1.61558,0.965646,0.27094,-0.0567156,0.181058,0.680175,-0.00194105,-0.0236035,0.0139416,0.0362276,0.333088,-0.000251012,0.19773,1.65384,
12.1831,16.8504,1.61814,0.96566,0.27092,-0.0566992,0.18101,0.680189,-0.00282459,-0.0241303,0.0137532,0.0364716,0.333042,-0.000285617,0.197726,1.65362,
12.1815,16.8504,1.62071,0.965675,0.270899,-0.0566828,0.180962,0.680203,-0.00370813,-0.0246572,0.0135647,0.0367156,0.332995,-0.000320222,0.197721,1.65339,
12.18,16.8504,1.62328,0.965689,0.270879,-0.0566663,0.180915,0.680216,-0.00457535,-0.0251633,0.0133762,0.0369588,0.332949,-0.00035238,0.197717,1.65316,
12.1784,16.8504,1.62584,0.965703,0.270859,-0.0566492,0.180866,0.680231,-0.00529555,-0.0254835,0.0131877,0.0371944,0.332901,-0.000362495,0.197719,1.65293,
12.1768,16.8504,1.62841,0.965718,0.270839,-0.0566321,0.180818,0.680246,-0.00601575,-0.0258036,0.0129992,0.0374301,0.332854,-0.000372609,0.197722,1.6527,
12.1753,16.8504,1.63097,0.965733,0.270818,-0.056615,0.180769,0.68026,-0.00673595,-0.0261237,0.0128107,0.0376658,0.332806,-0.000382723,0.197724,1.65247,
12.1737,16.8504,1.63354,0.965747,0.270798,-0.0565979,0.180721,0.680275,-0.00745615,-0.0264439,0.0126221,0.0379015,0.332759,-0.000392838,0.197726,1.65224,
12.1722,16.8504,1.63611,0.965762,0.270778,-0.0565808,0.180672,0.680289,-0.00817635,-0.026764,0.0124336,0.0381372,0.332711,-0.000402952,0.197729,1.65201,
12.1706,16.8504,1.63867,0.965777,0.270757,-0.0565637,0.180624,0.680304,-0.00889655,-0.0270842,0.0122451,0.0383728,0.332664,-0.000413066,0.197731,1.65178,
12.169,16.8504,1.64124,0.965791,0.270737,-0.0565466,0.180575,0.680318,-0.00961675,-0.0274043,0.0120566,0.0386085,0.332616,-0.000423181,0.197734,1.65155,
12.1675,16.8504,1.6438,0.965806,0.270717,-0.0565295,0.180527,0.680333,-0.0103369,-0.0277244,0.0118681,0.0388442,0.332569,-0.000433295,0.197736,1.65132,
12.1659,16.8504,1.64637,0.965821,0.270696,-0.0565124,0.180478,0.680347,-0.0110571,-0.0280446,0.0116796,0.0390799,0.332521,-0.000443409,0.197738,1.65109,
12.1644,16.8504,1.64894,0.965836,0.270676,-0.0564953,0.18043,0.680362,-0.0117773,-0.0283647,0.0114911,0.0393156,0.332474,-0.000453524,0.197741,1.65086,
12.1628,16.8504,1.6515,0.96585,0.270656,-0.0564782,0.180381,0.680376,-0.0124975,-0.0286848,0.0113026,0.0395512,0.332426,-0.000463638,0.197743,1.65063,
12.1612,16.8504,1.65407,0.965865,0.270635,-0.0564611,0.180333,0.680391,-0.0132177,-0.029005,0.0111141,0.0397869,0.332379,-0.000473752,0.197746,1.6504,
12.1597,16.8504,1.65664,0.96588,0.270615,-0.056444,0.180284,0.680405,-0.0139379,-0.0293251,0.0109256,0.0400226,0.332331,-0.000483867,0.197748,1.65016,
12.1581,16.8504,1.6592,0.965894,0.270595,-0.0564269,0.180235,0.68042,-0.0146581,-0.0296453,0.0107371,0.0402583,0.332284,-0.000493981,0.197751,1.64993,
12.1566,16.8504,1.66177,0.965909,0.270574,-0.0564098,0.180187,0.680434,-0.0153783,-0.0299654,0.0105486,0.040494,0.332236,-0.000504095,0.197753,1.6497,
12.155,16.8504,1.66433,0.965924,0.270554,-0.0563927,0.180138,0.680449,-0.0160985,-0.0302855,0.0103601,0.0407296,0.332189,-0.00051421,0.197755,1.64947,
12.1534,16.8504,1.6669,0.965939,0.270534,-0.0563756,0.18009,0.680463,-0.0168187,-0.0306057,0.0101715,0.0409653,0.332141,-0.000524324,0.197758,1.64924,
12.1519,16.8504,1.66947,0.965953,0.270513,-0.0563584,0.180041,0.680478,-0.0175389,-0.0309258,0.00998304,0.041201,0.332094,-0.000534438,0.19776,1.64901,
12.1503,16.8504,1.67203,0.965968,0.270493,-0.0563413,0.179993,0.680492,-0.0182591,-0.0312459,0.00979453,0.0414367,0.332046,-0.000544553,0.197763,1.64878,
12.1488,16.8504,1.6746,0.965983,0.270473,-0.0563242,0.179944,0.680507,-0.0189793,-0.0315661,0.00960602,0.0416724,0.331999,-0.000554667,0.197765,1.64855,
12.1472,16.8504,1.67716,0.965997,0.270452,-0.0563071,0.179896,0.680521,-0.0196995,-0.0318862,0.00941752,0.0419081,0.331951,-0.000564781,0.197767,1.64832,
12.1456,16.8504,1.67973,0.966012,0.270432,-0.05629,0.179847,0.680536,-0.0204197,-0.0322063,0.00922901,0.0421437,0.331904,-0.000574896,0.19777,1.64809,
12.1441,16.8504,1.6823,0.966027,0.270412,-0.0562729,0.179799,0.68055,-0.0211399,-0.0325265,0.0090405,0.0423794,0.331856,-0.00058501,0.197772,1.64786,
12.1425,16.8504,1.68486,0.966041,0.270391,-0.0562558,0.17975,0.680565,-0.0218601,-0.0328466,0.00885199,0.0426151,0.331809,-0.000595124,0.197775,1.64763,
12.141,16.8504,1.68743,0.966056,0.270371,-0.0562387,0.179702,0.680579,-0.0225803,-0.0331668,0.00866348,0.0428508,0.331761,-0.000605239,0.197777,1.6474,
12.1394,16.8504,1.69,0.966071,0.270351,-0.0562216,0.179653,0.680594,-0.0233005,-0.0334869,0.00847498,0.0430865,0.331714,-0.000615353,0.19778,1.64717,
12.1378,16.8504,1.69256,0.966085,0.27033,-0.0562045,0.179605,0.680608,-0.0240207,-0.033807,0.00828647,0.0433221,0.331666,-0.000625467,0.197782,1.64693,
12.1363,16.8504,1.69513,0.9661,0.27031,-0.0561874,0.179556,0.680623,-0.0247409,-0.0341272,0.00809796,0.0435578,0.331619,-0.000635582,0.197784,1.6467,
12.1347,16.8504,1.69769,0.966115,0.270289,-0.0561703,0.179508,0.680637,-0.0254611,-0.0344473,0.00790945,0.0437935,0.331572,-0.000645696,0.197787,1.64647,
12.1332,16.8504,1.70026,0.966128,0.270269,-0.0561512,0.179455,0.68065,-0.0256035,-0.0342926,0.00791366,0.0437598,0.331522,-0.000770934,0.197799,1.64623,
12.1316,16.8504,1.70283,0.966141,0.270249,-0.056132,0.179402,0.680663,-0.0257125,-0.0341103,0.00792902,0.0437104,0.331472,-0.000902838,0.197811,1.64599,
12.13,16.8504,1.70539,0.966154,0.270228,-0.0561128,0.17935,0.680676,-0.0258214,-0.0339281,0.00794438,0.0436611,0.331422,-0.00103474,0.197824,1.64574,
12.1285,16.8504,1.70796,0.966167,0.270208,-0.0560936,0.179297,0.680689,-0.0259303,-0.0337459,0.00795974,0.0436118,0.331372,-0.00116665,0.197836,1.6455,
12.1269,16.8504,1.71052,0.966181,0.270187,-0.0560744,0.179244,0.680702,-0.0260393,-0.0335636,0.0079751,0.0435625,0.331322,-0.00129855,0.197849,1.64525,
12.1254,16.8504,1.71309,0.966194,0.270167,-0.0560552,0.179191,0.680715,-0.0261482,-0.0333814,0.00799046,0.0435131,0.331272,-0.00143045,0.197861,1.64501,
12.1238,16.8504,1.71566,0.966207,0.270146,-0.056036,0.179139,0.680728,-0.0262571,-0.0331991,0.00800582,0.0434638,0.331222,-0.00156236,0.197874,1.64477,
12.1223,16.8504,1.71822,0.96622,0.270126,-0.0560168,0.179086,0.680741,-0.0263661,-0.0330169,0.00802119,0.0434145,0.331172,-0.00169426,0.197886,1.64452,
12.1207,16.8504,1.72079,0.966233,0.270105,-0.0559976,0.179033,0.680754,-0.026475,-0.0328347,0.00803655,0.0433651,0.331122,-0.00182616,0.197899,1.64428,
12.1191,16.8504,1.72336,0.966246,0.270085,-0.0559784,0.17898,0.680767,-0.0265839,-0.0326524,0.00805191,0.0433158,0.331072,-0.00195807,0.197912,1.64404,
12.1176,16.8504,1.72592,0.966259,0.270064,-0.0559592,0.178928,0.68078,-0.0266929,-0.0324702,0.00806727,0.0432665,0.331022,-0.00208997,0.197924,1.64379,
12.116,16.8504,1.72849,0.966272,0.270044,-0.05594,0.178875,0.680793,-0.0268018,-0.032288,0.00808263,0.0432172,0.330972,-0.00222188,0.197937,1.64355,
12.1145,16.8504,1.73105,0.966285,0.270023,-0.0559208,0.178822,0.680806,-0.0269108,-0.0321057,0.00809799,0.0431678,0.330922,-0.00235378,0.197949,1.6433,
12.1129,16.8504,1.73362,0.966298,0.270003,-0.0559016,0.178769,0.680819,-0.0270197,-0.0319235,0.00811336,0.0431185,0.330872,-0.00248568,0.197962,1.64306,
12.1113,16.8504,1.73619,0.966312,0.269982,-0.0558824,0.178717,0.680832,-0.0271286,-0.0317413,0.00812872,0.0430692,0.330822,-0.00261759,0.197974,1.64282,
12.1098,16.8504,1.73875,0.966325,0.269962,-0.0558632,0.178664,0.680845,-0.0272376,-0.031559,0.00814408,0.0430198,0.330772,-0.00274949,0.197987,1.64257,
12.1082,16.8504,1.74132,0.966338,0.269941,-0.055844,0.178611,0.680858,-0.0273465,-0.0313768,0.00815944,0.0429705,0.330722,-0.0028814,0.197999,1.64233,
12.1067,16.8504,1.74388,0.966351,0.269921,-0.0558248,0.178558,0.680871,-0.0274554,-0.0311945,0.0081748,0.0429212,0.330672,-0.0030133,0.198012,1.64209,
12.1051,16.8504,1.74645,0.966364,0.2699,-0.0558056,0.178505,0.680884,-0.0275644,-0.0310123,0.00819016,0.0428718,0.330622,-0.0031452,0.198024,1.64184,
12.1035,16.8504,1.74902,0.966377,0.26988,-0.0557864,0.178453,0.680897,-0.0276733,-0.0308301,0.00820552,0.0428225,0.330572,-0.00327711,0.198037,1.6416,
12.102,16.8504,1.75158,0.96639,0.269859,-0.0557672,0.1784,0.68091,-0.0277822,-0.0306478,0.00822089,0.0427732,0.330522,-0.00340901,0.198049,1.64135,
12.1004,16.8504,1.75415,0.966403,0.269839,-0.055748,0.178347,0.680922,-0.0278912,-0.0304656,0.00823625,0.0427239,0.330472,-0.00354091,0.198062,1.64111,
12.0989,16.8504,1.75672,0.966416,0.269818,-0.0557288,0.178294,0.680935,-0.0280001,-0.0302834,0.00825161,0.0426745,0.330422,-0.00367282,0.198074,1.64087,
12.0973,16.8504,1.75928,0.96643,0.269798,-0.0557096,0.178242,0.680948,-0.028109,-0.0301011,0.00826697,0.0426252,0.330372,-0.00380472,0.198087,1.64062,
12.0957,16.8504,1.76185,0.966443,0.269777,-0.0556904,0.178189,0.680961,-0.028218,-0.0299189,0.00828233,0.0425759,0.330322,-0.00393663,0.1981,1.64038,
12.0942,16.8504,1.76441,0.966456,0.269757,-0.0556712,0.178136,0.680974,-0.0283269,-0.0297366,0.00829769,0.0425265,0.330272,-0.00406853,0.198112,1.64014,
12.0926,16.8504,1.76698,0.966469,0.269737,-0.055652,0.178083,0.680987,-0.0284358,-0.0295544,0.00831306,0.0424772,0.330222,-0.00420043,0.198125,1.63989,
12.0911,16.8504,1.76955,0.966482,0.269716,-0.0556328,0.178031,0.681,-0.0285448,-0.0293722,0.00832842,0.0424279,0.330172,-0.00433234,0.198137,1.63965,
12.0895,16.8504,1.77211,0.966495,0.269696,-0.0556136,0.177978,0.681013,-0.0286537,-0.0291899,0.00834378,0.0423786,0.330122,-0.00446424,0.19815,1.6394,
12.0879,16.8504,1.77468,0.966508,0.269675,-0.0555944,0.177925,0.681026,-0.0287626,-0.0290077,0.00835914,0.0423292,0.330072,-0.00459614,0.198162,1.63916,
12.0864,16.8504,1.77724,0.966521,0.269655,-0.0555752,0.177872,0.681039,-0.0288716,-0.0288255,0.0083745,0.0422799,0.330022,-0.00472805,0.198175,1.63892,
12.0848,16.8504,1.77981,0.966534,0.269634,-0.0555559,0.17782,0.681052,-0.0289805,-0.0286432,0.00838986,0.0422306,0.329972,-0.00485995,0.198187,1.63867,
12.0833,16.8504,1.78238,0.966548,0.269614,-0.0555367,0.177767,0.681065,-0.0290894,-0.028461,0.00840522,0.0421812,0.329922,-0.00499186,0.1982,1.63843,
12.0817,16.8504,1.78494,0.966561,0.269593,-0.0555175,0.177714,0.681078,-0.0291984,-0.0282787,0.00842059,0.0421319,0.329872,-0.00512376,0.198212,1.63818,
12.0801,16.8504,1.78751,0.966574,0.269573,-0.0554983,0.177661,0.681091,-0.0293073,-0.0280965,0.00843595,0.0420826,0.329822,-0.00525566,0.198225,1.63794,
12.0786,16.8504,1.79008,0.966587,0.269552,-0.0554791,0.177609,0.681104,-0.0294162,-0.0279143,0.00845131,0.0420332,0.329772,-0.00538757,0.198237,1.6377,
12.077,16.8504,1.79264,0.9666,0.269532,-0.0554599,0.177556,0.681117,-0.0295252,-0.027732,0.00846667,0.0419839,0.329722,-0.00551947,0.19825,1.63745,
12.0755,16.8504,1.79521,0.966613,0.269511,-0.0554407,0.177503,0.68113,-0.0296341,-0.0275498,0.00848203,0.0419346,0.329672,-0.00565138,0.198262,1.63721,
12.0739,16.8504,1.79777,0.966626,0.269491,-0.0554215,0.17745,0.681143,-0.029743,-0.0273676,0.00849739,0.0418853,0.329622,-0.00578328,0.198275,1.63697,
12.0723,16.8504,1.80034,0.966639,0.26947,-0.0554023,0.177398,0.681156,-0.029852,-0.0271853,0.00851275,0.0418359,0.329572,-0.00591518,0.198288,1.63672,
12.0708,16.8504,1.80291,0.966652,0.26945,-0.0553831,0.177345,0.681169,-0.0299609,-0.0270031,0.00852812,0.0417866,0.329522,-0.00604709,0.1983,1.63648,
12.0692,16.8504,1.80547,0.966666,0.269429,-0.0553639,0.177292,0.681182,-0.0300698,-0.0268209,0.00854348,0.0417373,0.329472,-0.00617899,0.198313,1.63623,
12.0677,16.8504,1.80804,0.966679,0.269409,-0.0553447,0.177239,0.681194,-0.0301788,-0.0266386,0.00855884,0.0416879,0.329422,-0.0063109,0.198325,1.63599,
12.0661,16.8504,1.8106,0.966692,0.269388,-0.0553255,0.177186,0.681207,-0.0302877,-0.0264564,0.0085742,0.0416386,0.329372,-0.0064428,0.198338,1.63575,
12.0645,16.8504,1.81317,0.966705,0.269368,-0.0553063,0.177134,0.68122,-0.0303967,-0.0262741,0.00858956,0.0415893,0.329322,-0.0065747,0.19835,1.6355,
12.063,16.8504,1.81574,0.966719,0.269346,-0.0552865,0.177082,0.681234,-0.0305051,-0.0260716,0.00858057,0.0415137,0.329272,-0.006673,0.198363,1.63526,
12.0614,16.8504,1.8183,0.966733,0.269325,-0.0552665,0.177031,0.681248,-0.0306134,-0.0258627,0.00856382,0.0414298,0.329221,-0.00676062,0.198375,1.63501,
12.0599,16.8504,1.82087,0.966747,0.269303,-0.0552464,0.176979,0.681262,-0.0307217,-0.0256537,0.00854708,0.0413458,0.329171,-0.00684823,0.198387,1.63477,
12.0583,16.8504,1.82344,0.966761,0.269281,-0.0552264,0.176928,0.681276,-0.03083,-0.0254447,0.00853034,0.0412619,0.32912,-0.00693585,0.198399,1.63452,
12.0567,16.8504,1.826,0.966775,0.26926,-0.0552064,0.176877,0.68129,-0.0309383,-0.0252358,0.00851359,0.041178,0.32907,-0.00702346,0.198412,1.63428,
12.0552,16.8504,1.82857,0.966789,0.269238,-0.0551863,0.176825,0.681304,-0.0310466,-0.0250268,0.00849685,0.041094,0.32902,-0.00711108,0.198424,1.63403,
12.0536,16.8504,1.83113,0.966803,0.269216,-0.0551663,0.176774,0.681318,-0.0311549,-0.0248179,0.00848011,0.0410101,0.328969,-0.0071987,0.198436,1.63378,
12.0521,16.8504,1.8337,0.966817,0.269195,-0.0551463,0.176723,0.681332,-0.0312632,-0.0246089,0.00846336,0.0409262,0.328919,-0.00728631,0.198449,1.63354,
12.0505,16.8504,1.83627,0.966831,0.269173,-0.0551262,0.176671,0.681345,-0.0313716,-0.0243999,0.00844662,0.0408422,0.328868,-0.00737393,0.198461,1.63329,
12.0489,16.8504,1.83883,0.966846,0.269151,-0.0551062,0.17662,0.681359,-0.0314799,-0.024191,0.00842988,0.0407583,0.328818,-0.00746154,0.198473,1.63305,
12.0474,16.8504,1.8414,0.96686,0.269129,-0.0550862,0.176569,0.681373,-0.0315882,-0.023982,0.00841314,0.0406744,0.328768,-0.00754916,0.198485,1.6328,
12.0458,16.8504,1.84396,0.966874,0.269108,-0.0550661,0.176517,0.681387,-0.0316965,-0.023773,0.00839639,0.0405904,0.328717,-0.00763677,0.198498,1.63256,
12.0443,16.8504,1.84653,0.966888,0.269087,-0.0550475,0.176463,0.681401,-0.0316172,-0.0233976,0.00839178,0.0402775,0.328667,-0.00771535,0.198512,1.63231,
12.0427,16.8504,1.8491,0.966903,0.269068,-0.0550308,0.176404,0.681416,-0.0312707,-0.0227852,0.00840443,0.0396384,0.328616,-0.00778107,0.198529,1.63206,
12.0411,16.8504,1.85166,0.966917,0.269049,-0.0550138,0.176347,0.68143,-0.0309352,-0.0221928,0.00841235,0.0390204,0.328565,-0.00784009,0.198546,1.63182,
12.0396,16.8504,1.85423,0.966933,0.269025,-0.0549921,0.176303,0.681446,-0.030789,-0.0219463,0.00833901,0.0387632,0.328516,-0.00778409,0.198564,1.63158,
12.038,16.8504,1.8568,0.96695,0.269001,-0.0549705,0.17626,0.681462,-0.0306429,-0.0216997,0.00826568,0.038506,0.328468,-0.00772809,0.198582,1.63134,
12.0365,16.8504,1.85936,0.966966,0.268976,-0.0549488,0.176216,0.681478,-0.0304967,-0.0214531,0.00819234,0.0382488,0.328419,-0.00767209,0.1986,1.63111,
12.0349,16.8504,1.86193,0.966982,0.268952,-0.0549272,0.176173,0.681494,-0.0303505,-0.0212065,0.008119,0.0379915,0.32837,-0.00761609,0.198618,1.63087,
12.0333,16.8504,1.86449,0.966998,0.268927,-0.0549055,0.17613,0.68151,-0.0302044,-0.0209599,0.00804566,0.0377343,0.328322,-0.00756009,0.198636,1.63064,
12.0318,16.8504,1.86706,0.967014,0.268903,-0.0548839,0.176086,0.681526,-0.0300582,-0.0207134,0.00797232,0.0374771,0.328273,-0.00750409,0.198654,1.6304,
12.0302,16.8504,1.86963,0.96703,0.268879,-0.0548622,0.176043,0.681542,-0.0299121,-0.0204668,0.00789899,0.0372199,0.328225,-0.00744809,0.198672,1.63016,
12.0287,16.8504,1.87219,0.967046,0.268854,-0.0548406,0.175999,0.681558,-0.0297659,-0.0202202,0.00782565,0.0369627,0.328176,-0.00739209,0.19869,1.62993,
12.0271,16.8504,1.87476,0.967062,0.26883,-0.0548189,0.175956,0.681573,-0.0296197,-0.0199736,0.00775231,0.0367055,0.328127,-0.00733609,0.198708,1.62969,
12.0255,16.8504,1.87732,0.967078,0.268805,-0.0547973,0.175913,0.681589,-0.0294736,-0.019727,0.00767897,0.0364483,0.328079,-0.00728009,0.198726,1.62946,
12.024,16.8504,1.87989,0.967095,0.268781,-0.0547756,0.175869,0.681605,-0.0293274,-0.0194804,0.00760563,0.0361911,0.32803,-0.00722409,0.198744,1.62922,
12.0224,16.8504,1.88246,0.967111,0.268756,-0.054754,0.175826,0.681621,-0.0291813,-0.0192339,0.00753229,0.0359339,0.327982,-0.00716809,0.198762,1.62898,
12.0209,16.8504,1.88502,0.967127,0.268732,-0.0547323,0.175782,0.681637,-0.0290351,-0.0189873,0.00745896,0.0356767,0.327933,-0.00711209,0.19878,1.62875,
12.0193,16.8504,1.88759,0.967143,0.268708,-0.0547106,0.175739,0.681653,-0.0288889,-0.0187407,0.00738562,0.0354195,0.327884,-0.00705609,0.198798,1.62851,
12.0177,16.8504,1.89016,0.967159,0.268683,-0.054689,0.175695,0.681669,-0.0287428,-0.0184941,0.00731228,0.0351623,0.327836,-0.00700009,0.198816,1.62828,
12.0162,16.8504,1.89272,0.967175,0.268659,-0.0546673,0.175652,0.681685,-0.0285966,-0.0182475,0.00723894,0.034905,0.327787,-0.00694409,0.198834,1.62804,
12.0146,16.8504,1.89529,0.967191,0.268634,-0.0546457,0.175609,0.681701,-0.0284505,-0.0180009,0.0071656,0.0346478,0.327739,-0.00688809,0.198852,1.6278,
12.0131,16.8504,1.89785,0.967207,0.26861,-0.054624,0.175565,0.681717,-0.0283043,-0.0177544,0.00709226,0.0343906,0.32769,-0.0068321,0.19887,1.62757,
12.0115,16.8504,1.90042,0.967223,0.268586,-0.0546024,0.175522,0.681732,-0.0281581,-0.0175078,0.00701893,0.0341334,0.327641,-0.0067761,0.198888,1.62733,
12.0099,16.8504,1.90299,0.96724,0.268561,-0.0545807,0.175478,0.681748,-0.028012,-0.0172612,0.00694559,0.0338762,0.327593,-0.0067201,0.198906,1.6271,
12.0084,16.8504,1.90555,0.967256,0.268537,-0.0545591,0.175435,0.681764,-0.0278658,-0.0170146,0.00687225,0.033619,0.327544,-0.0066641,0.198924,1.62686,
12.0068,16.8504,1.90812,0.967272,0.268512,-0.0545374,0.175392,0.68178,-0.0277197,-0.016768,0.00679891,0.0333618,0.327496,-0.0066081,0.198942,1.62662,
12.0053,16.8504,1.91068,0.967288,0.268488,-0.0545158,0.175348,0.681796,-0.0275735,-0.0165215,0.00672557,0.0331046,0.327447,-0.0065521,0.19896,1.62639,
12.0037,16.8504,1.91325,0.967304,0.268464,-0.0544941,0.175305,0.681812,-0.0274273,-0.0162749,0.00665224,0.0328474,0.327398,-0.0064961,0.198978,1.62615,
12.0021,16.8504,1.91582,0.96732,0.268439,-0.0544725,0.175261,0.681828,-0.0272812,-0.0160283,0.0065789,0.0325902,0.32735,-0.0064401,0.198996,1.62592,
12.0006,16.8504,1.91838,0.967336,0.268415,-0.0544508,0.175218,0.681844,-0.027135,-0.0157817,0.00650556,0.032333,0.327301,-0.0063841,0.199014,1.62568,
11.999,16.8504,1.92095,0.967352,0.26839,-0.0544292,0.175174,0.68186,-0.0269889,-0.0155351,0.00643222,0.0320758,0.327253,-0.0063281,0.199032,1.62544,
11.9975,16.8504,1.92352,0.967368,0.268366,-0.0544075,0.175131,0.681876,-0.0268427,-0.0152885,0.00635888,0.0318185,0.327204,-0.0062721,0.19905,1.62521,
11.9959,16.8504,1.92608,0.967385,0.268341,-0.0543859,0.175088,0.681892,-0.0266965,-0.015042,0.00628554,0.0315613,0.327155,-0.0062161,0.199068,1.62497,
11.9943,16.8504,1.92865,0.967401,0.268317,-0.0543642,0.175044,0.681907,-0.0265504,-0.0147954,0.00621221,0.0313041,0.327107,-0.0061601,0.199086,1.62474,
11.9928,16.8504,1.93121,0.967417,0.268293,-0.0543425,0.175001,0.681923,-0.0264042,-0.0145488,0.00613887,0.0310469,0.327058,-0.0061041,0.199104,1.6245,
11.9912,16.8504,1.93378,0.967433,0.268268,-0.0543209,0.174957,0.681939,-0.0262581,-0.0143022,0.00606553,0.0307897,0.32701,-0.0060481,0.199122,1.62426,
11.9897,16.8504,1.93635,0.967449,0.268244,-0.0542992,0.174914,0.681955,-0.0261119,-0.0140556,0.00599219,0.0305325,0.326961,-0.0059921,0.199141,1.62403,
11.9881,16.8504,1.93891,0.967465,0.268219,-0.0542776,0.174871,0.681971,-0.0259657,-0.013809,0.00591885,0.0302753,0.326912,-0.0059361,0.199159,1.62379,
11.9866,16.8504,1.94148,0.967481,0.268195,-0.0542559,0.174827,0.681987,-0.0258196,-0.0135625,0.00584552,0.0300181,0.326864,-0.0058801,0.199177,1.62356,
11.985,16.8504,1.94404,0.967497,0.268171,-0.0542343,0.174784,0.682003,-0.0256734,-0.0133159,0.00577218,0.0297609,0.326815,-0.0058241,0.199195,1.62332,
11.9834,16.8504,1.94661,0.967514,0.268146,-0.0542125,0.174741,0.682019,-0.02556,-0.0131026,0.00569392,0.029549,0.326767,-0.00575931,0.199213,1.62309,
11.9819,16.8504,1.94918,0.96753,0.268121,-0.0541907,0.174698,0.682035,-0.025449,-0.0128917,0.0056153,0.0293405,0.326718,-0.00569387,0.199231,1.62285,
11.9803,16.8504,1.95174,0.967546,0.268096,-0.0541688,0.174655,0.682051,-0.025338,-0.0126808,0.00553668,0.029132,0.32667,-0.00562843,0.199249,1.62261,
11.9788,16.8504,1.95431,0.967562,0.268072,-0.054147,0.174612,0.682067,-0.0252271,-0.0124699,0.00545806,0.0289235,0.326621,-0.00556298,0.199267,1.62238,
11.9772,16.8504,1.95688,0.967579,0.268047,-0.0541252,0.174569,0.682083,-0.0251161,-0.0122591,0.00537944,0.028715,0.326572,-0.00549754,0.199285,1.62214,
11.9756,16.8504,1.95944,0.967595,0.268022,-0.0541034,0.174526,0.682099,-0.0250051,-0.0120482,0.00530082,0.0285065,0.326524,-0.0054321,0.199304,1.62191,
11.9741,16.8504,1.96201,0.967611,0.267998,-0.0540816,0.174484,0.682115,-0.0248941,-0.0118373,0.0052222,0.028298,0.326475,-0.00536666,0.199322,1.62167,
11.9725,16.8504,1.96457,0.967627,0.267973,-0.0540597,0.174441,0.682131,-0.0247831,-0.0116265,0.00514357,0.0280895,0.326427,-0.00530121,0.19934,1.62144,
11.971,16.8504,1.96714,0.967644,0.267948,-0.0540379,0.174398,0.682147,-0.0246721,-0.0114156,0.00506495,0.027881,0.326378,-0.00523577,0.199358,1.6212,
11.9694,16.8504,1.96971,0.96766,0.267924,-0.0540161,0.174355,0.682163,-0.0245611,-0.0112047,0.00498633,0.0276725,0.32633,-0.00517033,0.199376,1.62096,
11.9678,16.8504,1.97227,0.967676,0.267899,-0.0539943,0.174312,0.68218,-0.0244501,-0.0109939,0.00490771,0.027464,0.326281,-0.00510489,0.199394,1.62073,
11.9663,16.8504,1.97484,0.967692,0.267874,-0.0539725,0.174269,0.682196,-0.0243392,-0.010783,0.00482909,0.0272555,0.326233,-0.00503944,0.199413,1.62049,
11.9647,16.8504,1.9774,0.967709,0.267849,-0.0539506,0.174226,0.682212,-0.0242282,-0.0105721,0.00475047,0.027047,0.326184,-0.004974,0.199431,1.62026,
11.9632,16.8504,1.97997,0.967725,0.267825,-0.0539288,0.174184,0.682228,-0.0241172,-0.0103612,0.00467185,0.0268385,0.326136,-0.00490856,0.199449,1.62002,
11.9616,16.8504,1.98254,0.967741,0.2678,-0.053907,0.174141,0.682244,-0.0240062,-0.0101504,0.00459323,0.02663,0.326087,-0.00484312,0.199467,1.61979,
11.96,16.8504,1.9851,0.967758,0.267775,-0.0538852,0.174098,0.68226,-0.0238952,-0.0099395,0.00451461,0.0264215,0.326038,-0.00477767,0.199485,1.61955,
11.9585,16.8504,1.98767,0.967774,0.267751,-0.0538634,0.174055,0.682276,-0.0237842,-0.00972863,0.00443599,0.026213,0.32599,-0.00471223,0.199503,1.61931,
11.9569,16.8504,1.99024,0.96779,0.267726,-0.0538415,0.174012,0.682292,-0.0236732,-0.00951776,0.00435737,0.0260044,0.325941,-0.00464679,0.199521,1.61908,
11.9554,16.8504,1.9928,0.967806,0.267703,-0.0538205,0.173967,0.682307,-0.0234561,-0.00919782,0.00431752,0.0256544,0.325893,-0.00461016,0.199539,1.61884,
11.9538,16.8504,1.99537,0.967819,0.267685,-0.0538031,0.173912,0.68232,-0.0227642,-0.00839686,0.00444694,0.0246746,0.325844,-0.00470002,0.199555,1.61861,
11.9522,16.8504,1.99793,0.967835,0.267661,-0.0537819,0.173872,0.682336,-0.0224181,-0.00815946,0.00432175,0.0242472,0.325798,-0.00462315,0.199569,1.61838,
11.9507,16.8504,2.0005,0.967848,0.267641,-0.0537642,0.173831,0.682349,-0.021878,-0.00777844,0.0043463,0.0242975,0.325755,-0.00460411,0.199576,1.61817,
11.9491,16.8504,2.00307,0.967861,0.267622,-0.0537479,0.173789,0.682362,-0.021267,-0.0073448,0.0044257,0.0245227,0.325714,-0.00460625,0.199581,1.61797,
11.9476,16.8504,2.00563,0.967874,0.267603,-0.0537316,0.173748,0.682374,-0.0206559,-0.00691116,0.0045051,0.0247479,0.325672,-0.00460839,0.199586,1.61777,
11.946,16.8504,2.0082,0.967886,0.267584,-0.053715,0.173707,0.682387,-0.0200782,-0.00650422,0.00457074,0.0249263,0.32563,-0.0046152,0.199592,1.61756,
11.9444,16.8504,2.01076,0.967899,0.267564,-0.0536972,0.173664,0.6824,-0.0196189,-0.00619192,0.00458759,0.024939,0.325587,-0.00463857,0.1996,1.61735,
11.9429,16.8504,2.01333,0.967912,0.267543,-0.0536794,0.173622,0.682412,-0.0191595,-0.00587962,0.00460443,0.0249516,0.325543,-0.00466194,0.199608,1.61714,
11.9413,16.8504,2.0159,0.967925,0.267523,-0.0536616,0.173579,0.682425,-0.0187002,-0.00556731,0.00462128,0.0249642,0.3255,-0.00468531,0.199616,1.61693,
11.9398,16.8504,2.01846,0.967938,0.267503,-0.0536437,0.173536,0.682438,-0.0182408,-0.00525501,0.00463813,0.0249769,0.325456,-0.00470868,0.199624,1.61672,
11.9382,16.8504,2.02103,0.967951,0.267483,-0.0536259,0.173494,0.682451,-0.0177815,-0.00494271,0.00465497,0.0249895,0.325413,-0.00473205,0.199632,1.61651,
11.9366,16.8504,2.0236,0.967964,0.267463,-0.0536081,0.173451,0.682463,-0.0173221,-0.0046304,0.00467182,0.0250021,0.325369,-0.00475542,0.19964,1.61629,
11.9351,16.8504,2.02616,0.967977,0.267443,-0.0535903,0.173409,0.682476,-0.0168628,-0.0043181,0.00468867,0.0250148,0.325326,-0.00477879,0.199648,1.61608,
11.9335,16.8504,2.02873,0.96799,0.267423,-0.0535725,0.173366,0.682489,-0.0164034,-0.0040058,0.00470552,0.0250274,0.325283,-0.00480217,0.199656,1.61587,
11.932,16.8504,2.03129,0.968003,0.267403,-0.0535546,0.173324,0.682502,-0.0159441,-0.0036935,0.00472236,0.02504,0.325239,-0.00482554,0.199664,1.61566,
11.9304,16.8504,2.03386,0.968015,0.267383,-0.0535368,0.173281,0.682514,-0.0154847,-0.00338119,0.00473921,0.0250527,0.325196,-0.00484891,0.199672,1.61545,
11.9288,16.8504,2.03643,0.968028,0.267363,-0.053519,0.173239,0.682527,-0.0150254,-0.00306889,0.00475606,0.0250653,0.325152,-0.00487228,0.19968,1.61524,
11.9273,16.8504,2.03899,0.968041,0.267342,-0.0535012,0.173196,0.68254,-0.014566,-0.00275659,0.0047729,0.0250779,0.325109,-0.00489565,0.199688,1.61503,
11.9257,16.8504,2.04156,0.968054,0.267322,-0.0534834,0.173154,0.682552,-0.0141067,-0.00244429,0.00478975,0.0250906,0.325065,-0.00491902,0.199696,1.61481,
11.9242,16.8504,2.04412,0.968067,0.267302,-0.0534656,0.173111,0.682565,-0.0136473,-0.00213198,0.0048066,0.0251032,0.325022,-0.00494239,0.199704,1.6146,
11.9226,16.8504,2.04669,0.96808,0.267282,-0.0534477,0.173068,0.682578,-0.013188,-0.00181968,0.00482344,0.0251158,0.324978,-0.00496576,0.199712,1.61439,
11.921,16.8504,2.04926,0.968093,0.267262,-0.0534299,0.173026,0.682591,-0.0127286,-0.00150738,0.00484029,0.0251285,0.324935,-0.00498913,0.19972,1.61418,
11.9195,16.8504,2.05182,0.968106,0.267242,-0.0534121,0.172983,0.682603,-0.0122693,-0.00119508,0.00485714,0.0251411,0.324892,-0.0050125,0.199728,1.61397,
11.9179,16.8504,2.05439,0.968119,0.267222,-0.0533943,0.172941,0.682616,-0.0118099,-0.000882773,0.00487399,0.0251537,0.324848,-0.00503587,0.199736,1.61376,
11.9164,16.8504,2.05696,0.968132,0.267202,-0.0533765,0.172898,0.682629,-0.0113506,-0.00057047,0.00489083,0.0251663,0.324805,-0.00505924,0.199744,1.61355,
11.9148,16.8504,2.05952,0.968144,0.267182,-0.0533586,0.172856,0.682642,-0.0108912,-0.000258168,0.00490768,0.025179,0.324761,-0.00508261,0.199752,1.61333,
11.9132,16.8504,2.06209,0.968157,0.267161,-0.0533408,0.172813,0.682654,-0.0104319,5.41349e-05,0.00492453,0.0251916,0.324718,-0.00510598,0.199761,1.61312,
11.9117,16.8504,2.06465,0.96817,0.267141,-0.053323,0.172771,0.682667,-0.00997255,0.000366438,0.00494137,0.0252042,0.324674,-0.00512935,0.199769,1.61291,
11.9101,16.8504,2.06722,0.968183,0.267121,-0.0533052,0.172728,0.68268,-0.0095132,0.00067874,0.00495822,0.0252169,0.324631,-0.00515272,0.199777,1.6127,
11.9086,16.8504,2.06979,0.968196,0.267101,-0.0532874,0.172686,0.682693,-0.00905385,0.000991043,0.00497507,0.0252295,0.324588,-0.00517609,0.199785,1.61249,
11.907,16.8504,2.07235,0.968209,0.267081,-0.0532696,0.172643,0.682705,-0.00859451,0.00130335,0.00499192,0.0252421,0.324544,-0.00519946,0.199793,1.61228,
11.9054,16.8504,2.07492,0.968222,0.267061,-0.0532517,0.1726,0.682718,-0.00813516,0.00161565,0.00500876,0.0252548,0.324501,-0.00522283,0.199801,1.61206,
11.9039,16.8504,2.07748,0.968235,0.267041,-0.0532339,0.172558,0.682731,-0.00767581,0.00192795,0.00502561,0.0252674,0.324457,-0.0052462,0.199809,1.61185,
11.9023,16.8504,2.08005,0.968248,0.267021,-0.0532161,0.172515,0.682743,-0.00721646,0.00224025,0.00504246,0.02528,0.324414,-0.00526957,0.199817,1.61164,
11.9008,16.8504,2.08262,0.968261,0.267001,-0.0531983,0.172473,0.682756,-0.00675711,0.00255256,0.0050593,0.0252927,0.32437,-0.00529294,0.199825,1.61143,
11.8992,16.8504,2.08518,0.968273,0.26698,-0.0531805,0.17243,0.682769,-0.00629776,0.00286486,0.00507615,0.0253053,0.324327,-0.00531631,0.199833,1.61122,
11.8976,16.8504,2.08775,0.968286,0.26696,-0.0531626,0.172388,0.682782,-0.00583842,0.00317716,0.005093,0.0253179,0.324283,-0.00533968,0.199841,1.61101,
11.8961,16.8504,2.09032,0.968299,0.26694,-0.0531448,0.172345,0.682794,-0.00537907,0.00348946,0.00510985,0.0253306,0.32424,-0.00536306,0.199849,1.6108,
11.8945,16.8504,2.09288,0.968312,0.26692,-0.053127,0.172303,0.682807,-0.00491972,0.00380177,0.00512669,0.0253432,0.324197,-0.00538643,0.199857,1.61058,
11.893,16.8504,2.09545,0.968325,0.2669,-0.0531092,0.17226,0.68282,-0.00446037,0.00411407,0.00514354,0.0253558,0.324153,-0.0054098,0.199865,1.61037,
11.8914,16.8504,2.09801,0.968338,0.26688,-0.0530914,0.172217,0.682833,-0.00400102,0.00442637,0.00516039,0.0253685,0.32411,-0.00543317,0.199873,1.61016,
11.8898,16.8504,2.10058,0.968351,0.26686,-0.0530736,0.172175,0.682845,-0.00354167,0.00473867,0.00517723,0.0253811,0.324066,-0.00545654,0.199881,1.60995,
11.8883,16.8504,2.10315,0.968364,0.26684,-0.0530557,0.172132,0.682858,-0.00308233,0.00505098,0.00519408,0.0253937,0.324023,-0.00547991,0.199889,1.60974,
11.8867,16.8504,2.10571,0.968377,0.26682,-0.0530379,0.17209,0.682871,-0.00262298,0.00536328,0.00521093,0.0254063,0.323979,-0.00550328,0.199897,1.60953,
11.8852,16.8504,2.10828,0.96839,0.2668,-0.0530201,0.172047,0.682884,-0.00216363,0.00567558,0.00522778,0.025419,0.323936,-0.00552665,0.199905,1.60931,
11.8836,16.8504,2.11084,0.968403,0.266779,-0.0530023,0.172005,0.682896,-0.00170428,0.00598789,0.00524462,0.0254316,0.323893,-0.00555002,0.199913,1.6091,
11.882,16.8504,2.11341,0.968415,0.266759,-0.0529845,0.171962,0.682909,-0.00124493,0.00630019,0.00526147,0.0254442,0.323849,-0.00557339,0.199921,1.60889,
11.8805,16.8504,2.11598,0.968428,0.266739,-0.0529667,0.17192,0.682922,-0.000785585,0.00661249,0.00527832,0.0254569,0.323806,-0.00559676,0.19993,1.60868,
11.8789,16.8504,2.11854,0.968441,0.266719,-0.0529488,0.171877,0.682934,-0.000326236,0.00692479,0.00529516,0.0254695,0.323762,-0.00562013,0.199938,1.60847,
11.8774,16.8504,2.12111,0.968454,0.266699,-0.052931,0.171835,0.682947,0.000133112,0.0072371,0.00531201,0.0254821,0.323719,-0.0056435,0.199946,1.60826,
11.8758,16.8504,2.12368,0.968467,0.266679,-0.0529132,0.171792,0.68296,0.00059246,0.0075494,0.00532886,0.0254948,0.323675,-0.00566687,0.199954,1.60805,
11.8742,16.8504,2.12624,0.96848,0.266659,-0.0528954,0.171749,0.682973,0.00105181,0.0078617,0.0053457,0.0255074,0.323632,-0.00569024,0.199962,1.60783,
11.8727,16.8504,2.12881,0.968493,0.266639,-0.0528776,0.171707,0.682985,0.00151116,0.008174,0.00536255,0.02552,0.323588,-0.00571361,0.19997,1.60762,
11.8711,16.8504,2.13137,0.968506,0.266619,-0.0528597,0.171664,0.682998,0.00197051,0.00848631,0.0053794,0.0255327,0.323545,-0.00573698,0.199978,1.60741,
11.8696,16.8504,2.13394,0.968519,0.266598,-0.0528419,0.171622,0.683011,0.00242985,0.00879861,0.00539625,0.0255453,0.323502,-0.00576035,0.199986,1.6072,
11.868,16.8504,2.13651,0.968531,0.266578,-0.0528241,0.171579,0.683024,0.0028892,0.00911091,0.00541309,0.0255579,0.323458,-0.00578372,0.199994,1.60699,
11.8664,16.8504,2.13907,0.968544,0.266558,-0.0528063,0.171537,0.683036,0.00334855,0.00942321,0.00542994,0.0255706,0.323415,-0.00580709,0.200002,1.60678,
11.8649,16.8504,2.14164,0.968557,0.266538,-0.0527885,0.171494,0.683049,0.0038079,0.00973552,0.00544679,0.0255832,0.323371,-0.00583046,0.20001,1.60656,
11.8633,16.8504,2.1442,0.96857,0.266518,-0.0527707,0.171452,0.683062,0.00426725,0.0100478,0.00546363,0.0255958,0.323328,-0.00585383,0.200018,1.60635,
11.8618,16.8504,2.14677,0.968583,0.266498,-0.0527528,0.171409,0.683074,0.0047266,0.0103601,0.00548048,0.0256085,0.323284,-0.0058772,0.200026,1.60614,
11.8602,16.8504,2.14934,0.968596,0.266478,-0.052735,0.171367,0.683087,0.00518594,0.0106724,0.00549733,0.0256211,0.323241,-0.00590057,0.200034,1.60593,
11.8586,16.8504,2.1519,0.968609,0.266458,-0.0527172,0.171324,0.6831,0.00564529,0.0109847,0.00551418,0.0256337,0.323198,-0.00592394,0.200042,1.60572,
11.8571,16.8504,2.15447,0.968622,0.266438,-0.0526994,0.171281,0.683113,0.00610464,0.011297,0.00553102,0.0256463,0.323154,-0.00594732,0.20005,1.60551,
11.8555,16.8504,2.15704,0.968635,0.266418,-0.0526816,0.171239,0.683125,0.00656399,0.0116093,0.00554787,0.025659,0.323111,-0.00597069,0.200058,1.6053,
11.854,16.8504,2.1596,0.968648,0.266397,-0.0526637,0.171196,0.683138,0.00702334,0.0119216,0.00556472,0.0256716,0.323067,-0.00599406,0.200066,1.60508,
11.8524,16.8504,2.16217,0.968661,0.266377,-0.0526459,0.171154,0.683151,0.00748268,0.0122339,0.00558156,0.0256842,0.323024,-0.00601743,0.200074,1.60487,
11.8509,16.8504,2.16473,0.968673,0.266357,-0.0526281,0.171111,0.683164,0.00794203,0.0125462,0.00559841,0.0256969,0.32298,-0.0060408,0.200082,1.60466,
11.8493,16.8504,2.1673,0.968686,0.266337,-0.0526103,0.171069,0.683176,0.00840138,0.0128585,0.00561526,0.0257095,0.322937,-0.00606417,0.20009,1.60445,
11.8477,16.8504,2.16987,0.968699,0.266317,-0.0525925,0.171026,0.683189,0.00886073,0.0131708,0.00563211,0.0257221,0.322893,-0.00608754,0.200099,1.60424,
11.8462,16.8504,2.17243,0.968712,0.266297,-0.0525747,0.170984,0.683202,0.00932008,0.0134831,0.00564895,0.0257348,0.32285,-0.00611091,0.200107,1.60403,
11.8446,16.8504,2.175,0.968725,0.266277,-0.0525568,0.170941,0.683215,0.00977943,0.0137955,0.0056658,0.0257474,0.322807,-0.00613428,0.200115,1.60382,
11.8431,16.8504,2.17756,0.968738,0.266257,-0.052539,0.170898,0.683227,0.0102388,0.0141078,0.00568265,0.02576,0.322763,-0.00615765,0.200123,1.6036,
11.8415,16.8504,2.18013,0.968751,0.266237,-0.0525212,0.170856,0.68324,0.0106981,0.0144201,0.00569949,0.0257727,0.32272,-0.00618102,0.200131,1.60339,
11.8399,16.8504,2.1827,0.968764,0.266216,-0.0525034,0.170813,0.683253,0.0111575,0.0147324,0.00571634,0.0257853,0.322676,-0.00620439,0.200139,1.60318,
11.8384,16.8504,2.18526,0.968777,0.266196,-0.0524856,0.170771,0.683265,0.0116168,0.0150447,0.00573319,0.0257979,0.322633,-0.00622776,0.200147,1.60297,
11.8368,16.8504,2.18783,0.96879,0.266176,-0.0524677,0.170728,0.683278,0.0120762,0.015357,0.00575004,0.0258106,0.322589,-0.00625113,0.200155,1.60276,
11.8353,16.8504,2.1904,0.968802,0.266156,-0.0524499,0.170686,0.683291,0.0125355,0.0156693,0.00576688,0.0258232,0.322546,-0.0062745,0.200163,1.60255,
11.8337,16.8504,2.19296,0.968815,0.266136,-0.0524321,0.170643,0.683304,0.0129949,0.0159816,0.00578373,0.0258358,0.322503,-0.00629787,0.200171,1.60233,
11.8321,16.8504,2.19553,0.968828,0.266116,-0.0524143,0.170601,0.683316,0.0134542,0.0162939,0.00580058,0.0258484,0.322459,-0.00632124,0.200179,1.60212,
11.8306,16.8504,2.19809,0.968841,0.266096,-0.0523965,0.170558,0.683329,0.0139136,0.0166062,0.00581742,0.0258611,0.322416,-0.00634461,0.200187,1.60191,
11.829,16.8504,2.20066,0.968854,0.266076,-0.0523787,0.170516,0.683342,0.0143729,0.0169185,0.00583427,0.0258737,0.322372,-0.00636798,0.200195,1.6017,
11.8275,16.8504,2.20323,0.968867,0.266056,-0.0523608,0.170473,0.683355,0.0148323,0.0172308,0.00585112,0.0258863,0.322329,-0.00639135,0.200203,1.60149,
11.8259,16.8504,2.20579,0.96888,0.266035,-0.052343,0.17043,0.683367,0.0152916,0.0175431,0.00586797,0.025899,0.322285,-0.00641472,0.200211,1.60128,
11.8243,16.8504,2.20836,0.968893,0.266015,-0.0523252,0.170388,0.68338,0.015751,0.0178554,0.00588481,0.0259116,0.322242,-0.00643809,0.200219,1.60107,
11.8228,16.8504,2.21092,0.968906,0.265995,-0.0523074,0.170345,0.683393,0.0162103,0.0181677,0.00590166,0.0259242,0.322198,-0.00646146,0.200227,1.60085,
11.8212,16.8504,2.21349,0.968919,0.265975,-0.0522896,0.170303,0.683406,0.0166697,0.01848,0.00591851,0.0259369,0.322155,-0.00648483,0.200235,1.60064,
11.8197,16.8504,2.21606,0.968932,0.265955,-0.0522727,0.170262,0.683419,0.0169476,0.01865,0.00597113,0.0260401,0.322112,-0.00647049,0.200237,1.60044,
11.8181,16.8504,2.21862,0.968945,0.265934,-0.0522565,0.170223,0.683432,0.0170945,0.0187174,0.00604958,0.0262087,0.322071,-0.00642892,0.200235,1.60023,
11.8165,16.8504,2.22119,0.968959,0.265913,-0.0522404,0.170183,0.683445,0.0172414,0.0187847,0.00612804,0.0263773,0.322029,-0.00638735,0.200233,1.60003,
11.815,16.8504,2.22376,0.968973,0.265892,-0.0522242,0.170144,0.683459,0.0173883,0.0188521,0.00620649,0.0265459,0.321987,-0.00634578,0.200231,1.59982,
11.8134,16.8504,2.22632,0.968986,0.265872,-0.052208,0.170104,0.683472,0.0175353,0.0189194,0.00628495,0.0267146,0.321945,-0.00630421,0.200229,1.59962,
11.8119,16.8504,2.22889,0.969,0.265851,-0.0521919,0.170064,0.683486,0.0176822,0.0189867,0.0063634,0.0268832,0.321903,-0.00626263,0.200226,1.59941,
11.8103,16.8504,2.23145,0.969013,0.26583,-0.0521757,0.170025,0.683499,0.0178291,0.0190541,0.00644186,0.0270518,0.321861,-0.00622106,0.200224,1.59921,
11.8087,16.8504,2.23402,0.969027,0.265809,-0.0521595,0.169985,0.683512,0.017976,0.0191214,0.00652031,0.0272204,0.321819,-0.00617949,0.200222,1.59901,
11.8072,16.8504,2.23659,0.96904,0.265789,-0.0521434,0.169946,0.683526,0.0181229,0.0191888,0.00659877,0.0273891,0.321777,-0.00613792,0.20022,1.5988,
11.8056,16.8504,2.23915,0.969054,0.265768,-0.0521272,0.169906,0.683539,0.0182699,0.0192561,0.00667722,0.0275577,0.321735,-0.00609635,0.200218,1.5986,
11.8041,16.8504,2.24172,0.969068,0.265747,-0.052111,0.169867,0.683552,0.0184168,0.0193234,0.00675568,0.0277263,0.321693,-0.00605477,0.200215,1.59839,
11.8025,16.8504,2.24428,0.969081,0.265726,-0.0520948,0.169827,0.683566,0.0185637,0.0193908,0.00683413,0.0278949,0.321651,-0.0060132,0.200213,1.59819,
11.8009,16.8504,2.24685,0.969095,0.265706,-0.0520787,0.169788,0.683579,0.0187106,0.0194581,0.00691259,0.0280635,0.321609,-0.00597163,0.200211,1.59799,
11.7994,16.8504,2.24942,0.969108,0.265685,-0.0520625,0.169748,0.683593,0.0188576,0.0195255,0.00699104,0.0282322,0.321567,-0.00593006,0.200209,1.59778,
11.7978,16.8504,2.25198,0.969122,0.265664,-0.0520463,0.169709,0.683606,0.0190045,0.0195928,0.0070695,0.0284008,0.321525,-0.00588849,0.200207,1.59758,
11.7963,16.8504,2.25455,0.969135,0.265644,-0.0520302,0.169669,0.683619,0.0191514,0.0196602,0.00714795,0.0285694,0.321483,-0.00584691,0.200204,1.59737,
11.7947,16.8504,2.25712,0.969149,0.265623,-0.052014,0.16963,0.683633,0.0192983,0.0197275,0.00722641,0.028738,0.321441,-0.00580534,0.200202,1.59717,
11.7931,16.8504,2.25968,0.969163,0.265602,-0.0519978,0.16959,0.683646,0.0194452,0.0197948,0.00730486,0.0289067,0.321399,-0.00576377,0.2002,1.59697,
11.7916,16.8504,2.26225,0.969176,0.265581,-0.0519817,0.169551,0.683659,0.0195922,0.0198622,0.00738332,0.0290753,0.321357,-0.0057222,0.200198,1.59676,
11.79,16.8504,2.26481,0.96919,0.265561,-0.0519655,0.169511,0.683673,0.0197391,0.0199295,0.00746177,0.0292439,0.321315,-0.00568063,0.200196,1.59656,
11.7885,16.8504,2.26738,0.969203,0.26554,-0.0519493,0.169472,0.683686,0.019886,0.0199969,0.00754023,0.0294125,0.321273,-0.00563905,0.200193,1.59635,
11.7869,16.8504,2.26995,0.969217,0.265519,-0.0519332,0.169432,0.6837,0.0200329,0.0200642,0.00761868,0.0295811,0.321231,-0.00559748,0.200191,1.59615,
11.7853,16.8504,2.27251,0.96923,0.265498,-0.051917,0.169393,0.683713,0.0201798,0.0201315,0.00769714,0.0297498,0.321189,-0.00555591,0.200189,1.59595,
11.7838,16.8504,2.27508,0.969244,0.265478,-0.0519008,0.169353,0.683726,0.0203268,0.0201989,0.00777559,0.0299184,0.321148,-0.00551434,0.200187,1.59574,
11.7822,16.8504,2.27764,0.969258,0.265457,-0.0518846,0.169314,0.68374,0.0204737,0.0202662,0.00785405,0.030087,0.321106,-0.00547277,0.200185,1.59554,
11.7807,16.8504,2.28021,0.969271,0.265436,-0.0518685,0.169274,0.683753,0.0206206,0.0203336,0.0079325,0.0302556,0.321064,-0.00543119,0.200182,1.59533,
11.7791,16.8504,2.28278,0.969285,0.265415,-0.0518523,0.169235,0.683767,0.0207675,0.0204009,0.00801096,0.0304243,0.321022,-0.00538962,0.20018,1.59513,
11.7775,16.8504,2.28534,0.969298,0.265395,-0.0518361,0.169195,0.68378,0.0209145,0.0204682,0.00808941,0.0305929,0.32098,-0.00534805,0.200178,1.59493,
11.776,16.8504,2.28791,0.969312,0.265374,-0.05182,0.169156,0.683793,0.0210614,0.0205356,0.00816787,0.0307615,0.320938,-0.00530648,0.200176,1.59472,
11.7744,16.8504,2.29048,0.969325,0.265353,-0.0518038,0.169116,0.683807,0.0212083,0.0206029,0.00824632,0.0309301,0.320896,-0.00526491,0.200174,1.59452,
11.7729,16.8504,2.29304,0.969339,0.265332,-0.0517876,0.169077,0.68382,0.0213552,0.0206703,0.00832477,0.0310987,0.320854,-0.00522333,0.200171,1.59431,
11.7713,16.8504,2.29561,0.969353,0.265312,-0.0517715,0.169037,0.683833,0.0215021,0.0207376,0.00840323,0.0312674,0.320812,-0.00518176,0.200169,1.59411,
11.7697,16.8504,2.29817,0.969366,0.265291,-0.0517553,0.168998,0.683847,0.0216491,0.0208049,0.00848169,0.031436,0.32077,-0.00514019,0.200167,1.59391,
11.7682,16.8504,2.30074,0.96938,0.26527,-0.0517391,0.168958,0.68386,0.021796,0.0208723,0.00856014,0.0316046,0.320728,-0.00509862,0.200165,1.5937,
11.7666,16.8504,2.30331,0.969393,0.265249,-0.051723,0.168919,0.683874,0.0219429,0.0209396,0.00863859,0.0317732,0.320686,-0.00505705,0.200163,1.5935,
11.7651,16.8504,2.30587,0.969407,0.265229,-0.0517068,0.168879,0.683887,0.0220898,0.021007,0.00871705,0.0319418,0.320644,-0.00501547,0.20016,1.59329,
11.7635,16.8504,2.30844,0.96942,0.265208,-0.0516906,0.16884,0.6839,0.0222367,0.0210743,0.0087955,0.0321105,0.320602,-0.0049739,0.200158,1.59309,
11.7619,16.8504,2.311,0.969434,0.265187,-0.0516744,0.1688,0.683914,0.0223837,0.0211416,0.00887396,0.0322791,0.32056,-0.00493233,0.200156,1.59289,
11.7604,16.8504,2.31357,0.969448,0.265166,-0.0516583,0.168761,0.683927,0.0225306,0.021209,0.00895241,0.0324477,0.320518,-0.00489076,0.200154,1.59268,
11.7588,16.8504,2.31614,0.969461,0.265146,-0.0516421,0.168721,0.683941,0.0226775,0.0212763,0.00903087,0.0326163,0.320476,-0.00484919,0.200152,1.59248,
11.7573,16.8504,2.3187,0.969475,0.265125,-0.0516259,0.168682,0.683954,0.0228244,0.0213437,0.00910932,0.032785,0.320434,-0.00480761,0.200149,1.59227,
11.7557,16.8504,2.32127,0.969488,0.265104,-0.0516098,0.168642,0.683967,0.0229714,0.021411,0.00918778,0.0329536,0.320392,-0.00476604,0.200147,1.59207,
11.7541,16.8504,2.32384,0.969502,0.265083,-0.0515936,0.168603,0.683981,0.0231183,0.0214783,0.00926623,0.0331222,0.32035,-0.00472447,0.200145,1.59187,
11.7526,16.8504,2.3264,0.969515,0.265063,-0.0515774,0.168563,0.683994,0.0232652,0.0215457,0.00934469,0.0332908,0.320308,-0.0046829,0.200143,1.59166,
11.751,16.8504,2.32897,0.969529,0.265042,-0.0515613,0.168524,0.684007,0.0234121,0.021613,0.00942314,0.0334594,0.320266,-0.00464133,0.200141,1.59146,
11.7495,16.8504,2.33153,0.969543,0.265021,-0.0515451,0.168484,0.684021,0.023559,0.0216804,0.0095016,0.0336281,0.320225,-0.00459975,0.200138,1.59125,
11.7479,16.8504,2.3341,0.969556,0.265,-0.0515289,0.168445,0.684034,0.023706,0.0217477,0.00958005,0.0337967,0.320183,-0.00455818,0.200136,1.59105,
11.7463,16.8504,2.33667,0.96957,0.26498,-0.0515128,0.168405,0.684048,0.0238529,0.021815,0.00965851,0.0339653,0.320141,-0.00451661,0.200134,1.59084,
11.7448,16.8504,2.33923,0.969583,0.264959,-0.0514966,0.168366,0.684061,0.0239998,0.0218824,0.00973696,0.0341339,0.320099,-0.00447504,0.200132,1.59064,
11.7432,16.8504,2.3418,0.969597,0.264938,-0.0514804,0.168326,0.684074,0.0241467,0.0219497,0.00981542,0.0343026,0.320057,-0.00443347,0.20013,1.59044,
11.7417,16.8504,2.34436,0.96961,0.264917,-0.0514642,0.168287,0.684088,0.0242936,0.0220171,0.00989387,0.0344712,0.320015,-0.00439189,0.200127,1.59023,
11.7401,16.8504,2.34693,0.969624,0.264897,-0.0514481,0.168247,0.684101,0.0244406,0.0220844,0.00997233,0.0346398,0.319973,-0.00435032,0.200125,1.59003,
11.7385,16.8504,2.3495,0.969638,0.264876,-0.0514319,0.168207,0.684115,0.0245875,0.0221517,0.0100508,0.0348084,0.319931,-0.00430875,0.200123,1.58982,
11.737,16.8504,2.35206,0.969651,0.264855,-0.0514157,0.168168,0.684128,0.0247344,0.0222191,0.0101292,0.034977,0.319889,-0.00426718,0.200121,1.58962,
11.7354,16.8504,2.35463,0.969665,0.264835,-0.0513996,0.168128,0.684141,0.0248813,0.0222864,0.0102077,0.0351457,0.319847,-0.00422561,0.200118,1.58942,
11.7339,16.8504,2.3572,0.969678,0.264814,-0.0513834,0.168089,0.684155,0.0250282,0.0223538,0.0102861,0.0353143,0.319805,-0.00418403,0.200116,1.58921,
11.7323,16.8504,2.35976,0.969692,0.264793,-0.0513672,0.168049,0.684168,0.0251752,0.0224211,0.0103646,0.0354829,0.319763,-0.00414246,0.200114,1.58901,
11.7307,16.8504,2.36233,0.969705,0.264772,-0.0513511,0.16801,0.684181,0.0253221,0.0224884,0.0104431,0.0356515,0.319721,-0.00410089,0.200112,1.5888,
11.7292,16.8504,2.36489,0.969719,0.264752,-0.0513349,0.16797,0.684195,0.025469,0.0225558,0.0105215,0.0358201,0.319679,-0.00405932,0.20011,1.5886,
11.7276,16.8504,2.36746,0.969733,0.264731,-0.0513187,0.167931,0.684208,0.0256159,0.0226231,0.0106,0.0359888,0.319637,-0.00401775,0.200107,1.5884,
11.7261,16.8504,2.37003,0.969746,0.26471,-0.0513025,0.167891,0.684222,0.0257629,0.0226905,0.0106784,0.0361574,0.319595,-0.00397617,0.200105,1.58819,
11.7245,16.8504,2.37259,0.96976,0.264689,-0.0512864,0.167852,0.684235,0.0259098,0.0227578,0.0107569,0.036326,0.319553,-0.0039346,0.200103,1.58799,
11.7229,16.8504,2.37516,0.969773,0.264669,-0.0512702,0.167812,0.684248,0.0260567,0.0228251,0.0108353,0.0364946,0.319511,-0.00389303,0.200101,1.58778,
11.7214,16.8504,2.37772,0.969787,0.264648,-0.051254,0.167773,0.684262,0.0262036,0.0228925,0.0109138,0.0366633,0.319469,-0.00385146,0.200099,1.58758,
11.7198,16.8504,2.38029,0.9698,0.264627,-0.0512379,0.167733,0.684275,0.0263505,0.0229598,0.0109922,0.0368319,0.319427,-0.00380989,0.200096,1.58738,
11.7183,16.8504,2.38286,0.969814,0.264606,-0.0512217,0.167694,0.684289,0.0264975,0.0230272,0.0110707,0.0370005,0.319385,-0.00376831,0.200094,1.58717,
11.7167,16.8504,2.38542,0.969828,0.264586,-0.0512055,0.167654,0.684302,0.0266444,0.0230945,0.0111492,0.0371691,0.319344,-0.00372674,0.200092,1.58697,
11.7151,16.8504,2.38799,0.969841,0.264565,-0.0511894,0.167615,0.684315,0.0267913,0.0231618,0.0112276,0.0373377,0.319302,-0.00368517,0.20009,1.58676,
11.7136,16.8504,2.39056,0.969855,0.264544,-0.0511732,0.167575,0.684329,0.0269382,0.0232292,0.0113061,0.0375064,0.31926,-0.0036436,0.200088,1.58656,
11.712,16.8504,2.39312,0.969868,0.264523,-0.051157,0.167536,0.684342,0.0270851,0.0232965,0.0113845,0.037675,0.319218,-0.00360203,0.200085,1.58636,
11.7105,16.8504,2.39569,0.969882,0.264503,-0.0511409,0.167496,0.684355,0.0272321,0.0233639,0.011463,0.0378436,0.319176,-0.00356045,0.200083,1.58615,
11.7089,16.8504,2.39825,0.969895,0.264482,-0.0511247,0.167457,0.684369,0.027379,0.0234312,0.0115414,0.0380122,0.319134,-0.00351888,0.200081,1.58595,
11.7074,16.8504,2.40082,0.969909,0.264461,-0.0511085,0.167417,0.684382,0.0275259,0.0234986,0.0116199,0.0381809,0.319092,-0.00347731,0.200079,1.58574,
11.7058,16.8504,2.40339,0.969923,0.26444,-0.0510923,0.167378,0.684396,0.0276728,0.0235659,0.0116983,0.0383495,0.31905,-0.00343574,0.200077,1.58554,
11.7042,16.8504,2.40595,0.969936,0.26442,-0.0510762,0.167338,0.684409,0.0278198,0.0236332,0.0117768,0.0385181,0.319008,-0.00339417,0.200074,1.58534,
11.7027,16.8504,2.40852,0.96995,0.264399,-0.05106,0.167299,0.684422,0.0279667,0.0237006,0.0118552,0.0386867,0.318966,-0.0033526,0.200072,1.58513,
11.7011,16.8504,2.41108,0.969963,0.264378,-0.0510438,0.167259,0.684436,0.0281136,0.0237679,0.0119337,0.0388553,0.318924,-0.00331102,0.20007,1.58493,
11.6996,16.8504,2.41365,0.969977,0.264357,-0.0510277,0.16722,0.684449,0.0282605,0.0238353,0.0120122,0.039024,0.318882,-0.00326945,0.200068,1.58472,
11.698,16.8504,2.41622,0.96999,0.264337,-0.0510115,0.16718,0.684462,0.0284074,0.0239026,0.0120906,0.0391926,0.31884,-0.00322788,0.200066,1.58452,
11.6964,16.8504,2.41878,0.970004,0.264316,-0.0509953,0.167141,0.684476,0.0285544,0.0239699,0.0121691,0.0393612,0.318798,-0.00318631,0.200063,1.58432,
11.6949,16.8504,2.42135,0.970018,0.264295,-0.0509792,0.167101,0.684489,0.0287013,0.0240373,0.0122475,0.0395298,0.318756,-0.00314474,0.200061,1.58411,

